reviewerID,graph_degree,graph_weighted_degree
AKC6SGNF2K5GB,10,31
A1CAY4J3AXLNY,8,28
ATFPY92TCF5DG,24,72
A1BHHYCGFSPFJD,1,3
AK51N2OCNGWG4,8,24
A2EV716LRUX4JX,4,12
A1IE9Y28DX6TWN,102,306
A1786LAQ18LHDC,874,2765
A1OUHXML50BP7K,800,2407
AX0E3UPGD9RCU,159,489
A1RZ4VH27NLDGS,1,3
A1NA7T75JQ6QBW,7,21
A1FAPTFNZRY7ZN,30,90
A2DVO77B8AS3PD,1755,7022
A385MPHBDT1PN1,4,14
ARMR7ERIBGFXU,39,120
A1IL0PS2XJB4NS,6,18
A2WTMGG87N77I2,7,21
A2KWS0YKEZXPFU,3,9
A2GLR2Q3M1PC7P,9,27
A22UUWEZDOFDIC,793,2382
A1G4I58D5IFIUO,1,3
A344DRNBI67RDR,794,2384
A3085444DY0HZX,2,6
A3G5BIFX6VS1OP,211,642
AEFWNF81SPQQ9,3,9
A3RNSNX05SJUXK,1,3
A1RX6YBP2A7PMB,1,3
A2ISDNUSCLB1ZL,47,141
AUWZBKOQ7PWWU,41,127
A3V14K81PDSJV4,1,3
A1NLKG9UYMCXRM,37,116
A129UKDJUW5VSZ,57,178
A2NTRRRGTLCNLJ,924,2788
A3536XSKF3H1P5,4,12
ALS4HISL3JOZ1,1,5
A1IIZFJ6YMKKZ7,24,72
A24BHK8SGOULMG,2,8
A3NK85H3CNIZ60,1755,7049
A2NP4ZL1ROZNG0,1,3
A3LWG3HC2N797Q,1,3
A1Y3VMAQCOCDTJ,6,18
A3DDP9K75T5J2Q,51,158
A3NEN8FB3DTTUY,1,3
AQELFWN5WZI0M,1,3
AKG3LIVG078SA,15,45
A27VO3III2JX4X,2,6
A1V1XYVN6XK1QC,2,6
A90CIOTD991AX,2,6
A1HLGWLMALVMD,1,3
A21GGQ4SCXREA1,86,258
A312AO42BOJAC,1755,7071
A1ZMGCDOIJHX65,35,113
A2X449RA8YXYIB,1755,7047
A3HJN7AGCAOSLN,1,3
A1LI5WAYKDB8WQ,83,319
AH2RIMWBQPFDZ,812,2448
AUMHC6475331C,9,28
A35RJ9LS5KU4F6,802,2418
A2MINNDMBOFW1K,2,6
A2B1OM6AN53PKQ,17,51
AFUPVXZ0BX3B4,2,6
A1WD8RFNIGRPDH,3,9
A2URA7LASJ0C7Y,1,3
ADEBIGOBC3XBA,6,19
A1YP96MT6W9FTB,1007,3209
AL4EUF2QG2SMO,1,3
A25XL8UZTEHF28,33,99
A340EP2V92ZJN4,1,3
AG1XBMP4T1GG3,24,72
A13RFXG1TMARWP,1,3
A1679K3KHL044,1807,7555
A2JSNBG0431TLK,2,6
A30H8ACW807Q2F,5,17
A1274QVFP1YDOS,1,3
A3MWTZW5DJ66FJ,4,12
A2E3D6W7MW0WX7,55,175
A25YV0U6DPMI,1,3
A39OL6AMT66V22,3,9
A53WH11OG8460,1755,7053
AJGU85XSP3W73,3,9
A35E2EJDL15959,1,3
A3M1IRV6QD7D0R,130,396
A2YTKPGZXFFKVK,56,169
A13K24WCGUS1T0,41,124
ASK39P2ML4Z8K,1,3
A1A2A13UPUH0NA,1,3
AP3B5LE2NMX6E,1,3
A3G7QXZIEJZXZJ,2,6
AS1O50NFU0MIR,6,18
A3C3CUMLWEEELB,1755,7061
A1IB6UHJ8UYY9C,2,6
A1DZOH0PEBV4L6,808,2449
A3SGZO3N7MXKPV,1756,7174
AR56BNG2FYGSV,1,3
A29UYZYDJL2WA3,2,6
A1Y1U0QSS9Q6W,4,12
A28CSL4TCEQH0K,19,58
A39YF4VJNF5LNI,5,15
A2Y2CWQCT8XZKU,6,18
A362IZKSMV6MA8,18,56
A304F84X1G0CIY,97,297
AWOS8V27EW0YB,1,3
A38VGM7OSKUVMD,1,3
A2NJHD60WRTOW7,1,3
A1IJUUNPU7L6LA,15,49
A17MVXR7VUD1DL,2,6
A2KZ0VI3C143T7,2,6
A2CTOXAMRF8JWE,6,18
A3Q7KYCSBHM93M,1,3
A1ZMEZB7995IPD,3,10
AYGC8JJ2UT2IE,1755,7068
AHJF4YJ2KZ150,1,3
A12752HRLFJZKW,4,13
AN2SCJ9PDVBIK,1755,7030
A19777EFL2WG1V,1,3
A2MEN74OQVUP2B,53,170
A9H2HZ5NOVPSM,167,515
A24F7ZWBB2FXCC,7,22
A3FHFDJZXEF7UB,2,7
A39CSB9PQNGUUR,3,9
A2YTKZ74EL72YV,9,27
A1DIWCFB56PKJG,2,6
A3JUQ2E799OC5B,1,3
A3VKMNFP3J4BRB,24,72
A3ARFQW9KHBOJI,1756,7087
AS6CJHDX5DX20,2,7
A1R1F7IOPSLMD,14,45
A2U4ODZJDKQCXC,1,3
A24Z0TLWP8FXGV,10,32
A1CID1IQT8Z1H7,1824,7560
AQ7BGREY7SUO2,2,6
A2OW053G3WDH1W,3,9
A22X5FW99378T1,3,9
A2LGQZ5V6BJ6VV,4,13
A36P367G4ZH6Z0,77,251
AABU584WKQ728,12,39
A1HJ1H7EIPFBRK,183,566
A3SGO99DAZLV88,4,13
A4KJGUPWAYMV2,3,9
A1EW0EDDWR7XPM,1,3
A1VVRA3P6G1TWH,2,6
A1FMIHVEQZKGUM,1,3
A2HYNN8YMC76KD,2,6
A2K3G2TSY1IIU6,2,6
A2WV9MAEV6I3R4,799,2399
A30IOJSJ5NQUNL,281,864
A1GJ2XY3XR52VR,1,3
A18X2ITJA1ALX7,9,28
A7DNERCNQB3QQ,463,1511
A18S0DYNP4ILET,4,13
A2R3XX6JB0X881,1755,7025
AGIFQISOUTQTG,40,127
A2R0CUIYGZHREE,1,3
A3MXM2XRND7DZQ,2,6
A8XVMUX2312NQ,8,24
A1IUYZ4WNT9IZD,2,6
A3VEF8XTN80ZI8,57,172
A2KMD1LKAC1101,1755,7026
A3110ISCEMT08A,2,6
AD5BPF77WIZ20,4,13
A3OD3X7Z2670QX,1,3
A1DHHN3QOPPQ44,1,3
A397LZKHZ3R5GZ,32,96
ACPPZCRBCC1AF,20,63
A36OSNJ4YJSGEP,21,66
A9UIA5O4PQ4PH,1,3
A24XLUTIMFYYQJ,10,31
A33J9T7O4EGP48,190,576
ANQH883NMV4R,5,15
A1Y1904S7EAGFT,1,3
A2RM9L2MM9EQVE,6,19
A11CWTL262NNNY,1755,7067
ASJ1ZARVUTIIN,13,40
A2WNP8ORJ21KPF,5,15
A2HDEN9SPBWC5I,2,6
A3PLSCU4OJMX1,9,28
A1CSJRACLWUCYN,127,390
A34OC8NCVFNMHM,197,620
A2TI5CNYJ7VI6L,1755,7020
A3QB1I9RPW6CQZ,827,2508
A1A0AQPEG6QV58,3,9
A3IXRCOW0RISAL,3,9
A2L80T3KY3KA00,2,6
A2UL6QSKQG9U68,8,24
A39E4UTWD78ZUN,3,9
AJWMH0LWU26X5,799,2411
A12GLBE0R1UE48,1,3
A2A349KXZQ2Z6,23,71
A1OV5INAL7YGMZ,198,599
A3GLJXVN26CBHX,2,6
A1JQ3IZ81XS8LO,29,89
A3KJK9UTM8RFNZ,2,6
A8FAMHJNLHBJU,11,35
A1VWHAGB0F89OK,8,24
A2NSOVBUTW7HB1,93,285
AEIY22PMTETY3,1,3
A1Y2INBOFFDSL9,9,27
AU3WTC0FDUPGD,539,1749
A61VFLXPI073P,1755,7091
A1CD1ZVPGOSO5,1,3
A38GBSK68WSVE7,2,6
AKSQKMLYZO6S9,3,11
AQN1FAMS3N9LW,15,49
ANAD0U4YXRXXI,8,25
AP2D5YU9VXLNI,96,291
A2AAS19L5VE69J,1,3
AD99CE67M8PPW,6,20
A1YPX6V2I4KDUN,105,319
A1RSZCXEHL07E0,1,3
A2TE0GI71UEAKZ,28,84
A1JA75L3ZJQXY7,3,9
A1M9V8CGLL0I8N,1,3
A1OT4MLORF8K2S,1,3
A1CES889B0OQ4A,3,10
A2PFX6WO88KTYB,2658,10507
A1X29ISLFR2ZD4,1,3
A15KTBMNGWQY5C,3,9
A2WNPQVLW6H09O,1760,7193
A3KAXQDCNXZ9ZV,4,14
A3QXBRMHPZPIIP,21,63
A3I0CBLOLL0SDN,3,9
A1M9TYS609358G,1,3
A3MBS72XUDTPGW,1,3
A2620EMOIT3XVR,1,3
A2JTFWX3DPB8E6,24,73
AJQX858JWAHDZ,1817,7566
A342SD2VYIW6NR,12,36
A6HVJUX0DWHJL,7,21
A1UN54A0DJRDUM,1778,7530
A36MNQFNHWXL4T,1,3
A1NT6IZPFTC5M1,1,3
A3BUE5YXUU7WBH,6,18
A90IF2MAS3UW5,1755,7032
A152RGCT3WKTV5,1,3
ATOLEOHLA8GX9,17,54
AUNS2Z8L2ZLJA,37,113
A1GQCRNVCQ3OKI,17,52
A9RW5S2SBJXBL,1,3
A1ZYSJS573OQ5P,2,7
A2ABJNX7OBLTMV,1,3
A3KZ3Y88P6CAMA,3,9
A31JRW1DW3SZ2K,1,3
A25Y6F4HBU0BWK,31,98
A3I72LRTFV2SSN,793,2380
A1P6TQ535XDXYD,1,3
A269G7RGAI4SDV,1756,7138
A3UTVHHM3R1GPM,831,2542
A3G45C4JHSUXCY,1,3
A1IQS0N1RY7EVX,809,2455
A11BW2AUCELSJ0,1,3
AUPLAQGNNR4YI,2,6
AP0DT4W1WS7W7,1,3
AQSO8FYPP4QZ4,238,730
A18ZBATVICBAUU,7,21
AYR5DN4LJZP25,1,3
AEDJYV5Z497C2,31,94
AVP0VPF8B2M12,1,3
A3ES5LNKDYWRD4,2,6
A225AIK7WT92OP,1755,7022
A3L9TCG0OFOP6E,841,2628
A14T1DVPQNU4W4,5,16
A1EAKRP6PWCOKG,13,39
A3SZ7EWK3H52GM,12,37
A258ABFLGS5L8X,32,96
A1641ARZ3KWLT4,63,189
A3NPETMZXGIG65,3,10
A2J57A0FL2YUMK,1755,7020
APQ6YWDMNCAS4,2,6
A16BMKANCQIO16,79,237
A1H5626CBYYPJX,23,70
A7ICKJSNYEV78,1755,7083
AP5N0XCFNR5HU,335,1041
A3FKYDH6MTTTKU,172,521
A1F2U2TYDY7ELH,1,4
A1FU5MC4PQVPKB,1,3
A1BQKMP3478PAC,17,53
A1XL4YLORJ5IBS,1757,7143
AJMCY5PLK3DC,4,12
AJ2YSOOV1B93,4,12
A3IMZ1G2GJEB94,4,12
A2TCCWY88APLX8,1,3
A39RL01WOC0Q0Q,62,198
A1DGII46AXL9AV,873,2750
A23D13HKTA95WX,23,70
ALBXTH0P0BNVW,2,7
A2KMUBI9W7KED3,1,3
ARF6T1O5G8CLX,1,3
A2924H1XEYVPW7,5,15
A3HRAF3F20OWBO,1,3
A3I7GA43S36M2G,1,3
AP1HYW434MZEG,1,3
A28QNGX4N5GVPT,1,3
A1AL1AMDCNAMUF,61,184
A38MIQMLM2F2TU,2,6
A242KU8108U89X,1,3
A26A6039SFIJCS,792,2379
AJAIO7P0JG2IJ,144,449
A30HBP51C7XRX0,14,44
A1TDR4NT5G28NI,2,7
A2VRIC842XSV33,1,3
AN3MMB0O1CW02,1,3
ANKD5KB76TZA6,9,28
AHYQZM2NLW3Q1,1,3
A2U9FWU4C6F81A,4,12
A3TDKEWS7EM3WB,130,397
AN4MRVQP0SWJR,1,3
AYKS6HX38WG4R,54,162
A1FWF4TNYKN36K,15,49
A3QFGYWLAKDMOS,1,3
A3F8DMTBE3EPKX,3,9
AWO1UV89L0RSB,1757,7058
A3ME4O8BR49TDT,11,33
A3JWYGBII9ZYGA,796,2401
AEQC7FY9TBESE,1755,7121
AQFY9QKO1X07K,10,30
A33Y23ZIH4KOOQ,3,9
AISC135JXTDBH,1,3
A25N3OHIAQQUKA,19,59
A13LC8PQQB1UAW,2,6
A15CHJ3P8NSM7Y,1,3
A2W5Y8XS3NQ67S,1,3
ASW7641BE1K03,1755,7020
AKD1S6FHXAQJB,5,16
A2SHHQWK75S560,795,2388
A19M7Q82O3DLZG,4,12
A2YFN23I2CAXXB,1755,7054
A3AVAS3388CQN2,977,3163
A3670PTPRMJ7SB,4,12
A2ZPDF7F3DXSNS,838,2564
A1531OPOZ52SYR,2,7
AIOCZU08DDG8,1,3
AQ2CYSO40OXUF,3,9
A1MTM0CA62TYSG,859,2651
A39DYXPOZ84IK4,26,78
A36DF5XIHTU447,801,2412
A39B1XKQ20DBA4,1756,7144
A6GXP9ESXIH7O,222,683
ALG0YK6C46XPS,795,2391
AOYOU3BXZVBRL,2,6
A1FOXJ8TMYVKRK,2279,9799
A2OYMIDSKQHSR6,2,6
A3OM2CVBLA5SER,3,10
A2UO0RIWW9RIHK,2,6
AVG4A78KCYX69,86,263
AC2ZDFL387WAG,1,4
A4FEUO6HMCL2U,12,36
A1Z9JXVRGPDEM1,1755,7020
A1SOBBOREUY7D3,16,53
AKLDKUON6YY0X,122,375
A30Z70CRZBPMTG,1,3
A24RCBRDXRXR0Y,820,2513
A1A4W1RI6VFH3T,14,43
A3EN8V624OPB1B,41,124
A29L17PU7FYO8N,4,12
A36ICUXNCW9GMV,2,6
A1WBQDP2ENOAV8,1,4
A3G88JLZZN7F9H,1755,7034
A3V3G3DFHITT77,1,3
ATG6XWGOXRZEM,4,12
A2A72LXCNYI198,1,3
A3GTUNDBLPC00I,2,6
A1B9TIERY43Q8H,41,128
A2AOGQWDLPDE7F,208,628
A2NCLP3ATEJ9P8,1755,7060
A37ATOXK9B36BK,31,97
A3PU16AMATOPWV,16,50
A2FYOW9ZYDZKFG,2,6
A3RQYKXVDM7L27,37,112
A3E3TS35KJHVL6,1,3
AF5AJ5V9T6LTS,1,3
A17XFDVVYHFI6I,2,6
APWH031AZQTZA,4,12
ASL8DOP31VVLA,33,102
A1K92FCJ14FMV2,1,3
A3BQSPZJHYT1UR,792,2380
AYLW3Q5LOGZ2S,1,3
A2DOYD3V55NB5G,11,34
A1WOEXR8EW2HIP,6,19
A2ENJ1642N9AC4,2,6
A1H896WJE0YHQX,807,2457
AFA2JHOJYIIEU,3,9
A1A0BE5ZA85X0N,2,6
A2N1EEI49MMTGI,2,6
A3OLWGXYCKZSGY,1756,7045
A1VQHH85U7PX0,7,21
A1RWS90FOPN1LQ,6,19
A25T0KVQS6BX42,1,3
A26FJT6CKD115,171,530
A1ZIV8NR05DBV4,2,6
A2P5BB480X172E,9,27
A2BRM1YYGA35GL,856,2639
A2Q4C1WNLE373Q,26,78
AY8WUJ0HSB2NI,1,3
A2AZTBXXLDTOD0,1,3
A3LCMQDYGEO5SH,113,358
A29PEU8AQGFQ9X,7,21
A2ZV8A23EDTBMS,155,469
AL5YVW1EH73JY,4,12
A1DWI1KSNGMSZU,15,45
A1I6OSVC95484X,30,90
A3MQ92M9OJJBU1,1,3
A2JO5OECULWLG7,3,9
A17HW66D6M1QUR,128,461
AAIYYPTAU8QL2,1755,7043
AHFP3GSDF85LJ,11,34
A3JLIBU1QZ2F0R,2,6
A3SS8CWXU8WCPJ,1755,7042
A38S8YAXB09WHI,1,3
A3GGK2C725WKHQ,159,478
A12X5IZCXN492U,8,24
A2N4QZ92NBKJZZ,6,19
A2Y80LQ0Q8YI7G,5,15
AQDUE9PHA7QRP,1910,7847
AJZIS9MKUF7IB,5,15
A36QK1FKH6LRRY,13,40
A7QKCYHVIUK3P,10,30
A2M7X5TP61TYVQ,1757,7164
A3FCMEAJVV4PWM,1,3
A1J2URY7Y0HVHO,4,12
AV3IA5YTT4ME2,1755,7043
A12P4A1OC41KUO,34,112
A3BI0KHX2Z4YA9,1,3
AOEGA1YLVSKU8,17,52
A79ZGGR1HALFK,45,142
A4NVC3UKFO6CA,3,9
A32SQSDF2703U,47,141
A2ZJRQD22JCVKX,19,58
A1T2Z8792T0WT8,3,9
A3CUYX2VXZM9KO,13,41
A3PPY2PBHPJ59Z,55,173
A17OBUF7R058OR,6,18
A35D9ODUCAMF5G,5,15
A35FK8FLWJ85VY,4,12
A2DF0LSM17W4KB,802,2416
A13J3KODIMEIAX,798,2398
A1YIP8N36PSYQS,797,2397
A1P1E3DFR2RPAZ,34,108
AVPMKKIH917M8,24,84
A29D6OTBZB98GN,3,9
AB2ZIB3A2UE8W,1755,7136
A2HQ6U8I2MN9J2,827,2524
A4OJFOSNHMHVJ,1,3
AJ5O4S0A1NLNC,2,6
A3HLUURIK5G0X,3,9
A2EQRC2SN0WRNH,3,9
A2CQPQKS3J6JJR,22,67
AB22KJUYWVWG6,1,3
A2JIQP22UN6DZ,1,3
A10D4WQG4CLPPQ,2,7
A1ZGCP8JQCTL6B,2,6
AWG840X91EMWT,27,86
A1RF9YK4BK5TRH,926,2802
A2UU1H5TC13KV2,1756,7092
A1K1ZKOHP4RQTW,1760,7195
A3PII5YGK0TLH3,50,158
A21YQ2BBPEHXLQ,1,3
AUUT3ZXYL3TB5,3,9
AS3Z0HJJGL2MZ,103,315
A30F6HYUUXMM4X,1,3
A3QEZM4IVO5XOP,1,3
A3HCEN4Q1H5C93,8,24
AP6LW4B4MLQRJ,1,3
A1GM01HSKCW77K,35,111
A35CRCL7WVUCYG,24,75
A3KYA26RJGRAWE,16,48
A2ELXV8CZPFVO8,17,54
A2FQYC97M9DR5A,1,3
A1SOGNDNKMFK75,2,7
A3KI3PJZXM518,1,3
A174CRRC57OXV7,11,33
A35WOFCRCI2R3S,9,27
A3HHW8Z3PP2EH1,1755,7022
A3OQNAJ33UDWH1,1,3
A2IFHEYZQ4K8WW,2,6
A2EV5NOH281PA6,1,3
A3KQI3T0AEXWLE,3,9
A5QINVH2JCLL6,836,2571
A23JENFJVEQYT8,1,3
AUZKJYREB6QL7,1,3
A26HZ18GUETLO7,1755,7022
A35JPJHGOSPZX9,966,3131
AW85V6D8QS2E5,813,2490
A3QE3BIOZBMHW6,4,12
AQNFMSREE8A7W,11,44
A1BHXHUNOFM6DB,3,9
A2FWMR8EQENJC2,4,12
A3NUUCMVF7F39G,1755,7052
A16XJBGBOIY2Y,797,2403
A2EDYSY4M8TESS,1793,7335
A2HVHDGF3HYM9G,6,18
A1L3FOOHGA7LVZ,18,54
ATKUKRT20ZUH6,1,3
AIZC2Y0T8XS,4,12
AKS6Z717NNJ5H,1,3
A26C04NVYMIDR4,46,138
A10BYTL5JBGPWR,10,30
A2T5S6QLLEEYUA,5,16
A3PI8VVFKUQ8FD,825,2530
ATPP3IWN4S9PW,48,154
A1G3BGSQDOXXDR,37,115
A3O60C5513YYD6,1,3
AFBETARDFURG,13,39
A3IMRTC7Z8GM6A,7,22
A2IFIZOUX8BUUV,1755,7050
AIXSSJUD2JIUG,6,18
A2NYDTA1U3KRT8,3,9
A70HJ7WS4VVW5,19,57
A3EX2WCMN4AYIK,2,6
AN6JUJC17FM8D,1,3
A2WBNJP5EFJYMI,9,29
A1ELFIDTLOMGQ,3,9
A3EATLL9FW7DJL,47,151
A1VLC9GZI9VSGR,1755,7126
A1QZMO1ZUVNV1F,792,2387
A3FX4XZ6HTXJ1S,1755,7038
A25L6QS3OWQ0UW,2,6
A2POI4J5JFJLYX,1,3
A8BINMWK706J,4,12
A3OA4DV4L81N1D,10,32
AITXZ1QOILJ5Z,1755,7119
A12XQSO6UU83AC,151,454
A4617YW3IXXBN,1,3
A1Z5CKEESVRY6L,4,12
A63H75I8LR90M,9,27
A3KNISEG9AZO68,1,3
A1LCLRNUOSAN44,1,4
AZH9KNOVL6GXE,48,144
A291IMCDU5HT4N,13,41
A2U1BK0MCC5SM6,1,3
APYXSS0JFRG2E,11,35
A1HG6V3TRMBBX8,3,9
A1W695ABJ8JBSV,819,2493
A1U487ITURTC57,1833,7724
A2H4EA6W8M6IP7,1,3
A19NGYCQ1NCF3W,1757,7104
A1S7H78NM6OVU1,1834,7676
A2GT8WJGBIEVWK,1,3
ACATCJ1BYS9LM,1,3
A3FYK6A4BMIGLO,1,3
A3I8ZL64HWEVRT,6,18
AWWN9XK9AHTG5,2,6
A334JQA7IINXBN,272,919
AJH02SDMQO6V5,1,3
A19OOM02IMIWQ3,18,54
A2V6KTKHFCKXFA,1,3
A1WJBJUQ24G8BU,175,540
A2Q2JGPPIYUSVM,1,3
AJKTYH38AO1LO,72,222
AA5Y9QEATL533,15,47
A2YYGSXDHMQKSI,1755,7055
A14Z7EKQA9BXFX,7,21
A2AE82RBJ803PE,9,27
A384SXJO36Z2RP,1,3
A3SJG2DK282DUM,6,18
AEKCQC7GTXBO2,3,9
A14LV53OELK4MN,1,4
A2D10EN7QQ56GG,57,171
A2ASZIWPKU359G,7,21
A26TTHD7OS25VF,5,16
A1DK0W4H57ALW8,23,76
A3K1Y9LD4YSID8,33,100
A3RA6DMXR6VKLV,8,24
A1C60KQ8VJZBS5,1755,7029
A1BK0KBZBCB5V8,4,13
A12F68BVEI6C3C,1756,7125
A3FZ78YFE7FNPH,3,9
A1ZELIPJWCB9G,1,3
A2PLFJOLJNGNMX,1,3
A2YSY26ZVMNNV2,1,3
A26HM2R5529NYY,6,18
A149OZDGI4VK7P,6,20
AWTPMIR18BYPA,3,9
A1KZ00LNIB25RR,3,9
A34JN3BFP1BGKE,3,9
AGJYUK79TTVFD,28,85
A2ZS3YW8S1FLXY,11,34
AIZXXIOGDHOWD,69,209
A1GEDBPYSGVAF4,1772,7292
A356YVTEMDX69J,2,6
A3QTBIAYLMZ6QG,1755,7078
A3N0QCYZ1FFC1D,1,3
A28ABYWYN00HXP,3,9
A2AP0MIU1X3W0W,29,87
AUMGFQQ4E54U9,1755,7089
A3DPGV307X2498,4,12
A2P8TVHGFMLCK8,1,3
A1TWVLQPW2W53Z,1,3
AIKDYQA4NKI7A,1755,7087
A2SNDB4XRUYF3T,2,6
A1H6BQ9EUWXH49,7,22
A38HWS1AL4GY3U,44,134
A10KUT33F62T7,6,20
AE43UAWFK3J85,264,819
A17RNV8G9Y9Z3W,1755,7021
A2IHH0722W2KJ0,9,27
AGUO8C8CIUBPL,39,122
A2QLAZJQ85TCPT,10,31
A12DQZKRKTNF5E,20,62
AAGOBPA1MR5Y6,15,46
A3RDWYM8ROG4UE,1758,7176
A29XQ1C21HO7Y6,1,3
A25BRZGKI7KSVU,9,27
AN767THUL1NB8,1,3
A3IWBU5HM87AH6,11,35
AK53SQFCZQFI2,9,27
AVYUXG26H2BKK,1755,7021
A87W2NKSYDMD6,114,342
A5TEMTXO2V7TK,1,3
A1WM1W1WRWOM2S,1,3
A380AI4SNSJTTY,1775,7398
A2V6B58SR2I9NM,1,3
A1D3SFJ2THXYO9,12,37
A3I4VKN6LN3ESB,1755,7031
A1SY0RMLP947Q0,1,3
ACM3CGC6GNAS4,1,3
A3EV0FI4P1YMEV,1,3
A2CHE7KHE9K1YC,791,2373
A1OOUQOJ2V2UQR,4,12
A3D4F6SFE2X00D,1,3
ABT7IU09MVW9G,1757,7380
A15L9706W396Z8,798,2399
A3FZFNCN3R8352,9,27
A1BN893XV4AIRG,10,31
A1XXS0OSY2JLHW,5,15
A29U2YU2BVD72N,1758,7238
A1TYYT15KT9TDQ,2,6
A3V1A3C9DTLPME,53,161
AEVXNFQDM6OMD,7,21
A1WNM3PI4QSUCB,2,6
AODJFIPWHJ3FU,870,2711
A2SF1UKJTY5I8S,4,12
A90DZ9RZ4NQP0,834,2563
AHN90UOE8LQY6,4,12
A3AZWNBL5B754C,2,6
A17BUUBOU0598B,11,37
ACTSN400XQJ90,1,3
A16NLVVDH53YXL,1,3
A56WHDQUH69YC,794,2391
A2WS6Z0DD2HZKW,1,3
A3DPWY9G4ZA3V1,5,15
A2P739KOM4U5JB,2515,9437
A3DOIOHQ19H1BP,3,10
A3IPLRAS31YITT,1,3
A3CRTX0VORQFR,7,22
A38ZDGZNZLMJOR,1755,7032
A2PX3NR1IVTXPG,15,45
A27I8ETYT41602,7,21
A7U1FRDLNMQM4,899,2833
A3C32708HMUVMZ,1,3
A3K3QIOFTJUTBN,4,12
A3Q4P6UYF2Q1WF,3,9
AQGNMMFLND324,1756,7056
A1WTBW766GMLH2,70,211
A1E3FGPH40IV1Q,21,63
A3TWTXNL8WMYJ7,1755,7098
A2EWLWNMF65J5X,93,282
A7YB1VGGISA66,2,6
A3NWBKOLDEUXUO,798,2404
A1QKE6I57MHI4R,1,3
A3SC6GHYLHOQKR,10,31
A1ZEX4DU5PF7P2,856,2665
AOUKRECWP828A,1,3
A293CWG23K191L,8,24
A3IMQ8EK5QO091,11,37
A1JTDD2GQ66AOO,6,18
A19NMF8XUW55GJ,2,6
A9DSB0H0XG19H,50,153
A2DNCH3RSIRZSA,1842,7705
A38SBW89EUB4WK,3,9
A263Q7WW00FR2B,10,32
A1HJAAJKJT0305,1,3
A336S5T2G9O6UF,792,2376
A2GIZ854MUWD96,285,954
AWGFHVZPL7FNG,224,683
A3VRBY4JM6MOXL,177,534
A1GM034H7XPDEW,4,12
A95E5NT2NM7JH,1,3
A1241DH3085AYJ,2,7
A1TY5M06S8TX0I,6,18
A1CQ1KR2T5MSMJ,1,3
A27EAGHIMHJHBP,5,15
A2M8T1A4O0GS72,423,1333
A2759T02JF8BNL,1,3
A8NU826NB1J22,2,6
AO1LUJ8VJ03OZ,3,11
A1Y8DS3723RXQ6,4,12
A2SM259L1P1465,16,48
A36FRV1EB3F0X7,1,3
A22LLQ00V32YZJ,28,87
ADBAB80B72WTB,1755,7058
A2DMN4O3N9Z3H7,2140,8939
A1ZMV5QSAR8V2L,1763,7126
A1I0YSG9M7BCCG,1,3
ATRXW8XYFB66G,2,8
A2YCAWHBQGCBVE,20,62
A22QN0P5ERNOKR,30,90
A2TD483QE2FQI4,8,25
A15S1FK8RX7N59,3,9
A28T9699RW3UL7,1,3
AVYRVRSMZ81QA,816,2483
AI32MH16FU7GG,1,3
AEURCUN07K6C,2,6
AO0ZQLMZSK2QK,1,3
A2ZYU6A4O80605,828,2531
A18EF30AMWY8EH,71,215
A1VGRBRKJ9OU67,6,18
AER6BVMCLBOX0,1755,7027
ACP5TPWWJXT01,1,3
A2SF9A8NM5VT2R,4,12
A2CCGGDGZ694CT,8,25
AITVSNHNBLJUV,795,2387
A2MAL0M9EG4FJH,38,122
A3UA9FUP2KOE42,1,3
A3M52F13167U3N,1755,7028
A1149P8XTM24UM,1755,7037
A3RZINELIF03YT,6,18
A112F2QZ7F7YQC,1755,7020
A2MB11PJHNLPCB,49,150
A22PQFJEKNGASY,31,93
A3NKSY3I0UW3KK,21,63
A3EQNAVEUFQIZT,16,50
AVVQVA12JSJTZ,2,6
A3REDRR105VG99,2,6
AVMWBGQ8SVNT0,3,9
A3GSEDY0NJA64Z,1,3
A2QR5C8DXZQK38,1,3
ATR49FDUXU1ZV,2,6
A447OYRYJGAR,1842,7737
A1TK1G6QGO88QF,1,3
A3M31XH7CUEDX9,796,2400
ALEFGB3G2BYG8,9,28
AFBWFZQHDEXGB,265,818
A10VG94SAKVSC0,4,13
A33AAY3HXZRU0Q,2,6
A1BTJTLOQDOPVH,1,3
A2KN9JN0IHLSWG,2,6
A1TAGVCAP85JED,1,3
A3P233NR0IF91I,1800,7554
A8HS6N6BLZVSJ,1,3
A24VZJ0H41RO91,38,117
A2S3W9OKCDPW85,1,3
AEBLXIT76KOO3,14,42
A271E3GJEWHHKV,1755,7020
A10VU10P052SFV,5,16
A2VC3I7T2WV1TP,16,48
A2ZIWEAS3QP1KZ,20,60
A18PKX4CTR709W,2,6
A3BDD4NKPRFP04,13,47
ADZ0YRZDSXXP4,4,12
A33472JKZ5HNF8,2,8
A1U3LV1UHWGT9J,1,3
ATCY1WORI22FZ,4,13
A1IBFWZLSL36Q7,1,3
A1MJIJ1M89I7PL,2,7
A1RIVJ07HKE1F9,55,170
A3TDVSVKNGPZNN,18,60
A3QK723XT3MJXZ,4,12
A1EVV74UQYVKRY,14,44
A1R0AVQPWM342K,10,31
A2OSD0WHJY7A5G,4,13
A1UFODRAPQJ98M,1,3
A19XPHUVNG3LFZ,1755,7053
A2DAX9YH4EVXB0,1,3
A2QMJGWXCCJD4B,30,90
A25HNCSHBYB8JZ,1,3
A2BR2DSVUFOT8T,7,21
A2YPKWUTDXCLVQ,107,324
A35PMBE1O93J9T,3,9
A3AML2FSRBHJBQ,1756,7100
A3A4YGQ4HQLY73,1755,7092
A3MBW5NTIGVX14,936,2986
A1E4CKJH35K5GR,2,6
AIHF128TM9HYJ,1,3
A3CSYM38QAGVPD,4,12
A327J5R77T2EY3,13,43
A3CWEK9HY2VPDL,1755,7030
A1364Z6VGNI3XC,43,138
A2JO762ONDZLF8,841,2590
AMJJ8DUJQBY1R,54,162
AXPIJDXA92ENH,3,9
A3B0RDVMT7QHWN,5,15
A1LQAJ0H4T7P38,24,72
A9TYOP71LFJIB,1,3
A1XIZS0OWJHYRO,3,9
A5M7D4QNZCCEO,2,6
A2RCV60MNI5VTV,5,15
A2H47FJLIKYNGC,4,12
A6WHM5MMRGSD4,1,3
A3QSZ2SE3HUSXM,5,17
AY9XN9SYDO72W,1755,7137
A1X0RJXUEJL8CS,19,58
A2VKH0FDSTMK2A,1981,8384
A20NY2SDC1UR4K,18,56
A2HAC1EBM1HPQP,2,6
A1HUFAEJXRO2KI,3,9
A2C7BOQVFH1HLE,125,450
A2LX9QTK80ZNA,1,3
A7T26PXZHJOKB,2,6
A124M7KEKXFUIF,2,6
A137AB3IBL9LOF,144,445
A1KZO4OAJ651YW,1,3
A2XW6NC2B87U2I,11,33
A33N887QZM51EX,1,3
A1XVZCC58WEOOA,7,23
A1RV0QI7IOP7RC,809,2447
A1WGP2LPBHQAE7,8,27
A3CZBUDNI3IQ26,1,3
AH0L2SVIPDR5I,43,130
A1FWJZMJ7MGINQ,97,295
A3PSV9QV5JQV1T,1,3
AQF4ESWOZK65Q,5,15
A2BZQNBV8UDZ2C,18,54
A1W642GHKCRCVI,1,3
AAQPCAGWI9FB7,2,6
A3DSPTS08DD79W,3,9
A2K2KS66WT4AKW,1,3
AMIGKRWXLA5FZ,28,85
A6A03NM42KUXL,2,6
A11S25MJ9NKF1P,45,135
A32IN6A5QBUGK4,3,9
A25NK1SM2Z6AN6,9,27
A19WK4WO1TBP1H,3,9
A2HMDN9HHJBVJT,1906,8067
A8S877NXZ85GH,1755,7103
AXL7REHC3R08M,14,42
A28NF2BMUDD8GX,1,3
A3VKX3PZ23MHG7,2,6
A38YDK7Z3IZSRM,4,12
AX03D8C3UX3K9,29,98
AB8AYATYO2EQ0,33,99
A1WR4TFR72G62W,1,3
A2VG89GBD95WA2,1849,7786
A2ZJAON9VWA8KU,1755,7110
A18J3HGN6V4Z19,3,9
AWMYR25X2XEC2,9,27
A2RGC2RNQ6YXDY,1,3
A3EMQLSLCJ33N5,2,6
A1882F38ONS5T5,2,6
A3Q4Q8UJZR6Y19,17,51
A1K6EBWW0BRCBP,30,98
AI45J5737CUGY,295,987
AU50T91RXQBWS,1755,7021
A1XQ5OOVHMK7IJ,31,93
A441JEIQ80ILP,2,6
A56EP6FFRH1YT,960,3089
A28AVKPXCL3JV7,11,37
A1TL67PNYDE3LZ,198,669
A3SW8XGVNHGOSD,4,12
A19L99CTLBTIUW,1,3
A2NMNU09EC63OV,1755,7022
A2LG08W0C1AQ4T,11,33
A1VDZH6ZG610RI,1,3
A1W5XKH6KFP30A,1755,7029
A2FUBHWLGGA1T1,1755,7106
A22RVGB5S4EM5K,1,3
AJT9QM2GUO9IS,1,3
A101RU25CMFF1R,66,202
A1S2HAUYS9GSTS,825,2510
A1CH08ZRAWFJ12,3,9
A3D8RXRT65FFL7,2,6
A2GHV3S734BCDK,1,3
A2I4MTZXKXHMWZ,26,84
ATJ9HPP9UIJK0,7,21
A1QVOBBLEV4ONC,4,12
A33VNTD8QSFPW5,1,3
A1VFPD5TITB4LL,1,3
A3IVH5NMZ9JVWM,1,3
A999QRVMCU8TL,13,39
A3KT76JQ3GN5BP,796,2397
A2XVV66V39K3IN,3,9
A2XL6TZM34HFV3,1814,7540
AZD1YA8456NHB,798,2409
APDB9ZT0Z7JMC,24,76
A1YIWE4P9IK5AS,26,78
A8SQLFMKMYD3N,4,12
A258GDSUBPOAQ8,13,39
A3082QLE0N9EQL,1,3
A25086I44475I2,30,90
AOWMUFLGB10QH,7,22
A14618U5UKIWMK,2,6
A18QIY450YH1MV,10,31
A31E6XVYU7B1OV,2,6
A13VOW5P0RKDEN,1,3
A3FXF9DXHFOVIW,28,84
A2H5XWG4P6KUC4,1,3
A36U2CRYR44VXS,845,2582
AAS4DS4Q88FLZ,1773,7283
A1ZBCYWSOQ3DXW,7,21
A2O2UE0UTPOB0Q,15,47
A2ZPT6N0EXDC8K,1,3
A1Q1WA75LSZDXV,1,3
AW96O24TFBBR4,7,21
A2DYK64ML9JAV7,13,39
A1I3GXI6LSFS4O,1755,7045
ABPHPSMBKOUO5,65,196
A1FA8IUZMNGTU2,804,2448
A2VQI0MV6KAHHR,7,21
A3239WUDBKOZQF,5,15
A1MU2NTEE1XZMO,1,3
A1RNMCREWR2GB7,7,22
A2TSDINJX6U1WF,823,2552
A1K2Y5UBQZV5G4,3,10
A1HZ1JDWAS1SKC,1,3
A31RYSANU6FYQW,1,3
A3N7Y9QXT9LS9C,6,18
A3ZBJIYPNX6XW,28,87
A21Y646PO0KJGO,3,9
A1ODX6T54D3TGI,1,3
A22B7PW3WWHI2M,1,3
A3FCY941QW3TA0,9,27
A2KPLU5E3202WH,2,6
A21AIWGKF63IK0,12,36
A1JCFCPGEYT1L4,7,24
A2ZH3DWDM17QIL,1,3
A17KNIZBPGNHN4,2,6
A2E3SHGFJG7AW9,7,21
A1T063G1088S5Y,1755,7057
A27DD549I9B7KI,2,7
A1SXYKNFEGZMCG,186,669
A1PU0ZAW9HHBAF,1,3
A3QKI5EREWRTAJ,8,24
A1JTATZ03PPIY1,7,21
A2IPAK7819LX32,854,2643
A2CMN999R94YAR,48,147
A3T5P4Y7WBFFHQ,15,48
A32XHKPSU6KHCP,1,3
A173A5BK5LMDFT,25,77
A2QN5Y7D2USBE2,1,3
A332G1ZFLG58HY,2,6
A2L7IUB7DNY48Z,9,27
A3S14N9O0A1C5F,2,6
A1Z3DLGBBOMCUN,93,282
AKLZSMU0UQPIO,908,2844
A2LLO4VIOLAQG1,5,15
AKV7Z2RU3LNP3,893,2813
A2KPL4RDDQLIGA,1,3
A20WZFXMOM2Y2,1758,7125
AC227B039L7IR,174,526
A3VINMY1DIEHL7,10,32
A35GLUXQV239AP,1755,7039
A244ADBBA83GK7,4,12
AA45NFO912TP4,2,6
A22EW8G85ZBHLB,238,773
A3872Y2XH0YDX1,89,270
A1NO8FU22P7XHD,1762,7140
A31WLENNZ93L4O,1,3
A1ZYRFIT30A890,5,15
A3IVKKTW53KKNU,4,12
A29FT81YKCH5CY,9,30
A25BEY7FVX59VK,1,3
A24P8S5UY8K3MF,1,4
A3J8U952XAL34Z,1,5
AGXA3F5PO8PD5,1,3
A1ZVST8IJ35NSG,8,24
A2PKD2F1Y03APN,1755,7020
A1YYJ8PS07FWJ1,4,12
A1LUPQJLN3BRDO,21,68
A3LOR4GNUQ0WQ6,1,3
A3VVH1YJTAZGIF,6,20
ALQHNYGRBY4A9,11,33
A7QE8UZMVAH5S,1755,7021
A1TSW5IJ1LU0RP,2,6
A2NSEHVHCN8QXE,4,12
AGMQE2LOF7B3J,1755,7044
A2POOW8FSMUXTE,3,9
A1CXUL9Q2YZ6OW,1,3
AJF7WFF2RJDOR,3,9
A3HICRL1GPX5QR,5,15
ACD122NT087LP,1,3
A1LHMSY3Q46PJS,10,31
A203KSIMB0S3BK,6,20
A3LXYBBLOOEOMQ,2,7
A2K7SLRNX2ZD72,5,15
A2A5MVVWAS0Q3F,1,3
A3GU9C8THOVVYO,1,3
A2H16EA50U6TLJ,1755,7023
A3F0UD3SP1RHZA,7,21
A10UYG5GKWAY77,1,3
A3CMHT2Z9LOPE7,1755,7111
A2KU9M8GV0A4SH,1,3
A3A7LOUG0YFPBH,2,6
A1D3EY0ABQT055,1,3
A2HK9UF5XIYXR8,1755,7021
AVM6OR01CPJNQ,36,109
AXNKZLA4FO2UP,2,6
A1HW9DAJBYXGDV,18,55
A3QUY9C3L4I95V,1784,7515
AZ0LJNEP2VRD1,11,36
A2GX6DZPHMW9BQ,1755,7103
AU6997RDG2KL0,4,12
AQVMU6KDMC6LG,1755,7053
AOF6IUCN1I1TI,1,3
A1O2LALXVMC3XS,2,6
A2ACJCJOSZOW8Z,870,2709
A7V0YRMCFV1L4,3,9
ABW2RYQ718C00,1,3
A63VI4CPWHLHX,1,4
A3BEKIXEMSZ9PL,845,2580
A1RPGT25Q5QSKU,1755,7044
A2PEN3Q2YAOQ6L,3,9
A37KKY9Q1JU07N,2,6
A2RDNE7NHWYHTD,14,48
A5LJO04M2PHIF,2,6
A13LQXSU90UCWS,3,9
A18DKSNX6G0KFC,1,3
A21VL7AECBQL1F,1,3
A3FHN95GRPEGDA,17,52
ANKS57TGQW2S,10,32
A6ILOSWM1IH9Z,1,3
AT0KNZF94SA49,1,3
A2FFM54C4DV42P,18,55
A2FVE1P5YERMRD,1794,7348
A2I832YXV0LK61,1,3
A5SSSH980WTNK,1755,7086
A2OZMQTZK2E105,3,9
ABGBB2A115WIA,4,13
AML7JRXI629G0,2,6
A1ZFL0Y5SQYXKU,2,6
A2P3U6P25YG9LE,1,3
A22TXI3G9A2NM1,4,12
A2E2V5WSMRVZNY,2,6
A297GLQC0S0WBI,6,18
ABA474K4FJPTM,1755,7157
A1QN2OQKHLY10A,14,44
AQQ0ADWZBRIVN,1755,7368
A25BROZFNN31N4,8,24
A2U6EWTY9ZFG1O,1,3
A2XULU4X99Y5FY,1,3
A3QZ8YRH8CIFBD,2,6
A2RQH27VUR52OF,1,3
A7ZJZY5QHQ4NL,15,46
A31BL556QXBJBZ,299,952
ARADEBLBT3P17,1,3
A2BH9EKXZ1RZXH,1,3
A30HB33D6V0N6B,5,15
A392IHJEPCB5IN,1,3
A1Y8BQ5R1SGGVD,1,3
A2QEIU7F06SS2K,3,9
A19NS4X2JZBSWB,30,93
A78J38NU18DDZ,1,3
AOZ3LHASA2SUA,34,102
A2NUF1VW8Z7EVI,1755,7020
ASC1XFAYHI1H7,25,75
A2WQHC74U72NS0,1,3
A3SS9B6QIHZQZ3,3,9
A24OOD34Y314T6,1,3
A13NKKIVF12R4T,808,2459
A1LF8ASMKHG8RQ,1755,7030
A2KMG4D0I9ICQA,1755,7023
A1QPM887Y5WH9S,1,3
A9VAK8UG2G5W7,4,13
AJWYMJN9R5R5G,1755,7022
A3CIX8D2XGY9YK,4,12
A36256945SVPQV,172,520
A1WWK77RTWEZS2,1755,7022
AHEAERVAARG8O,2,6
A2DBYMW9NL3K7B,1,3
A3LVN45N3O831S,126,392
AJERUOJ1KR1P3,248,769
ABG6M0U9030VV,2,7
A32VFJX0MAGKIQ,13,39
A7R4E231F6PYB,1761,7096
A1LL7SB20BCA7E,1,4
A39TSMHZO4E628,1,3
AJZ6V3S420OU7,182,555
A105II2H7XGRTY,5,16
AE866D4MN3KB5,1,3
A1M7LS52Q27AHU,1756,7080
A1PX8CDUSZ8R7C,76,233
A26YF89Q2JN162,55,165
A1CRNV47HZP280,1778,7458
A19CXLF2PUJGGH,5,16
APEJ8EJCC8PQ8,23,75
AESG61HX9EUNS,4,12
AWLVQ1NSU3LDS,1755,7118
A2X19DCY75OEO2,1755,7031
A1XXAPTZI9V7YF,22,70
A3LUQH7IE2ASUT,791,2373
A135ROKH8R8AE1,2,6
AMEQ7N2EZ0YHU,1,3
A1N6ROM53NNEVA,21,65
A3MPOUCYY6LEAL,1,3
A2MG4VG88F587N,1755,7021
A14KZ3JX0LJWRP,1,3
A3NCOVZJLTBY9T,2,6
A2STZVV3MR8712,40,120
A25LPG6OSLPBJP,933,2961
AFA62QIGPUTJN,1,3
A23NFZ13VIQAQT,1,3
A1YRYFUTM65DMQ,3,9
A1RGH0SJLW9O7O,8,24
A1O6ZDZ1OFFEDZ,7,23
A33QOSYADK6BWK,1,3
A2EVBDHVJHMXC2,6,18
A300C7GPNONC5Q,3,9
A3E83GTCA7W3YL,18,55
A3HMQCDLA3H9MS,819,2486
A3D7J7LC71C26D,1757,7259
A15LRHLNXP7JFI,355,1127
AXELXF7LWCTZN,10,31
A3QOHN0P1HVAPY,1,3
A2YMK7JY1399U0,3,9
ANGPTF3MQ8U10,20,62
A1UCISU7XU871A,2,6
A3C46DWTUCD0SU,1755,7022
A23HNAJN7J6SFZ,19,59
A28DCW2JZ7S548,195,602
AHT3VA2CXROY1,7,22
A6T2B13WYCMJG,1,3
A1D8M0GVV9E9DR,8,24
A1RTG738UCY7WZ,4,12
AJQ9N2MJSTW7I,1,3
A4I8EKMN4W5I0,1759,7064
A87DNVUNZ79MJ,1,3
A1ILCTI2GZMABE,6,18
A1U0B80NTQ4WAU,1,3
A1QH74HPDVL5IQ,2,6
A3E6FHS8DV037H,2,6
A27UG9X7530EW2,28,93
A2UOZ8VPY7EFHV,1,3
A1X4BX4L1EIR3C,9,27
A2W23CFT43NTMU,149,460
A38VPIP6WNCLCP,1,3
A21KBJEK619NMY,5,16
A358J4WU5B0Y9Q,1762,7185
A27NJN772OERYV,12,36
A23SM21ZIR5KA,2,6
AWKICKN34O4UM,1,3
A2G2DXPFZKG48W,1762,7123
A3CIAHOR65DBRA,1,3
A1W2V8Z9EWTZMM,1,3
A16CLV6BLPJUXP,813,2471
AJDZYQ84OS3VF,60,180
A30SZ7U998P6OD,1755,7041
A2F42NSN3HKRCU,4,12
AYDKIUFOWR63U,1,3
A2ZZU2O2ZNQUX3,1755,7066
AHP1R3ET8KS3,2,7
A1MMM4ICHC909L,6,18
A21CVZHRJKP2SC,31,94
A2LIPA0K1IRM0C,14,42
A3FFC2HM82P3T0,184,558
A10LZH7HC1ASED,1797,7542
A20IFQ3ELQ59RJ,7,21
A2VDKEI5V937X4,407,1350
A10WNMPZFK8O40,5,15
AP0OI9L6KKQEG,5,15
A33M07VZBYRMPY,2,6
A1I16Q3S7INXFW,162,491
A31EE4G7VHLJIF,65,199
A24K1J3I1S1CPG,1,3
A2O8BAXJPDSV0M,9,28
A38R238SRZNJIV,1757,7228
A360OF9QBC2KJF,5,16
A21AXIZMELKVPD,1,3
A2AJGY21ZEY7C5,4,12
AB61DRJ6FDOJC,16,48
A28PSM8NWK7W4W,6,18
A16DI5SF3HVTVJ,2,6
A3CPI1F4LUJCXY,1,3
A1FO10Z93GKN33,2,7
A1RQ69ONX9U5HS,110,404
AW7ZYDEJVWM3E,7,21
A36E7QW4MV1XO3,20,62
A9NA4ELQ5Q8HZ,4,12
AQQY75BIWBP24,1,3
A12MGFVCEC89RB,1,3
A2UNC2A28QOJFB,863,2671
A1P570CE975ID7,22,67
A2HTM7WY3PR9GY,3,9
AU59EAV1U4VFE,4,12
A2QS31VVEZYSFU,795,2387
A3T7QL2H8SJRZJ,10,30
A21L8WESSSXCP8,4,13
A18I677D9Q6TFT,28,88
A1X2HSTZTZKIH1,1755,7060
A2ATO7B3FKBNKY,3,9
A1EZMU02XNK3DA,1,3
A2MI3XT4JRZ9P9,1756,7102
A1ETUEQ84KGYOZ,11,35
ACO0N3D5580NF,7,21
A2KGSD36REG38I,9,27
A2TDI6VXXQRKKV,237,730
A2LPR8QWLBEQ9O,211,646
A38VKNSXU9POUM,1,3
A1ADC0ONGCFU3W,793,2383
APA52GE5D88A4,1,3
ATJAGCVMS5442,791,2374
APFIE26BTMWSN,138,437
ATOXHSD1DJUQI,1,3
A21Y5GQ83XSGNR,1756,7056
A26416ZDNVET7J,1,3
A17ZFEIETOEKVF,22,71
A1G4P4JM551BA7,6,18
A1BUX7O7VG3AZK,1,3
A2RRTCSPT5YB9J,1,3
A30RXZRUFKH70K,793,2379
AU7U45LQAD21J,1,3
AXVKMYWNIHK7W,4,12
A20V39SPYTDHHW,7,22
A1TKX3AL9H2V11,1,3
A2R9A209Z80BSF,15,45
A3NJAKCH1Z6WT4,21,63
A24JH8BXAUCFU9,16,49
A1906H31QW23JN,5,15
A3FQOES73QHRNE,826,2505
A1AHS69H3JXYPG,3,9
A34JRW5WZJ3ZUK,2,6
A3LC7JEI716R8M,7,21
A1S0NIJ5PDREYV,3,9
AL1LM3GJMJDFY,4,13
A328YIF9BAUWC6,1764,7167
A3PN40P2J89TCF,1858,7776
A189JFDLEBVRME,1755,7021
A3CO9XCACYEV15,3,9
A2EMQQTOBQ1G7Y,1,3
A2BRG65K9DYZNF,1,3
A3TRV1IG0M1PHK,3,9
AXNUAWXD6D9ZV,1,3
A22LQ534UZC971,69,209
A3UTKTPFZ3UR4B,12,36
APDBIV2D8MMWR,1,3
A1LH6RF4UN9VI6,18,73
A4Q5YD0AOAPW4,1,3
A1I17IKUD1GLO,2,7
AVY2W96FJO4IZ,8,25
A2HYNRD4TUD0L1,1755,7045
A396ELNTQDFYPO,216,707
A2R7B3MUR22USI,1,4
A1OP5AUCKHOC3T,1,3
A12M8ZK40WTY9T,1755,7027
A2WYAHJGST6AOT,15,46
A38Q9559KIVSKD,1,3
AQMB3MR2J9GTS,859,2653
AMUH7TPV0Y3SN,1,3
A39KN6CVBQML32,131,470
A1RZ32JTYABQWI,1764,7261
AE1BMS962TGUK,1,3
A1H66YO2LT8CL4,1,3
A2K5EP7ISUKS4H,13,40
A1KEI83DD0RKGC,10,32
A1SY9CIT5IBBDM,2,6
AH8CY4TI7GB0D,1,3
A72GY2QLLLJ26,1755,7021
A3MONHA5DCPPLZ,9,27
A1OVOCBSYCR2KR,9,27
A3JDYGP8T4145S,235,749
AALNPUSTMP9DM,5,15
A2V3YLO8AFAB7Y,6,18
A2113NLIUYT5ID,4,12
A3LQAYU7SRU0BI,2,6
A3953QM5QH4B88,320,1079
A26JURTTR43V2W,1755,7062
A17VW66OGW0ZKA,3,9
AORZOX23M4V7S,5,15
A2LH2KPGICF8HX,35,108
A2SMTJ06ATP5NX,11,34
A1H4I7VO8YVMEI,2,6
A1IYGBTCR4C8D0,3,10
AY37TGWSAF6NU,1,3
A3O7G7NTWKC57H,1,3
A381PFTU2V7E2T,6,18
A2D1FIV2ISR001,2,6
A1Y3S2JVEXW1C2,1755,7055
ACEY1TFKA5HG3,3,9
A1KQ46BLZ8VEAG,1,3
A3CWQAP64ZQFWO,3,9
AVE93C3GPMTN2,80,246
A3B1B0NX0YUCMB,1,3
A2SS31AD92R6VD,13,39
A3O3JENDG8RZOA,15,45
A1N3DS96OC1VSP,1,3
AL2R8M0NF125C,1755,7075
AMVC9WTXYKNJ1,113,368
A2RIZEL6RI8RNJ,14,42
ATJ2DUUFDCP01,1760,7386
AN65KG18M4SDN,3,11
A26RNTHH6P38YJ,1759,7181
A2JN6RCKY12HKK,4,12
A37FNC8MW822NY,1,3
A3F3SUX8GHKGHW,3,9
A4R41IUBTO5OI,1,3
ADH0O8UVJOT10,442,1630
ABEMB3JC5VW00,273,848
ADDMIBGYB24P9,16,49
A1ECAXFKW72PWI,1,3
AZ5GQJ2LPEX6Z,1,3
A3MG13MFZFF6NO,9,27
A2O8GLBKIAZ38J,793,2382
ANTN61S4L7WG9,1,3
A3JC5NRW4S3GGY,1755,7025
A2FU139Z9387TB,1762,7224
A1ZPRFTV7X83R1,1,3
ADR2574FJ9HO6,5,15
A1AM6542ELQ20M,166,506
A2SKHG5ULPYIMC,1,3
A2XICPXO85V3CI,2,6
A3E9E5GWHOPOC9,1,3
A35Z84UCMOCMJX,793,2379
A13UOQL79OOLFS,6,19
AXXGP6UT41KAS,1,3
A3HECULKYIRQSD,6,19
ABD1GR5Q9VWMO,13,40
A2OZJFEZHMYKS9,1,3
AUWLTL7G7DSFC,140,435
A31M3BCJ95L4E3,1755,7021
A3OSRRJLZVT7T2,12,36
A2EK9Z0J4YXB2X,4,12
A3DTUC3H3DL6TZ,1,3
A2N81950LERXPS,4,12
A1QYA8ITKPV8CC,175,525
ARGUK7TTS1P48,1,3
A16PI619LGWOQB,11,33
A17WR54D1A9QIJ,1,3
A1HYADD8SOO3P9,8,24
A1S9I0VX77CA8V,186,561
A2NY66NSQV9AVY,2,6
A23033Q9WZBG4V,1,3
ARLY229F839NU,1768,7239
A1JHX9N3X3KZD0,1,3
A2BCE305MUUP8R,2,6
AUMGIMSSZ3DZM,1760,7164
AZ5CVBGVNQ6BK,20,61
A11INIL2YFJ137,32,99
AFOH0F3VHSTIU,852,3031
A155XHZBRTR268,1,3
A20ZEXDL7U3GBE,2,6
A1OE1PMESGILWL,12,37
A5O3ZBCOLILKQ,4,12
A2USZZ4Z0U6P1S,14,44
A1TXOT5KV7VUF7,1,3
A15R9VVGI055AB,8,25
A37MSQJ2TAHFZA,2,6
A3V0RZN8S54U4H,1,3
AGVNWU4NH0ZB1,3,9
A35IKUWBBVZMK3,1,3
A1NPEDCMUZT94F,1,3
A1JGIFKDTIHBL7,2,6
AZWC7CQEEDGDQ,1,3
A25DQZNBUQ1V4T,5,16
A2CWFCLX85ZPQ5,2,6
A1HOMPVF9XQLMS,2,8
A3BFYGU3PVYD9M,4,13
A5X6PJANY4XW4,1,3
A1U4ILE9EVN0XE,1,3
A2TS3F3LURU14D,1,3
AN7PZ6IUJ3H31,1,3
A2PGTBFPREFW0T,6,18
ASG42G9QTBUX1,1764,7162
A2SGC8YX4LB24E,1755,7059
A2KU19LQSMARHF,1,3
A1BN8134NN8IAC,1755,7024
A2YNN9YXOV1VDH,3,9
A167WWI0TX9F1W,5,15
A3LGOY7YGZN3OG,4,12
A2SMAPK3VZFSU6,1,3
A17PGY1YQBIYUE,6,18
A2QJLNHYKBFO2F,1,3
A1JY4FXENXE46,254,799
AOHR2Q90UXF23,1760,7158
A16JT2FXDESDY1,200,684
A100BB8D2BVA20,1,3
A1XTIPZ2GA9C98,6,18
A3MI2BBKDN8EFR,1790,7457
A2K0BGL5KMGQQV,1,3
A3KZASW5USFKC8,12,37
A15JOIZ99H7T54,1755,7108
A2NAK8HOR6I2TC,11,34
AHY6GVAWYU76,792,2376
A21GCOGHDQNHQS,1758,7138
AY15129AHWRSS,2,6
ANDT5AEFCINVM,1,3
A1V1YXJCC0R2XR,1758,7170
AR5FDMKUO0IO7,2,6
A1GOKUUDRB63FQ,1,3
A283PKSH7SHWIM,1755,7137
AP99CITSHD672,1,3
AU4BAL3CYCQLK,2,6
A2JH37L088OV6H,1,3
AO01EIISI3KS9,1755,7028
A2SW5QB3FESHZI,117,358
A1JD7L5HZ0L1V0,8,25
A2H8PV3DBZVJ6X,2,6
AGDWVRFL81B4O,1,3
A3O8T70CBHCG77,1,3
A2BTI8EKDZOXMH,4,12
A2B38M097QTKS5,4,12
AY16TR72ZNGC7,1,3
A11WFON79KKJ4U,1755,7020
ATZXBLSINB7X2,49,151
AB55ZPNUPHHN5,9,27
A9P4Q7KX35RS2,47,144
A1TNJ5721Q0928,2,7
A34PJAS16SWEES,1,3
A2T8JRVJRVNX8R,1,3
A18ZKZXXA3WHSJ,2,6
ARZDUMBRSICVH,11,33
A3S28GU71U1QQU,21,69
AKLVN28VMB6PO,2,6
A8XV3ZGLTG3CE,1,3
A2C46HQIZLYJUC,12,37
A2UL5MKTVJHVG5,1,3
A20IDM7JS7XNS9,1755,7025
A291EACR28RDWB,821,2497
A11IKVKY58S9OW,855,2639
A7XEGGBKPVJLD,1,3
A2IS6SXDC2Z3XG,84,262
A1K963REP2BG7,2,6
A3C84F7S2GP781,18,54
A14HWWYJGEYH8N,1,3
A2VYPA9XAXK0FU,791,2373
A1JN94YC1YN5QQ,3,9
A29OGQ83C0KYLE,96,296
A1DLTUNMANB6Y0,4,12
A3W5697D2MNECL,1,3
A2E3ZI3SUAWBUF,7,21
A2MQGG0X9PDG3Z,2,6
A1U66MB2K1KSX6,2,6
A33K8EOQH55J62,3,9
A3ICWM56MOGXD9,5,16
ASZ85329EDPMK,4,12
A1XWL3P039AV6W,839,2568
A28SW0DE4R66D3,1,3
A3D9UA1RQWJD2J,73,220
A3RODBAAVBBQFL,1,3
A3NYHMWROCAK77,20,60
A35QFQI0M46LWO,222,686
A2HV8CSJGY11ZC,24,73
A2Z85OIXM4NIDC,9,27
A1PKO8G4R3LCSK,1,3
A2S39PBQ1BJSUS,4,12
A10LFCQTVWNB95,11,41
AZPBJKH5Z9MJ3,1,3
A3V3RQLNN5KFL8,3,9
A2E5YEDFENFZYC,10,31
A3GSOP19A7LOWG,2575,9791
A3USVJXZXK7XRI,5,15
AHZSGU9X8K95Y,2,6
A15OW1YPT7N8GG,2,6
A30XMV31285L32,1,3
A2LYV42ZNJ3LVZ,87,262
AW1HA6JMN7MKB,4,12
A1P56Z6DAWXI4W,3,10
ANQDF3C3KX72T,1,3
A1ZWM1BGZOJN0R,819,2499
A2VGF9XN0C6X72,14,42
A1N4D43G6D2O8J,792,2384
A1M95MV47URCL7,851,2618
A2VY08MXXLNFWP,3,9
A2RTUHFU4EIW14,3,9
AG8CN3ZSOO3ZW,1755,7075
AMGOZN4OT8L9H,178,560
A3MU1GNLL0MHN9,1,3
AW91VDERXXKGT,1,3
A1C84DTGURRW5F,866,2693
A31997Q9ABEIE9,1,3
A1QA55NLYT3PJ,2,6
A1CSOWN67R0OLF,10,30
AWQ8VPPY8RY7J,795,2391
A3GB0VT94UJOZE,1,3
A3BLWR26J3I9BP,1,3
A3NK2295V6ACB7,45,138
A11D0H8MZ2BHCC,1,3
A2F26OVBDC7WWA,1906,8078
A2WD36PV4MP5NK,2,7
A3GJQYKZCX3332,1755,7043
A1H1HD7BYCRFVZ,1,3
AGCDMRHTB5G9Z,53,159
A229U8DEB5ZVDJ,3,9
A32NZIV3FHCK62,2,6
A1PT95UCZ4SCEE,1,3
A1RMMSRG4LW6CR,5,15
AQUYWDUTJSA0L,3,9
A1P9KMY9HW5VH7,3,9
A31JDZO6PBIVHZ,3,9
A1KM06XE57P8U,2,6
A10EYK3699YT9F,226,690
AQEN8MFFD7566,1755,7020
A3TRRQ6V0UW5QA,2,6
AIPZ5MUE3SSKR,1,3
A18U18LB87UUZN,793,2382
A3P8657JNXU0NQ,1755,7179
A33I0MEEN5OVIV,17,52
AOWXE79NY4K3I,5,15
A2CEA9OF86YGMW,791,2373
A1W0V14HR5LOUM,3,9
AACARGGYZPQVN,11,35
A3G6JB2I102YN8,1,3
AAEIBZRP499ZJ,13,39
A2RDI91JJM1KPT,4,13
A3EX7LFLLSP1EC,1,3
A3TG6MGBHINY6N,2,6
A2TD6A64Y2EF9L,1,3
AYVI04W3T3LOW,18,54
AOL9A9N3HHRZ4,14,44
AXFRKNJ1F5MF0,41,127
A2O6CI04LYU9MT,803,2416
ACI4A0U0U6C5B,28,84
A2WMKSTQT9RAE7,2,6
A3B8PIP8Y2PG31,1755,7083
A5E5KDJ3UGL9L,6,18
A3H5IW0521BL99,1755,7021
A1J2Z2IGEM2DVA,1,3
A2PLB2S75LVP3E,2,6
AVH6HPB4SLZGI,1755,7138
A14JU8HQSZE9VK,1,3
AC4XV78EJG1QB,1755,7025
A3TCD2T7V0A883,1756,7077
AKKUEME9U6G04,1,3
ADMCREI1PDZ6C,1,3
A3Q89NTZT4B2YU,1,3
ALDPO3PZWVLBD,5,15
A30IL95HM4Q0GX,1,3
A38A1N1JQMFPM6,52,156
A27E9UEA5ZMTN5,1789,7349
A3U5NV0JVS6UFY,1755,7077
A24PMZXY8HHWE7,798,2404
A29YXBFTD7QUP3,5,15
A3BCWZS7AY4CTT,166,508
A2HUKDNUX2J6QZ,2,6
A2NKYRHYGM9FZW,9,27
A1SPEJZZ0O8CSC,3,11
A2VY4CCIEBHF7E,1755,7155
A1AU3VDG7N5WFZ,2,6
AMS2CPERWN7JV,1,3
A2FFJCRIYMCVCZ,4,13
A3NFDZ3FP1M1K6,27,84
A1TI5300VRSK9C,14,44
A3RWY4JYI2UA6O,1,3
A2N3NEF6V791R0,17,55
A3OP3CYX2S2OXF,2,7
AZAXL62JHIHI6,1,3
A14A5BDLTXUZYJ,5,16
A1SHBAEPXUJASD,1,3
A10M9QGTF023T5,4,12
A1GDOZRK0VJL17,1,3
A11FHE5HXF9P20,3,9
A8QOXWEHESBHU,6,18
A3G1EZ5ZDHGF8K,2,6
A1HGNH8OYJ6CI3,6,18
A10YSW1LVV56BY,14,42
A1EO6D8DS6DQ2,875,2748
A3ULEEKRGP6KHQ,18,55
A5G7RZ8SZ6D5L,2,6
A1FL50C9FV0PU0,9,28
A86W2U6U6Y3K6,16,49
A3E5A6SOLK6CII,1,3
APYDDOEHC0PJE,1755,7029
AO5NVBWKNXMVH,4,12
A2Z0Y6AM5U1SQS,2,6
AQMC5X4N79Z6R,1,3
A2WC9NFLG57W4H,1,3
A1HU1M0I2YIFIF,1755,7142
A2POR8BZK0J6K4,1,3
A2YQWA1BKXGGRJ,6,18
A1PKRVSE1BG3ED,8,28
A3O5Z68W45NOTE,6,19
A488567QRS3VU,794,2385
A2IGRT60HPU4VQ,791,2373
A2C2DPAETXA2LA,2,6
APKTP98UFQPNF,1755,7033
A3FL7GYZZ1YQK3,15,47
A1K3NQAO49LXL2,1,3
A1BH17V8BKLES,59,180
A1ZYXMI4INSS8W,31,96
A1TF4XBPRQW23P,1756,7124
A33WTJ1CMWJ2CE,5,15
A3PXWIH0GI39GG,9,27
A1T3IGMJDPZSCU,3,10
A38G336QQATOJZ,66,198
A34MDOUASD3914,10,30
A1TNWVXFX9T7EK,2,6
A2S8O1372KQK3Y,6,18
A1JWNPOZJ29ROG,1755,7083
A8MTE6SIYM0GY,2,6
A3G29H5F3YH0EU,4,14
A3DIN9E5QQZ6VT,4,13
ALFB4SAM8HLS,1,3
A3UYRNWZSC9BHI,1755,7076
A1152A7BID6SAJ,2,6
A8JFBXF9QNTF6,2,6
A2N97VNHT1W928,5,17
A2CUIYVJAYI88K,2,6
A2MRE4IOZVNK9Z,1756,7041
A1X7NU01I9LTLQ,2,6
AR0FE0TLUDB4Y,106,322
A214Y8RCX04RAX,10,30
A36YWBYF15Y705,1,3
A7PVSBFMK5DNW,1,3
ABPZUV8SRDU1H,19,57
A99TMXJYXUL55,1755,7081
A3GEMQFMP0PH48,2,6
A3C1GOWBI1PCB6,972,3347
A20LCK4FTKA3Z4,1,3
A39EMMLBW6SLSB,14,44
A2HU88I9MFMW9V,3,9
A1Z47TYXHFKJIG,2,6
AEBHHO29C7UNO,1755,7071
AWPI659FWJ7XM,1,3
AUBELJGKLR7BI,795,2391
AWBYP4XWWC98L,1,3
AIQRKM68CXOB9,7,22
A102GSYM45XX7V,1,3
A353VHFQ9DDZK0,20,62
A27JGQLNMPJAPL,22,78
A1MM26M78136ZP,12,39
A1MKGB27C1XEH8,6,19
A1XFK2HBZ2S7NQ,93,287
A25K93BZ8GX9ZC,2,6
AXIAOQLEPB05M,3,10
A30B6CXGH4S1VH,1,3
APLIUILR4PSQX,1755,7024
A3UGWZYLLCNL3L,10,32
A2ZPY4IM17L09F,21,63
A1RJJN6NW90S06,11,33
A26KJNRUX70Y9Y,1755,7022
A3EAH1J9K8IBRN,8,24
A1AUDW7X02EEPJ,5,15
A1YRNTMTOHDGDR,10,33
A2158NV89I72OP,1939,7990
A2FQ92AZY7GDTC,3,9
A3FSC2BQQHFXWT,5,16
A2U5X53J7ESYDD,1755,7049
A21CJLXIU27CBK,9,28
A16F2Y3SUKVZ7I,1,3
A1PM81BTXGHSRI,12,36
A18ZWWAGJEJVI,1,3
ACUFGZWMYSBWA,2,6
A2B4AAZHOEBGE2,1,3
A17VOYFMS3O5AB,2,7
A3R4ETTL2T8JS,2,6
A1UJBDNJYUJOJY,1,3
A1WYRSVHOTYMJV,5,16
A1LKZ7AN18T5D8,1,3
A4O1N2T65H5U,2,6
A3LDLV1GWQJLEQ,40,124
A2YOO8QG992BME,7,26
A20KJ1P0NIVZHS,3,9
A2MHOAUFEUIE9I,3,9
ARIGP6UNC5ARJ,5,15
A0955928C2RRWOWZN7UC,7,21
A34EK0HVS6Q2KC,1,3
A3OCE03MZ2PC2J,12,45
AVI8KKCH5J0E6,7,22
A20XG3VWPOMR8T,1,3
A1IANNK4SNEI33,7,22
A2K6IK5N4ZTPSN,1755,7047
A6RC6N0BX27SX,1,3
A22Y96H2DPG9IU,1755,7033
A3NS11F5R1NXPL,19,57
A34Q65PNVVTDEL,1,3
A2NY92GZK7K2KW,1,3
A84MPHQBR99JO,8,26
AAEYVYQO0131X,2,6
A2USK96E2QQ9B,1755,7053
A18892JZ7KKN4R,179,615
A6TJHZHNK6XFY,1755,7062
ASUAE72QKVRGE,1,4
A33XCIS79CS3M,5,16
APFCW5OBXKSNB,1,3
A2J3ZZUEG8J6LD,2,6
AGN1CE9IL8MSU,11,33
A2857CRNKDJH0H,4,12
A1IZ65CR10GU5C,2,7
A3MB3R5IC4IW1B,1756,7025
A3NIJJ5J58HFR3,8,25
A3K69EWQXBSYNI,26,79
A28400TYEZU932,2,6
ARNC527WYHFX4,7,21
A5O9QU4CIYGIR,1755,7052
A2LDLM6X2J4RCL,36,108
A2T75HWYIM880R,1,3
A2PMRZGUQQ6V6Q,49,149
A2BZ5A6PTLKSWT,5,16
AB2G1XOBEGWK2,4,12
A1GGO7LW40VHTD,1,3
A2WH8ZPINSP88Q,25,75
A3LJM6341BSKJS,3,11
A1RFKXA3LYQWKQ,800,2414
A3LP5HH03I2UC0,4,12
A2D211E2TB9IZC,7,21
A3LJM25DKZAI3W,3,9
A1T324NP1DUKWD,122,374
A3HTQRWBZQ745,1,3
AJK15Q9JOEHRH,798,2697
A1Z8I26FTEM7OJ,4,12
A24QYDVR8BKT5,1,3
A3HG55162XCMMJ,6,18
A2VMXTG1FVVAHU,804,2420
A3J1X43FY9F1FU,1755,7076
A2JWW3XF0Z6KMI,6,18
A3KY3GD64EK62A,17,52
A5P3OZ56LQZCA,10,36
ABIVKBMSIPEDY,4,12
A13QT8JJVQO0Q3,1755,7024
A107K10JTO8NSH,14,43
A2ZKB8HUGY5GQO,41,136
A36YETCRHSOO26,17,55
A2C4L5VVJ9STNH,4,13
A2RYWPOL4NN2KG,2,6
A8YYQ1K8X1OTJ,47,143
AA0F19SUW6U1H,19,58
AZ8RSNU8PUZV9,1,3
A1WRXG59S4X02Q,1757,7382
AREXMMNTXZM81,8,27
A3KIIF02RNBRHV,1755,7023
A33O0G850R7C9N,1,3
A1WFXKB4MXWYWJ,155,477
A1RDGOGEHTQNO2,4,20
A21BPHIF3I9IRD,15,46
A3JJLAW4JXK83X,1,3
A8JUEC44TNBCI,17,55
ANKVW8VF8OX52,24,74
A1LA6LTNWWC5V8,1791,7590
A1FHF5Q78XJTDG,1,3
AGRXUAOGX6HLE,1,3
A2HJGGKX81RBXR,6,18
A1DCL58LMRJBT3,3,9
A1PFO8IKQVAZ4W,1755,7029
AELR7JLDHXUEK,1755,7021
A24PE2LHW5TH9D,839,2572
A2W8DO60D66H0L,9,27
A1NIKN47BZXWHV,75,253
A1L3H6SSKSRNGV,58,175
AFB7MSIPJIW68,7,21
A1O5WTMIE5DSNZ,13,39
AQ3R2511LRL99,4,12
A1Y1T4QR425VXC,1755,7097
A73DBMNMIASDR,803,2418
APATJEFG9RQUI,16,48
A3L5BE8SG85Q9B,2,6
ALV33FTOC032I,15,46
A176J6O2DA00G3,9,27
A11KC8G5UD9SNS,9,27
AXB1O554SDJ4N,1755,7067
A2B57D8JSP85VW,30,94
AZPD2GXU6QFAN,827,2520
A27U0CLB8ZMRVP,1,3
A1JAXFMXJAQ82K,3,10
ALHC64J88LVWO,2242,9450
A2VNZK9578J21O,1755,7061
A3MHH55JRBGAN,1,3
A214MI77WXVK9Q,10,30
A3EB603XPKXR4E,1,3
AXBJCYT2LWNU8,2,6
A16JNN1CAK4LGZ,9,28
A2OAU9LGBFS26,1755,7036
A3F6KHFAKUOZ0X,1755,7096
A2OPSPL8LSSJPC,22,74
ANZ3GVYW66TBS,4,12
AUY2N7EG6333A,18,57
A2W0AYDO7PNOGU,13,40
AZ7ZEWXOGH0VG,822,2503
A2U1Z3TZ4P76JB,5,16
A12N7TJQR2RB9W,1758,7111
A2SGRUOOXOEVWU,1755,7020
A5987DW8LMJA6,2,6
A1VP4QW35CHM3Y,7,22
A3B7EYODVI8T70,1755,7086
AJUMGOXVOXGP3,4,12
A2BQAXR21C8241,1,3
A2RJK27B8MESDF,258,860
A1FZ5BM3R2864W,1756,7113
AISX91Y5RNU9P,12,39
A2STKRWHRZM32V,3,9
A28MMKI8GBHJTU,16,49
A3MXFOT6E1SVCZ,4,12
A2EVOU4LN3W0MH,1755,7028
ACPF2WCSLB99G,1,3
A1V8MNA5PQETE5,182,549
A2G4NX701NJV5Z,3,9
A23GIQMBUVC8FY,1758,7092
A3LSOVLG9SW6MQ,7,21
A3MPX8SDJVVXKE,7,21
A2MAZQZSOE5HZP,2,6
A13QIVUS5AAEL0,1,3
A2B6VR4VQY13DT,1,3
A10QFIXISW1F3B,7,21
A2LW5AL0KQ9P1M,5,19
AK9JF6T7D8T4Q,1,3
A345PWU4ST401I,1774,7423
A3UNGDT4IWA2ZJ,807,2457
A28UMA3GW9L124,942,2870
A3TMZZM7NX8SR9,68,210
A3M6K1ZM1YELOC,19,57
ASNXAYVXVHGGK,3,9
A2XXCXXB7PBBEN,1755,7031
A1FSUT3FO0MARL,936,2966
A1JISH2AQDW1YW,1755,7092
AYGAJN3I0DV1,101,316
A10SOEZUPH9RQZ,1,3
A2I6PPEROPV1C1,1,3
A1HIJELECP0LEI,2,6
A11BR7LFSWEAIO,2,7
A1QCGLOSDV1L4M,4,12
A22ZUCOOYWHABF,1,3
ACQ41B1N2EVKW,1755,7028
AQQ91U1U4YKDF,1755,7037
A13H371UBH47UF,15,46
ABC68JUCPTVOE,12,42
A1J65X3BI6NGPZ,220,682
A2RWZFL593Q7Q,7,21
A2DJUKQ51QZTNK,1,3
A20BEKNZR4D2X4,1,3
A1A0G7MJL0HXCO,2,6
A39OW3NJYMRKNP,8,25
A3B203YVH5TV6,28,86
A8C9WGWHBRZ5E,3,10
A1TYT5C5JU2FKH,1,3
A3MNI0EXKWY3Y4,11,33
APPVLS8DNSF38,29,90
A2D15ONUZIIE63,1755,7051
A8ANJNZAZQ6IQ,231,718
AC10MP9RV6H83,4,12
A289SM4PSU5KUV,1,3
A52GGV55KT8AV,289,920
AVZ8G4I1NV6TN,32,99
A2KI5O8VNH0O59,13,41
A1F8W3JUV2XHLY,1755,7065
AWX54D5DU9TTM,1,3
A1ZKWJAAKJC1RD,1,3
A2ZYE710E5YYCW,3,9
A15N4RCENLMLQY,1,3
A1NRD7MUMZMJFL,6,18
A100G7ZXVK8B7Y,1755,7020
A10V6TIAPSKBI1,1,3
A2R6FVTRU1ZIIO,10,30
A1A9WJHKBSTI4C,20,65
A3JL6PM6GYM7CL,3,9
A3JS74BYH8IK8P,17,52
AXDZJQE6WI9CB,97,296
A1YB1HAIR5HYF,2,6
AFPJRV246WPN5,1,3
A19N2VNHSWRYBF,7,21
A1JVHQXG7GST9J,62,191
A6TX91K22G5BO,3,9
AZHUI87ZO5KBU,3,9
AJRP7MN4S6SR9,1,3
A19SHNFST11PNO,171,519
A3AOQK229SL48L,3,9
A2IPL1D6CBEMU1,4,13
A2LK9O4SZIELHD,1,3
A1MYB2S71KWSWT,1,3
A3JXFUXN03IUT5,30,91
ADD0XSCBG4YVG,2,6
AZSRTASFA52ZQ,1755,7029
ASBK8KKE1TXNB,16,48
A2X1F0WUJJP0FC,1,3
A28QCLKR2IKOYV,1,3
A1265X1RNZVIJZ,4,12
A1YYGXVZA97XFO,5,15
A60K3A8535404,34,107
A70K5OJVE8MF9,881,2739
AJFL6DCQ91A31,1755,7052
A1URDSPCI7JJW2,1,3
A36UC31FI583MC,1,3
A30EU1KOYXQMZZ,1,3
A4JUW57HU6K68,3,9
A3E5VGZRCOSZ0I,1,3
AS7NEIMZJCQ,13,39
A1WQMNFWS6DIA3,15,45
A3TUMFMSFTS3QA,1,3
AKS924RBGMPUC,1,3
A2K3M2TEV17EJK,11,35
A3VNF8RK67F16I,23,74
A3PHMU0Z70Z98R,2,6
A1968FVJ45AJF6,13,39
A2UVZ1NFSG1SKX,1,3
A2ZAQ3BGD7KI8X,27,83
AZS1B67PZE4KC,4,12
A24YEUAVPKT1VV,8,24
A1YRPYR3KF0EIM,1,3
A2BR12BYIGV1ER,7,22
A22FRGTQPLXJ83,1755,7022
A3I49HMI4LV6HU,8,24
A3UR7TWEU14W8A,1756,7166
A12JACD3F4MC03,16,49
AZSEUL0QIWCE5,24,73
A2T8TWZAWLQWBV,11,37
A319AHK7ERR2QC,2,6
AJI7EG92ZY4ZM,1,3
A25ORF72RXGY3F,20,75
A1ZESNKZ0RLS8J,8,26
A23W10SM2C5NZV,1,3
A3157YGT1NASJ7,13,39
A1GFJJ7Q9RVNX4,1,3
A1OT2Q4NXPKTZN,1758,7199
A345V01SS1MCSG,2,6
AAMM07UU1PRJJ,167,501
A2206923NH9ZDI,1,3
AAYAXHC63IX1D,813,2460
A3JP96RPAXFBAA,2,6
A3P4P9TDHEX4U2,854,2630
A2MAGKKVHUF21F,10,30
AG0AJSDWS2VL3,3,9
A1LCPQ9KSNGIRD,1,4
A1E7K3GAWPFSSA,4,12
A26JUH3D3R7O6V,1,3
A3J7KKG9O7KAZM,19,57
AVI3JOEHPJY04,1,3
A22DWMRX0K33EB,1755,7116
A2LJ6YNOZU6ND,34,110
A2XKROL6XBFHT3,110,349
A1XJKAH0QCUVWD,1,3
A36QYW3QRR24VM,3,9
A23LKR4GASF59Y,11,39
A3O1FEEEGG52YL,52,158
AEGXVH5GAFP2I,9,27
A2V6NEJM4LWPEU,6,18
A2W1N3EE8QBPTV,16,50
A2XWX5RKL506H4,1,3
A3H3MZ50GHNLYH,1755,7029
A2D8TEYW3GGTAZ,1755,7068
AEYV4BNI65LWR,2,6
A2HHDI9DU96OO1,10,30
A2HPAIZM6IO80,1,4
A2VXKVJV7KIGMD,14,47
A15Q00F5DYW2HT,1755,7037
A14Q9BGQPA60E8,20,60
A1DRNLP835CFAJ,1,3
A1PD9ZCHDJOGBP,36,114
A26EPMURM4UJJM,1757,7186
A2TVH2OBNXYXHV,19,66
A165EMA3YTIM6A,176,608
A12V0LQ1ZKGEN8,4,12
A24ZS806GUBOJT,1,3
A2DJRUF2O3Q6GQ,1,3
A19O4JBATVY8RS,1,3
AKAO36JRS66Z3,14,42
A2CB28TGZICE1K,220,739
A3200TEQBFSDRX,10,32
AQ3E2VTNX5GXG,3,10
A3H5N0BJCNJZV3,40,121
A33IJGLTVS5MDS,9,27
A1AT96XVEMZ6ST,3,9
A1N1WLE3YGJS43,834,2617
A3VOE4XCN372UX,3,9
A2Z4OXILI7VFU6,14,42
A323VSEYKF067T,1755,7031
A1BH5UJ5ISKVAX,3,9
A1IIZLFW6KHGN3,896,2825
A306RCTT0J2H24,5,16
A39D1M9FAPOIPX,6,18
A2DE5UPQJSIPKR,42,129
A3G2Q4XU1LL4US,11,33
A34EGGJLO553D8,3,9
ABZYVME9NYCQG,62,198
A28CYNUYITIMBS,49,152
AW15SZ1TK12NX,11,33
A3AHXV9TBOB8GH,17,52
A1PY1V8H95BR7Q,1,3
A1TZKB4BGXBACI,3,9
A2GTYRAW4PEIHQ,28,90
AUS5X6IMFLJBD,1755,7020
A20A54FAC3UOLW,1,3
AOFLZO8T1IF3B,1764,7277
A3RTP06E9ZKMJV,52,163
ACPO6HA4W9VFO,1,3
AQ42ZV7QVJPXF,1,3
A1MAQN06UR5V1,1,3
A1TWP6OKFKS9T3,808,2443
A3M7HQGISBRR4I,2,6
A1C9VRRVJQZYM9,7,24
A2QS0JDY1J4DWT,2,8
A2TFGG9P6PCJQU,1,3
AZSJ9IZTD20I4,3,9
A1W2RSYHE33EBB,170,514
A3FMD34MRUJJ3I,1,4
A2PBMCBT1R8TTL,1,3
A3UJRQF8Z39J3S,159,564
A27TOXI503M523,1,3
APQP0LSN55OTJ,2,6
A346AJDT8AQ3MR,812,2466
ACHEU5WK5G85I,1,3
A2KFPQX8HI1IDU,802,2418
A3K96R872MUM3D,4,12
A4KVIPXGQDGKC,9,30
A2LIPW7MH4UZCB,12,36
AH605KBE30GV0,5,16
A25WMWZ8072N0Y,13,39
A2JT8VKTOA12ZG,2,6
A1NVXQG8NQD8TQ,812,2471
A3PL8ENSYWS1PZ,1841,7689
AQQN414PCY46A,1,3
AAP2UZ88T87LG,2,6
A23VR62UJV3SLZ,1,3
A15NHVP541M4LF,2,6
A4ALSQ3C3HI4L,213,655
A1M9MHQJCZ4PTN,8,24
A2FWCXHXBLIO9T,2,6
AYRS1UQPJWH3T,1755,7058
A1UMO57A3IQGT7,1,3
A159H8SA0QES51,2,6
A2NCWR5G54L8DV,6,20
A276LURUXEM44X,808,2436
A2FQI4YQWAL7S2,35,106
AR7O653NMY6QQ,1,3
A33SX0AD5PYD9B,2,6
A26516K0JFT5TS,1,3
A1OTBE07P89UOT,2,6
AB2X5IZXEJE6F,1755,7043
AC3YNTR5UXE8L,1,3
A2MCO6CFF30B9N,22,67
A2ZSLO3BED8L9H,1,3
A12YPQOMPDEO3K,2524,9517
A3CCY53F5DTBAT,1,3
A2CCZG6A48JGL,7,23
A20CR88FAHCMH5,4,12
A2QRBBEK41CAKO,27,86
A141HWMZBZRC0O,1,3
A2O9DRXUY6OI4Y,8,24
A366Z0VVOYOHG0,6,19
ADIIUV2UR1FB1,5,15
A2Y4US1428RKGM,5,15
A1W41101PRMTG2,47,142
A38DCVO9SZHW68,11,34
A1QDWRDRJOWR20,2,6
A1R1C18MZ9HOZS,25,76
AMU3EIC4EOPX4,33,103
A37MH7ICH80QOX,1,3
A2C5QGBZIZ3EM3,1755,7028
A3KH5J0TN9YLFE,1755,7023
A2Z8RI6G778JSO,2,6
A3UTE8JQ2OO0LR,1756,7061
A7LYUT1DNLTL0,2,6
A3CNFMV0IISC3C,4,13
A1JLKREY1PFXF2,1757,7135
A30E61TNEGXC0G,8,26
A1S1EOKGNLQRAZ,189,573
AY8KM3J9EDOZZ,16,49
A3163NV2BD2LU1,14,44
A3O9W4UZVF2YUM,5,15
A1HQIHWDRD3Y0L,5,16
AEA4HMBG1A6KX,1,3
A23Z5JH2BU1RHO,375,1244
A3NLKLDSK0C3HU,4,12
A1AXQFKL963O2Z,111,344
AUJIJTI7RXARM,104,319
A2BGZ52M908MJY,90,325
A124I9SMYT8O2A,4,12
A2IX8WBMOTDVP5,1,3
A1V3N0LF1QGG0X,87,276
A2FZ4Z0UFA1OR8,1755,7151
ARADXCOUVBS09,1755,7020
ALNFHVS3SC4FV,9,30
ANU2BFZ9STYXU,1755,7060
A3T5EB75IPW75D,1,3
A2W4QL2N246HTU,4,12
A2PTFTFHE4OZ2K,1,3
A1W78ZCW3O0VOS,1755,7027
A2PUJNTDSE5IV1,13,40
A217D8OOMAYWT8,196,596
A1CUR2LVZDHOTK,2,6
A3RAVQ1BRDEROE,798,2398
A369KCOULYQJSI,69,208
A3S0VFF2S56D5Q,5,15
A3PZYKYBGM8K7G,30,107
A1U0VYRIUZ0EJB,8,25
A3UMHLNCYOWZP9,1,3
A381KAG9TEXYLN,798,2410
AO2F8I8AOSCPX,3,10
A2XENXLJO8MHZ2,1,3
A3BW20C60G3UFX,1,3
A1JV5JBO21M7QR,1755,7032
A1E3DBMWNYESL0,1,3
A35F6PI3AA9O0Y,168,586
AEZXDEP9AH92Q,1,3
A1W228ES4U9GDQ,93,301
AJ0I8H7U2R8YQ,17,54
A3O85SQYOB3P5P,1755,7020
A3LRAH7MCZSPZZ,1,3
A2Z2J7PV4IWAV4,163,504
A3SUEHOS06EPFT,1,3
A1AHPUR56FQMP,9,27
A4SOWB6PDWFST,1,3
A209RLBSGN5AH9,821,2492
A23Z9OL12GTGM0,8,24
A2R23XWFKPIGSM,13,39
AP1C54U6L3G1F,1,3
AC8ZED5HVVMSE,7,21
A3UALD7ZJ1C7K1,5,15
A1TY1HSQCPHL2T,5,15
A29B4PAIOL7HYG,26,98
A2JRYX6JO8W9WD,2,6
AYZMY02DJ6DM4,1,3
A9RAHOMYAQB51,2,6
AFDE6JQDVQBNZ,3,9
A26EME05ZI6P8E,1,3
A2OVHUVMINVOII,1,3
AJEPFI01FQ0B5,1,3
A39NJDRQKOV216,379,1268
A2752Z5J2DGL3E,34,107
AOYWV3BVL0U6D,1,3
AQ6H2DTIT2081,1,3
AWYVXDFURDM3,14,42
A2WX98O51KJ0C6,1,3
A394N30OI279N6,2,6
A209FU75Q7QBMR,6,18
A3MXD15QGTOT9J,106,322
A1SYOK2QUWRSOJ,3,9
A1TIXUYLY7LXQ4,1,3
A226NU2YSK73Z3,1755,7027
AB9TKAP1CPKQG,2,6
A15RHWYAZNJ7CE,3,9
AUB0AZ4C2VHZQ,1,3
A1WYLAIKW487H6,1,3
A5UN2AOYQWYPU,4,12
A20Y7TBPWI17CU,1,3
A1ADLTKOOP662L,1755,7051
AFLUKTMN938HG,1755,7023
A13DNFPXX0L63S,1,3
A19OOIXU7I2DVJ,1,3
A1MMLV4R1W84VS,3,9
A3LNBL3ZK0DR3C,238,754
A1CLFGRPQAJYS3,25,78
AIP5WPWPNOKOQ,1777,7344
A1HUD4KZ1NVDC1,3,10
ANWZUOXV9MDGS,7,21
A17CBXGOOCC7T3,2,6
AS4RFOWSTXZP1,1758,7134
A1P2Y0GJAXPGCE,825,2505
AGH56T8LTF6K9,33,101
A5OEURDR8CKT3,2,6
AO3P8MXILKP5H,3,9
A1JDT2X4BYHZZL,100,301
A2QPOSAXOQXNGW,4,12
AKDQ6O42VUK1U,63,191
A2HJLTT68C2ZCS,4,14
ARDAVTGX8JFDY,8,25
ADQBX21KBGKHM,1,4
A18SQARL3LTII1,1,3
ASOE3XCOB77ZU,1,3
A2TUCG84SU2API,925,2922
AV767QSXW6YBQ,4,13
A2W5I9S9M18PHU,30,91
A88QK37PEW3KR,4,12
A8HHJPZIS2AZO,1,3
A4YJ4XG91S889,4,12
A3TU30ASQ1S0HS,9,27
A1K8S8NKZM9FTT,2,6
AMB2WY0B6ZJN4,1,3
AV066DXE8FVBK,1755,7105
AVY8D3ULJTX0H,63,189
A1GAH3FHS22X6V,2516,9437
A8LC5CD5DEC6Q,15,46
A1T3PBZ7DVBC26,217,691
A2Q4DG0VVXK4VX,2,6
A1H1X1913Y1XAP,3,9
A2D0F87RY5YMHN,2919,11586
A2O1R1S7TIFT9N,4,12
A2U04NN8TIVUCB,35,107
A27GPJSZDRQ1ZW,1776,7370
AKDQDWT2QUDS0,47,150
A834C1H9J9P7E,791,2373
A2LK1Y762WCWSW,1,3
A1XXIGNK1YZ486,2,6
A3FM5P6PLK1ZRK,1,3
A3E9TVCJKQT4BP,1755,7034
A1HPVZMQK7AENS,1,3
A3PR33B82ECELN,3,9
A25GCHJW5BNPPM,1,3
A1FBAGKVLMWAN7,1755,7068
A5U8E89YMB3NZ,1,3
A11YUZGA774N9X,839,2631
A2RMFC7L8EAGY4,1755,7020
AGXS84QRM01ZE,337,1051
AF5SCMF8IUN9I,84,266
A36Z6YAU07G85Q,1,3
A2US3G34U2C15H,6,18
AJZ0YXY0AVUVS,1,3
A1GF0Q8VRMJDNF,8,27
AUMTCBDAV1KGL,1755,7141
A2O8SYNMOHJQJS,4,12
AJKR2O5NBI6LE,1799,7500
A1NQZBFU37T641,1755,7047
A1BSZJ9ES4K35I,1755,7083
A2TOXD7PB2G0YX,1,3
A2P39XLV0VE0HG,34,110
ATDRLSZOUJNND,5,16
A3O0XPJDCFHUMF,1755,7030
A1ZRMGNB5NZFQX,28,84
AIQ1QQ76YW44W,1755,7072
A2K3W40WI49NQR,1,3
A1PPW0XHAAZNMI,801,2418
A2B5YWQ4B82BY7,1758,7107
A26Y7G0VFYUYSL,1,3
A9E4E0WAZGP20,11,33
A34TQK3RDI72GA,2,6
A294N8YW6BUGHO,18,57
AT9GYGSPPZMRO,3,9
A2BGCOYIXW1211,1755,7081
A2TXJMOBILMW09,14,42
A1W1OMVR41OCC,1,3
A1EAXTNAAONVMH,74,225
A190HSAB8U0122,1,3
A1OMDG7MUPJO8J,1755,7059
A3S583K80QN1VG,2,6
A36J8WMIGVM98W,1755,7024
A13TPRL4FUV6SR,1,3
A1XRDMZ7AKCGVR,3,9
A3D420FUEHBNOG,803,2422
A3PQMCK3TTIDAI,1,3
AAJZ6ZG1CS01Q,4,12
A1R2VB3Z8AZG1L,793,2379
A1DVPAU0CQ2D56,1,3
AQP0RYI95IDLK,3,9
A1U8NRSVTWZG1C,1,3
A25AR88DNKJUF4,6,18
A3USVXMH3QNRLG,43,136
A17XUV8GT7MMVX,1,3
A34BZPTKSY68PB,2,7
A3TTWXAB0SK6ND,11,34
A2RAXT7VHF4GTB,5,16
A1E5FQZTUM8OC1,2,6
A3MYWHYZ30WLQJ,6,18
A1J2SF2P2GYZRA,34,102
A1K9I5JRVQVCEY,1,3
A1F1BDSNJ6IQ41,8,24
AN5ISBOQ5U7C,1,3
AHL2DMLJK6M9B,2,6
A202WUJ5CPIJYA,16,49
AMMA03BF8UDIF,42,127
A3CSSZ6U5J4YS5,33,103
AKV1EJSHOPLP7,3,9
AT3RFJ4E1A8GC,2,6
A2XBYB5LIPXM8,2,6
A33FB5GBM8FV7F,1,3
A33QPC51A7YWIL,851,2672
APBZTFB6Y3TUX,1757,7164
A12U5ZDBLUTSA2,78,238
A25IQL2MT2N2WH,17,51
AZE83O4F1IJPR,68,217
AVIAWQYZLXGI0,7,21
A3IDKQ6THDMNWF,11,35
A251GDPNX8J4RD,16,49
A3PJ9KT4MGVN44,1,3
A1NFHTKPJVU8YT,3,9
A15XPZYBPBHMVS,2,6
A1YE7NIMPEI7G6,23,70
A3OS405BTMAOL0,2,6
AKPVT396SPLII,7,21
A36JRLXW4NQ424,13,40
A26XO77O4UZAM1,2,6
A2IQL5GQ0X26NQ,25,75
A2EY63WNK0X98C,6,18
AKSIPDAY1YN80,3,10
A15DDNZVYF6F5Z,1755,7020
A3UCGC1DHFMBCE,5,15
A31NHH5WU5TR7,6,18
A1X1HUQZ8RMCJB,1755,7022
ANNINLZH5569J,3,9
A2C1E4G0BJF6Q8,3,10
A376AVCLSNIQF6,2,6
A2VEBRLHIZANUH,1755,7116
APH7O58XJXKPT,23,72
A2H0XYMZUD61X,2,6
A1ND7SJC3PP8RP,1755,7020
A3V1O7TB01GN4J,51,153
AQFOCVEBDCYU9,5,15
A1DLZY0L0J4YZF,6,18
A2EXKEXH7ESI5F,1755,7027
A3F5PI5IGUOJ5J,4,12
A1Q5PKKIH2FERJ,3,9
A5GVONY6JLFUO,4,12
AKTZ6F83E7M78,1,3
A2C4EG9LRTNQW1,3,9
A2NWE31YMITEO5,820,2494
A3ESLNMC3AIRYE,1,3
A3I1HOA0LVXIKN,150,450
A3KDRLIBWILPMJ,8,25
A2ND9POX2O7WJ9,150,450
A2FX96JUNJ7TWK,1976,8260
A36O3HMUCVX7DZ,3,9
A1A4JK51WCWMJW,4,12
A2VUX3TITBDUHA,11,35
AFHL3XCW6FNJC,1755,7025
AZ9KESC05F6RI,3,9
A2TIRDHRQDG8VF,1,3
A17KQY4T4RZ7RT,6,18
A24WDIWRDGM8IJ,2,6
A1GMWTGXW682GB,50,164
A3D2A5LJQCAJRK,1,3
A8ZFIYWUALUWI,1,3
A28C1QOWR31BQV,8,24
A36088G8NLMTYL,8,25
A1F2MZYNJ3WKDJ,6,20
AXS1H22J1821I,1,3
A1FK2RQMX0SOXZ,829,2535
ALW52MU3OYVGZ,3,9
AHLMH1EAOTE20,6,18
A187O3DQN82H8X,1755,7046
A2G6ON0XXRZM26,794,2387
A2CMLJCVVKLWBI,3,9
A2J686EODI1ZP1,1757,7133
AJ4I3AMXNVJ03,1,3
A38LG7W82C4SKM,4,13
A6LHCT7P53RSA,4,12
A3C1ZF0KFP08GX,1,3
A3NZJPR4S86P00,5,15
A74C76GZO0XP,58,174
AGJH8QF7G4BZJ,8,24
A3I50HTFA8Y0YS,8,27
A3OVPRHUSKU7T3,1,3
A1G8WEGW0IBV20,1,3
A3E5VF4NK5XAY5,811,2459
AGAARZSJDV4I7,20,64
A3O48JIXUS8XCX,21,67
A3G4YMDOTVWP5V,1,3
A1FSW9HU6X2ARV,838,2565
A3UV1R8Q3YV7G6,1755,7069
AGFU94K8QA16U,1,3
A1YSYZTXYMY5IF,1,3
A21AHPNNBWMRLI,1755,7033
ASGRCZLCNBELE,29,88
A14GU9QFDX54A2,1,3
A3CMFL6GPXO7NN,821,2484
A2HHVYBD6H9728,1,3
A1T5K68LF4PDZ5,791,2373
A3MTJX58SN7AWX,1,3
ACSI2UL9IZTNS,11,35
AN3I8D93PDFO,1,3
A3N3GO95Y8INUB,1,3
A231WOW3CUGQ6A,32,99
A3PPZ8PU7NI75H,4,12
A1ZMILIOWUHCP5,2,6
A18Q6UPKKY6OI8,1767,7161
AS03BVDBLJC06,43,138
A1EVY66I5WSYB4,1,3
A143RE844E0MSI,1,3
AMB5L7WUBUVDM,2,7
A1UFFJI55PQB6Z,3,9
A1SFHNGK5VXQ19,5,15
A2N79NB4630M1H,1755,7023
A1OB8JDX1C5IZE,4,12
A18NBARHR5HI7J,1,3
A2LDCAGY41TKNW,1755,7081
A3KADSDCDT9LH5,1,3
A1FD2AKKVSASAI,2,6
A1Z3RYRY4B4DAD,158,475
AAJQWFA5Y42G5,4,12
AT1H8X9AFWSYG,2,6
A3ALG5BHY1I9IC,10,30
A3KTFEFK4HMD8M,2,6
A1G0YYBJ6TXYVL,1755,7024
A2XMYEFRD69NNG,1,3
A1IWHZE3TDX6Y6,3,9
A6UG89LI7AKAG,1756,7067
A2JJ8R8YRN3L7O,1,3
A32XF21CIE8I73,3,9
A2MJGKSFWDDHXI,8,24
A1REPV7AD8ZBUJ,3,10
A2VCANR3N99OX,1,3
A3R9H28JLLJGV0,8,24
A1Z7UGN5IK9M8X,1755,7027
A2U631KM7B077F,9,27
A67EDARFGM4DB,2,6
A2MR43RDPZX3J,77,257
A2QE7EFJG221FZ,271,843
A2GOWLNB6BARU5,2,6
AWTF0ZV4J7VK3,2,6
A3L0NW6835H9O4,3,9
A3TX0JM1TH59YS,19,58
A2TZ6NA3YCXIXE,1,3
A1VS427VTL2CG3,16,49
A3JEPPCGV55FAQ,1,4
A3QU89L4O97QM,10,33
A3NZEANNP0K7YG,832,2534
A1U6CFBJBSC2CM,793,2383
AYZ827R1ZWUW0,15,45
A3SX4EY7GUJIVY,1,3
AT4OB5DNSUYR1,50,157
AJ8BHDIPCA0CB,1755,7069
ALNI2ZVLR4L5G,1,3
A15TYOEWBQYF0X,3523,14479
A364X3X7ZM72D3,1,3
A2D7Y0GK354OLM,1,3
A1B79N2KRU2TN9,117,359
A3MKWRNTFK457F,8,24
A2QADG2WPXEKOV,2,6
A23T4EXRCVW8QA,44,137
A310FYPA3WT1O0,47,141
A1VT7M2OBPGOJH,1,3
A1RSKRGD0YYIRQ,1,3
A110TZ4MFEVSSE,1,3
A4WYCW63XR1UU,1,3
A1YW5ZQBEIFN5Q,81,246
A3T5Q20303AGAL,11,33
A2QZYVYYU025HI,3,9
AMPHWQQ680JMQ,1,3
AOGFEF4OR3JK0,3,9
A2OXGMC9N9GUUO,1755,7104
AF79PUU0A2616,47,150
A1RL4ADBSS1EEX,5,15
ARD0CMQ4LC768,4,12
A14JDE3EVHXBMG,808,2441
A3GHEKA4ZRCNI3,1755,7068
A30G30YPWGJVDT,1,3
A3CIDNNKZ0SX9D,1758,7109
A12MY3FEA59XXN,11,33
A3AAUG2Z6BD186,41,128
A3GNWLMIMUTSCJ,25,79
A26XYQUBBTV0U6,1,3
A3KMUENZXZSW0O,2,6
A5MCDQ60DWUEV,1755,7034
AGA9I0ZNT88QK,1,3
A1HIP9HR2UI0X6,1765,7408
AT5APBVO80HIO,1755,7055
A2OTZL6HEM9RPY,2,6
A1DIG2OO1T1851,1,3
A2B071UMAREK5B,1,3
A2HAE5VHD80CA9,8,24
A41O6WZGNA7K9,1755,7029
A7G16FOXDA166,1,3
A3NYXZB4D9LLFT,7,21
A83D1R7YMAS1L,277,851
A32XC5P9YISTH2,538,1841
A3UZWBFYP5D90C,2,6
A2SJ8D91KWJMC4,1,3
ATVUMVCBW0P9G,1755,7030
A1X5TSZBSR8VNP,1755,7036
AA9KEZCCJ18E7,3,9
A1PKNL5VEEV8G6,1,3
AIAOY4OFEM2Z0,38,116
A1N7R8GCPF5KL,1,3
ARTUOK8K82AAD,190,580
A54JYLX8TY2ST,843,2584
A3FC3WD7644O07,162,491
AB5G8SRIV97L5,20,62
AJ9G2SE5KJPA8,1757,7116
A1DC97AFGW2CSU,9,27
A3SG2W1IFVT6OO,69,211
AMH3MVGRC2YG,14,43
A2A4A7AST0DG9F,41,124
ANWF8FA1G2BDL,1755,7043
AMV0MERX1A37,4,12
A3OZC468867FW8,3,9
A1KIW9VR82EB8K,2,6
A3DH53FPYSP9E,1,3
A3D3DSMQLWZ1WB,1755,7041
A1RZPC2I83AUAL,1,3
A3GPYYMQ9P8A56,2,6
A2LD51CXVIA36V,829,2559
A1DA6RO6MIR18F,28,87
A1AKL4HCVQ644U,3,9
A1I8NS61Q5FP84,3,9
A1DH2VJO5T561I,8,24
A2CEPFL7F9BLK1,1,3
A1KO5IM1F8UAF9,2,6
A1LCBC0VNTE0HQ,5,15
A2C7H0BURU4EJO,1,3
A2LE9QQY1WZ48O,187,605
AMHW7LE3QCAQ3,1,3
AKPBN9TLMGH9O,1,3
ACSX8HHLP5ZOV,1,3
AWCSF8SJ70VO7,14,42
A324BTIEJPI0F6,1,3
A1ROQOWH7MQXDP,54,162
ANM2079SSM7OS,2,6
A2Q1ISFZU0KZ01,1755,7368
AUOOUDU9O3GKQ,4,12
A2ZEWEMA2AWOA5,1755,7020
A35PBWHZDBZD2W,1,3
A3Q6XPY7W480FI,7,23
A1VKGS43BK83G7,6,18
A1QMFW9LRGC5MC,1846,7749
A1JEA2HJZSKN8A,1755,7141
A2A4FBTZGKPQG5,51,153
A2JMNYV3IYM5C4,1,3
A2AOIAL8X3ESWJ,872,2699
A147UVEZ186SLD,1,3
A3L14A6BVXVWO2,2,6
A1WVA7V02PQOY6,11,34
A2A5Q60O3CYUFN,6,18
A2CPP7BZKOF9TP,8,24
A25TJ81YTP053X,15,45
A3KX8SVSUCSHKU,849,2617
A1C92KYEEU1T0G,3,9
A1OB9FXTQP6T2D,18,55
A1CTZLFGSQX0VI,1,3
A1ZWKAFL352WRK,23,69
A2G4HI1U27ZIX9,3,9
A1AA7FK3DPDDL6,2,6
A2GBU6IFD1YVAG,2,6
A3AQLWKQK9PHRH,1755,7057
A2UUCIXVXN6ICH,1,3
A1C0RWKM587K5R,5,15
ADD64KOCUK4TL,1,3
A1EWA6MJK6KG8P,2,6
A26GHQOTRZMGG8,9,28
A25FNDKPFR5W9N,1,3
A2PPBGAZZ4D9KA,1755,7020
A1GF4BH6WPBZ4Y,2,6
A1NAA1R38JSNHV,309,989
A2HMYZIBY0ETGP,3,9
ARNNTMQHKZ3PX,7,22
A2TGYMCIC89A3F,4,12
A1JXNDR68ZJZX4,2,6
A1GD1VSECI7QOZ,1,3
A2J4UAF6RW13WK,176,558
A2M1E19U8XCMKW,1,3
A22RVID2KZX94I,1755,7039
A3C0P5ERN19S2G,1,3
A1JMQ802UZ3FWI,2,6
A3E28HO1Q87O5Y,792,2377
A1NNBJRXPIDA12,2,7
A1EZJATOGOBNGU,25,78
A32GRM9BYQDNOU,7,22
A2U51K4MI1UA7T,4,12
ABWDIQKS9GXO4,238,732
A1J1QTSLZY67R7,5,15
A3VVSGJ990GV0U,7,21
A29CURRQW4I3ZB,1755,7075
AUG6DZGF76DIR,32,100
AEMC16IPBZORW,6,18
A2X1UW7ITXKMY2,892,2798
A3R7OBBV42JO7O,1,3
A11H441ESG1V9N,4,12
A36P7B5ATSALNG,1755,7036
A2AUR5QE62FJJV,1755,7045
A329823SXZ8IBE,1,3
A22WHJNI9OJWCU,4,12
A39KDVU5JAXJIF,2,6
A170DUCSTHOIGS,1758,7145
AJ71UUIL8OK6D,1,3
A244DE1W9SUVOU,1,3
A1U8Y9T6SZEMTZ,1,3
A5RJR10PS1FFK,2,6
A1T3WVRYGC4FBD,86,260
A1VHYBN1NV73LZ,8,30
A2SJVOY2KYCFS,1755,7021
A35VEXPBUMVS6W,1,3
AH2PTNOFFKM84,6,18
A2CB0K15ISRDO5,2,6
A2XX9SGBBTUY15,814,2460
A13M352PXE1JMV,3,9
AVDW3OAVWWE05,21,63
ASD9Y0W3LAG5J,1,3
ALB0WOB3S2PI2,1,3
A2CC58C9HDK8U5,4,13
A2P3Q65JU68Z5M,1,3
A195K7P1FF4YFA,27,82
A332G2HH85VFKU,1,3
A28K2KYW2P9NC6,2,6
ACYCDUUE9A3T2,1,3
APN77K8OVE97N,13,41
A21RMYZFHVHRIZ,27,83
ACGZ3KW4F4P3R,10,32
A2FFVHOYUTAZ7N,1,3
A26HONN6NI7APU,2,6
A1G3EUCK0QT5BV,3,9
AKYYL3UQEXD4R,29,95
A2J00CJ83IKQ7S,9,27
A2STHCZRSGN30K,1,3
A2TD5Y5X6QWQ4L,1,3
A2JJYBRLEOGOP,1,3
A19SQT2QD0GJSI,3,9
A2YR3YHZ2AN0OD,1,3
A3KYLFCWCW98YJ,11,35
A3HZYMMVCOOXPM,1,3
A2TTYZ3X5WOA8Y,7,24
A1KPMS8GTBY49L,1,3
A28W76B8LAT0EQ,15,45
A2IQAGHCN13DK,2,6
A17EK40DID800R,37,111
A2NHTMHQVDPM4T,818,2471
A3MV2IPD6S734I,13,39
A2I7WFSKYB45YH,42,126
A1OCUKI8ZBUVX3,820,2487
A9YNEQV8HDWU1,1,3
A3CGOR5CVRHBWQ,1755,7098
A1G8ICG5K2WVUO,32,96
A1MDTD1U0LFRO8,22,72
A3TH7JFRIOPMQ4,398,1281
A1EX4410F46C8O,7,23
AGTPUJU1GLPIC,1,3
A1QSBQRPEKG8YS,1,3
A1UMI6B6K96WJD,1,3
A2N7MWH1OIIL7U,2,6
A1Q6DS8KHRLEKF,1,3
A3SK4WFWME8A8N,4,12
AX71EDWGK5ND5,806,2430
A30UHOEY28ZZJD,2,6
A1RRZ37HAD2QPP,2,6
AED8KPFH49GXU,2,6
A79VZX63NWYK,60,181
A119FJ8J7UQW0X,4,12
A12WTFZ1MXQ470,1,3
A2QCYG77DU91G4,2,6
A2DD4Z5UNLDVJT,908,2851
A13MUBJYFHC0QV,6,18
A17G8GQM941JTC,31,93
A2KWBJIS8TVJ2S,2,6
AG4RFOU2F3BX3,4,12
A1JT70EPGRCI7T,89,268
A3LMQL5OY2PZRB,817,2471
AY1A1AM91PZ9T,2,6
A3PBFMN1QU4VWV,8,24
A1ZESJAAYZOH1J,1756,7055
ATSCC43JZ534Q,1758,7205
A2HLJN3CCUDZRF,67,203
A3P2LWVURE0TT4,792,2379
A2KSZXQOEIR7O,1,3
A2OL5WLCNZVD9K,12,36
ASSAJU16BTEXZ,1755,7034
A31XF9ESC4ZUF5,1,3
A6VDM8UA2XJ8Y,1755,7022
A1K2EULNSVF0AV,7,21
AU6MPDVQ0K99A,88,271
A3Q249B1CT7841,4,13
A24CVTS4QZM2EL,1775,7305
A3A3ZCWP7Z4V4K,18,54
A1IYBO676W7GV6,19,60
A3JNGYB9DZDR60,796,2394
A2UXYLGTHSQEKA,3,9
A10SEQCZXCGREJ,7,21
A2M163OTDFAI19,2,6
A8P28L60YBJTT,2,6
A3AH15WQFEBAWX,1,3
A1GSI7FGYMX9RI,15,45
A3IZWMH81ECQ0Q,12,37
A36PFVYT15GZC2,57,173
A1RJ2U73T6JT1Z,1755,7031
A19LSXS6STJV6P,1,3
A335LAVT6I3JEZ,1,3
A1MU9P8063RO1C,1,3
A2QIJNDJWA5LVQ,1,3
ATFLVVU3EFTOM,1,3
A1QV68HSUNCHYC,1,3
A1YY6XIBJ4YUW1,37,111
AE01BG3I6JOBX,2,7
A3TPNW1G0N0IZ6,1,3
A382XHAVX32HPS,798,2396
A39LZN4QA3UZED,13,39
A2BBIAY11J7AWE,267,814
A1UMOYYM8HB2A1,28,89
A3VHZC3WQ6IDVX,1,3
A2XL9W0S60V6WH,6,18
A2FUOACH6YYIQO,325,1026
A331ESHWG8DUEI,67,207
A224LOZUTJTM3O,3,9
A3NEQQTYBHRTXO,7,21
A380W6NYRD4529,59,178
A8CGEXNIB402C,1755,7028
A11OPDF4X3XPZA,2,6
A6GFWQC7WYQ6Z,20,61
AGPPW6T0H3B9L,1760,7134
A3N0P5AAMP6XD2,14,45
A1EYPB02UHERC3,1,3
A14MTX6OV2TCNS,1755,7021
A27ITR9FBB67TC,1,3
A1SUIBPJT8YWUM,41,125
A29J3SX31FB2HN,3,9
A2G9UNG8N6MLSY,4,12
AIBOO5GPNDCRW,233,726
A29B1FF6G7XKLC,1755,7040
A162L4NXO5O9AH,3,9
A1831MF6FFQ00O,1,3
A3APAUED3YCHI2,16,50
A1FY0UBOFYYWJ1,77,301
A2WCHHDAT0F61K,26,86
A2NNAIDRTVHOVO,1,3
A2DT2C0KOUQ0GX,74,232
A18K8RST6ENFBF,6,19
A1MO4Z8UHHUG2M,12,37
A1UNHLZFDZ46GF,14,42
A24VJ09G5Z1MV5,2,6
AG1ZYSLKQCLMD,1755,7217
A23XL2FKT1M7DT,1755,7025
A2B1KICX3RPRX3,2,6
A33OYSKQ3XVRJJ,1,3
A1TH4XQZJHEL89,1,3
A35AUCF5WEVSI2,37,113
A1S9Y955R62LP5,101,376
A3FUQYZD9TWDQB,3,9
A3N8SCPIJCGDKR,42,127
A2D0F8W7FDBBS6,13,40
A2YXEVGE7DX1QY,40,129
A1A6VRGDEUFSPQ,335,1079
A120PORHE549JX,1755,7091
A306BNK60PFFSY,1,3
A3TZZNDYGHZMWB,1755,7026
A3KFWFSV6RN61T,3,9
A1TK7TIQ0ZAKAY,3,9
A2BRZRWQS65EUT,2,6
A1S6XMOTCP7D9A,7,23
A3R7MXVQRGGIQ9,3,10
A3HCY1OTLGT4WR,3,9
A1QRG1FLWQ75RE,70,210
A34Q8W4T9Y9QUG,10,30
A1HDWJQL5UD1YI,1,3
A1R8B5CRD9V4LT,106,391
A2YZH43XKEVE0Q,2,6
A1EB3C8810WREG,1,3
A2RMSH73IB2JB8,828,2539
A22OZL9346YGPZ,15,47
A2ETQT3RGUALBK,336,1053
ASNGOBUI6WHNV,1781,7502
AMY4QE2RLDN9S,29,87
A14ZJV800O353P,1,3
A21QCA1U6R1KGQ,2,6
A3NKJTRVCEIZN9,1,3
A1WFFDGFBQDVGE,791,2373
A23HJIRA5PIMG0,21,65
A1MFMJRHR2TFVE,4,13
A8XT0C4RNQ0HO,1,3
A3VGO9Z1FB4P0D,1755,7129
A19ZTAEFO3STUP,1,3
A19T7LB21BLF03,2,6
A2HXDYYECOG0FX,4,13
A1SEHKSOOFLUT8,18,55
A2TJMHUNKAZYNX,1,3
AT6B2QSIDTTDW,3,9
A3DD8XTZOUQJ5Y,2,6
A2UMGY7A3QNCUZ,8,24
A3KX0VAG7893W5,77,240
A3R771QP042J6V,2,6
A37F75CD3U5ISK,8,24
A1RKL36FCO2NIG,5,18
A91PW87FR65XH,1757,7230
A2X36EZ7CXV5FB,794,2383
A14O27AIZCIZEG,792,2380
A2WETZ9KBO5XNX,1,3
AZH6TPLAUI5SV,6,18
A2YW4BRYAP4BUR,1,3
AS8C336DDLSO4,1,3
AQZ7HGW2FF4ED,10,31
A3P1HYCXEN91V1,24,76
AX1DFDKS6ZQYI,9,27
A7ZZYG4GNZ26Y,2,6
ACZQDGORBNHEZ,1,3
A1ELGJF7XGLZAR,1755,7058
A3DWEBH5YU6VU4,4,12
A383QJ0FK6RW5R,11,33
AF1I90O6U8VCQ,18,61
A2Q8L01QTQVSIM,1,3
A2Y6TZMIN6AHML,12,36
A3F4CSYWDYEXQV,4,13
AT09WGFUM934H,17,53
A34HXP1WXM9X7K,70,280
A1N82BBPB5816P,22,70
A343OPX4N49P5O,13,40
A2D946FAB1AL18,2,6
A2FEORZJRAZ8RN,1,3
A2FOLZEM0CRHF9,5,15
A3GA25WEJUYWZI,221,685
A3177U36QW4EJB,2,6
A1CDV2CEEE1MLI,3,9
A1HHPC9SF03F6S,1755,7058
A3BTWJXY26FARA,2,6
A2Q42QU79PSRY5,1756,7216
ABQMB6KZO6F59,31,99
AWSMHKNLR8WNQ,5,16
ATJ22NADXNLD9,1,3
A110AEK6YZKZ7G,2,6
A1I3S0FAKZHO9Z,2,6
A1R5GX0N3J2LEG,1,3
AO6INLTFBF0T0,1,3
A1HQRPIFBKRACX,1,3
ALZ16HTH4RBT2,9,28
ABPJ652NGSZNE,4,12
AUX2CQ0NAXOE3,7,23
A3L9TTLBUYAUVD,889,2808
A3VPB5EQ1SV404,1,4
A23J1T7UNX14TK,1755,7028
AMTEXA7BSSHKP,2,6
ATYWVUJ05MUJA,3,9
A2VMLAE9DZBXFV,1,3
A3U0KB1KTMK6LF,1,3
A3IKB44BAT8E4X,27,81
A2QMFN31WXMMIW,3,9
A2R7LTRY3I4RRE,1,3
A15J476UEY5OSI,69,214
ARE879SUUYGVP,45,138
A2Y6CVNPV2NQ8Y,1755,7036
A2SC7H24PS1UXK,1755,7026
A1MQR1I7H6DM1U,149,448
A2XS56P1RPFC5K,3,9
A2CHQH95XQUY4E,1993,8358
A2RI5U3AL4SWTZ,3,9
AK9B1J8JQIUWL,49,147
A2E0TF3HDZD4FO,1755,7021
A13WLZVMT0TKA4,17,51
A22UZR5G6ON16X,4,13
A330JSPSMC6JO5,27,87
A1WPZWLVNJEMWR,1755,7029
A2UW1V9LV5S3KA,7,21
A1A4ODFYH92251,2,6
A927WLRVKAO63,803,2426
A3R7P8Y247YAXW,1,3
A3EQPXGPB0OSKN,1,3
AY0T82DW19V80,54,164
A25LIC6K9POVTS,2,7
A1Q0UJR8QBE4CU,1756,7188
A3UQUF3GTBM21O,1,3
A38D4KPA3VPOZP,4,12
AT7G9LURZXB6Y,1,3
A1P8KSQZTLFT4L,1,3
A2L167UOLOYOO0,1,3
A1GNHT45NXU7BN,6,18
A20FM2P1W838SZ,6,18
AQCYQCZOTNW7K,1755,7035
AU1Z06BTSBVC1,808,2448
A2UDGB5BTYY51,123,404
A3THJNF5E09PQS,1,3
A1K53ZL93CGKYE,1,3
A2OS9T0QAVHM5R,1,3
AKW9PS7ZB519Z,1755,7074
AB09S1P74I11V,1,3
A1JKOJ8VXPI6IF,2,6
A2NJVCA1AOH9JU,2,6
AEHQELOYBLTJG,2,6
A1DS2PK3Z8DQEW,4,13
A3DIAX083JEWFN,13,39
A1G4JHJ2N2GAKR,1,3
AP9JS2O5Y7Q6Z,50,150
A2EF1RM4SOVWN3,2,6
A3KBFCPNQ58YK4,17,57
A1ZCG1Y0F4N01Z,10,30
A1E8A4OVW16J0F,2,6
AV3K0MFB5JDOD,6,18
A182VFGL9YR6SZ,37,115
A2BC6GUL7ZB5ID,1,3
A21SM39Z37B0KU,2,6
A3PH77CTANKPLI,2,6
AHT0OKUU37JEI,1,3
A1B5QNRL8CKIMF,15,45
A2TDB72HK3GTR1,5,15
ADOU96ZLN9R9U,829,2535
A1JTX72NNBJUIS,4,12
A25RSO1NMWN19B,1755,7092
A39O3YXBO2TX0A,1,5
A34TEK5B72UHXL,3,9
A3VSEMWFKF1QYY,1755,7023
A3D2Z6HJGHGGM7,18,58
A23S7B4230LL58,53,163
A1YIV070HP0VAJ,1,3
ACOIJWM9X3H38,1,3
A3DBNTZHZ0CNEK,11,34
A12B7H4SEIS3MS,58,175
AT4ZPOL4IY74W,1,3
A29OYCU6TNO2QG,14,42
A27RKH5014DCAE,23,70
A17198YCCO7GC4,136,438
AK7KVTY418Q4D,1,3
A2PNOB7CCJ4LTC,2,7
A3IPCAIE4PX69I,1,3
ACX4WT79SELNT,1925,8046
A5GL51UMWV37W,5,15
A24PYZB66YO0CC,1,3
A1BWP7KTZOQEK,7,21
A1E31PGHZTEPTN,3,9
A2K0E541JN4499,1,3
A1YGQ7SWOYLLTS,1,3
AFJC1IJAY0ILO,2,6
A2OXHJK2NV75ZR,25,80
A19LTX7NRQ1ESQ,826,2542
A1QNFWQBHQFYBG,3,12
A2FPWH9IDTZC32,3,9
A23GZC4R1EEHQE,1,3
ARZ37I75EBP2A,1,3
A2EEXD00STDG1Q,3,9
ANCIXZOYVBV6A,1,3
A3HN4W74M285OF,2,6
A34X4FOSQKI1SN,243,766
AIBVPOI6POCN0,1755,7030
A3M02J28R6I620,2,6
A2ON749XKCY3DO,2,6
A1IPE6OPTAXPAK,1764,7221
A33COK2CKN4HLY,4,12
A31ZN6ZLBZ8I6L,3,9
A1DX3Q1CDSCHAU,1,3
ABTVQ2R4U7HG7,75,228
A1SNZM2ZKR2HR0,1,3
A39AHJOBJ7UVIP,72,216
A3AD9PRDBV9IUD,299,929
A13OZMA1SNGEMP,798,2401
A1DD2PYYJYIFE1,1,3
A1VZ29HZ00SEJ7,13,41
A2R42H3FJVISNC,21,63
A2Y77TKABV6JAG,1,3
A1D5JGP9K2XQDY,2,6
A2DSSBEU6I1K84,1,3
A2NG9D2VLKQYF0,1,3
A1PKBWZ5QGZEL4,1755,7044
A3SNWLQ2Y33Z0Q,28,88
A33UMBLAZJJRHJ,875,2727
A1ZN7Y8WCDGG83,2,6
A85AE6BNHXAXR,2,6
A2XB18IXOKUV82,39,120
A14JOG6U5J1VH6,6,18
A24XAWMKU64CVK,36,110
ABIDIW1GZ7L52,12,38
A2U0NWZ3H3BQSG,6,18
A2KA21OHQVIDY3,4,12
A1SS7MBJ9ANR3A,1,3
A21HGY4W2X4568,3,9
ABQWMANK4AR63,1,3
A2YNLL1H3ZZLWT,1,3
A1MHPGANXXGLC8,3140,12700
A2A6FACIVAL7WQ,905,2856
AF32VXE8EDYTC,1,3
A1SFZ6FGGM3D2U,4,12
A21M5LI1AU7184,7,22
AXEVGGJ6GBYHX,1065,3493
A2QRQCPD308NUH,1,3
A3SPKF2TKZI65W,1755,7027
A1U4YURMMFFVB5,2,6
A18P018LWTPC49,6,18
A22OBYFET85JJ5,3,9
A3731DXE9MD8A4,1755,7027
AGUSHGITCFEFS,12,40
A32WNCWE8ENFI9,4,12
AO1UNL1DAUZTC,1,3
A3LUSQMA64B0WD,77,304
A10044ECXDUVKS,18,59
A1BKX7WF94K1FQ,6,18
A6PBOLHOT13X9,244,746
A29LN6HSYCF7TW,1,3
A11L8A6HDGVJX7,1,3
A3TY54T5QG26ID,1,3
A110H0NQ8LZDFG,2,6
A3ETZFEOTL0VOA,40,122
A1EFJKKRFSJYJ4,45,137
AQ9X6CEO49XSE,2,6
AW317B5MKQXBN,1,3
A2S2JFJU8MMFFU,2,7
A3UWQHKAQQHA3B,44,132
A1F3FILER1Y64A,4,12
AYVW3O6W8S5S4,30,94
A32J6GZ24JW4PG,6,19
A2Z2KNV94UBPR6,10,33
A3MB2E0QLRXI1U,1,3
A2SBBSF89JPDX1,1,3
A6LAHM3TAEFYQ,5,15
A18Z7KZD9YNL63,1755,7024
A32LSY5EUIS022,1,3
A2B3BRR0KLKQWR,4,12
A2BNX0C5IJYU9J,6,18
A16J3BHUT0CTM2,2,6
A3SXY7A9VM87MG,1755,7023
ABR4J7MALWMVK,12,39
APORPWO932O8R,5,15
ATXUKAJK8XUGK,2,6
A3POY573TR8QCG,1,3
AJQPSPYPVVL1G,7,23
A3IL3CIFW0UGLO,16,49
A2P83FWHR36WN1,24,73
A1Z7MHOAWXRJBP,1755,7021
A1MH7LD4Y203Q5,26,80
A2YGWCX3DQ6ER0,11,34
AMSYWLJAS5K6I,7,22
A39FIEDRWHC44C,10,30
A2J91RW14NN7L8,2,6
A383KYRAFA41B1,5,15
A2BE3YZQLVFDZP,2,6
A10B2J2IRQXBWA,12,36
A3IEARAHUH8HNW,6,18
ACS9Z2LSFC1V3,1,3
A3ULTW57HCM7VC,1755,7057
A1AIV3NFNJYRNZ,1804,7586
A9OV5YJYDZCGI,36,111
A3AT69S9R8ZWGT,955,2914
A90KJUFTG1B4G,251,771
A2D9I6V7ZH258O,11,34
APMUT25AV729C,13,39
A3APKXMNJAEDQM,20,62
A3H2667ITBHS98,1,3
A1LBDP1HEXLONJ,791,2373
A3PD9DGAWO8OUI,4,13
A1OCHWG7ULKAXB,3,9
A3KO9L357QWJLL,3,10
A3OMP6ALRHC9B5,16,49
A3MC9QKR9YZVNL,1,3
A11Y89064TEGQ8,4,12
A1GSU314VECJXV,13,40
A1MPC88C5RBO91,2,6
A7IZNVL7JXLM,8,27
A1OU7XH8UMGUN4,3,9
A1PCK4YXF6LDAU,1,3
A1PRPYVJR3X6DX,204,640
A1F6M7H5SAWRAX,2,6
A3TURW2PGAXD05,34,106
A28UK1LAZFH8OH,1,3
A1H12BB0E9OCD3,1,4
A1PD9U7SKVJC29,1,3
A228B68UA4964F,1,3
A1NZF2Y9MQD5QA,1755,7033
AHZCGHSATZDFF,5,17
A59SCF91UV9KV,38,119
A29BVIMTKNH9BZ,2,6
AU8Z8H6DK1K4S,270,902
A342XAA3YXGKT9,841,2586
A1LQKNPZGUB20F,5,15
AC70U6TLJV0F,1755,7024
AWBIJYRFNI9YW,3,11
AAHV0LYDMZGY8,3,9
AMW1OYXWOGZGJ,3,9
A2PDKKY9924V8A,1762,7180
A3EMSV4RL1SV4N,22,67
AZ0M975D5Q8RB,803,2416
A2TPH50WH6K7LI,2,6
AQIJGYCQ2TX7,6,18
A2GGIKC8EHNKX0,1,3
AVNG1KH7YDC4K,3,9
A1KKSS8D6YB8PP,10,32
A1ROUMJOGO4QMB,2,6
A1VS1G5JTLMI02,839,2570
A2Y1T08G2ESEMB,2,6
A3QC2C4MBG1III,814,2487
A1WOPNMKWHQV3J,2,6
A28MM3LTECDM1T,3,9
A4QBSP4CYIJGZ,1,3
AHYFP0I1XZHP5,7,21
AVBUE8Y29W6JI,1755,7021
A2RNMZQVS83LW5,7,21
A36I1H1PKBWQAE,1,3
AJI9M38IQ2FK0,6,19
A3GGVGS0C9J73,1,3
A3ET07GFHXEQRA,1,4
A2ZBSEZ211C4QW,831,2555
A1W6NL0EV93MFY,1,3
ARA4BQAQ8NLJG,15,45
A3GN0LEE878E3L,3,9
AEGB49B843XLF,25,75
A1H42U9QDI9YGM,1755,7021
A1A0VLMS2QQ9AG,1,3
A2FDX19XVVG1L7,1,3
A3SFPD4AD6I77T,2,6
ANQRGI79HHJPQ,42,131
A1CK344CCC3X0M,1,3
A37F5MF8YVQUP,1,3
A1X0XVJMFKCWS2,814,2471
A14JUDR9SW3PFR,4,15
AJOK2CO9LSF37,12,37
A2UL3WEZWGVDSR,1755,7051
A2J8SA2ADMLYQH,3,10
A3LY1KRK5UFPDV,1,3
A1YPXX9H1EQC3P,13,39
A16DQFPRWLRJ78,179,619
A3C9E8I959XR49,1,3
A1A45K51O5W6WS,18,61
AO1SN5RZE15BP,1755,7024
A2Z5X7QJZ1GHI1,2,8
A3S9Y7VVGXY5Q6,1,3
A2SSN6T7NP979E,5,15
A13H0IUAT1LH53,1755,7031
A399YXUT2P6V41,1,3
A2Q9RBWT7PFY6C,1,3
AOIJQENBPSA51,5,15
A2B58VXLLOFQKR,1,3
A2NYLAJ4PI0CVK,9,29
A1JTRNL3VGSHGT,1,3
A3G9EW61VA6A01,7,22
A3V4SMFGNFIZR0,23,70
A1F19608KVBVZY,1,3
A3RFHJCHQ99LJ4,240,735
A3EV3PHL4GI90W,2,6
A3IONYEMNKKS2H,851,2668
A3CCZQ0H6IIVDG,1755,7036
A3593ASIOH6G9O,792,2379
A1LX2GLW95V58K,59,178
A17AWKKZ62ZW5C,3,9
AE6D6BAK6BLK8,1,3
A26E1V45R24QVC,82,255
A2ZJ9CFB5QJ6N5,1,3
A3LBP26PU6U96A,19,57
A3INITPVRAXFOK,175,529
A3VDB6MO98TKT9,1755,7049
A1JYN6YY1OQJGX,8,25
A3U4HWDM8ZCP7X,55,180
A7WTP11MKSTMJ,1,3
A3K5MXG36UX5YS,1755,7026
A2UEVMY85X3E8Q,5,20
AUTJ1RMK095QM,1,3
A2GCSI1E6JIN9O,1,3
A1QIXOP75BS29C,9,27
A2WYOEME2ADZAL,1,3
AK6GI2BAQWPZO,1,3
A2HRBTPMVR0WRZ,797,2393
ALHIXZWFNNZPW,3,9
A2H07UO86N1YC2,2,6
A2ZY199QQQY3FB,811,2455
A12GIOKE26ZFKJ,9,27
AOJH8F4SYAAPZ,1,3
AELKADSF4UJZN,1,3
A3CQAPL8BNBRQZ,1,3
AMZ8MTFHMKMAF,20,61
A17RFKCYS69M3Y,8,24
A1QG5MN3W5JRZU,793,2396
A19JXDFDBUK5M3,1,3
A1ALI52OHK4P6W,1,3
A2C9XAU7DO05C,2,6
AK758LVTBPXQX,28,84
AVEDF0OLEYGA2,1755,7044
A2I7LG2P04A2IB,117,406
A3G40OIPT4I040,40,122
A3RHPUZBOP4D47,5,18
A3QO0ZJPSDMDW3,68,204
AHY538BE0H4P4,9,31
A30L0E3T5J7V1Q,1,3
ANVCQCFE2V15U,24,73
A1O4EQRFYAI7RQ,2,6
A6PE55V64U5HZ,3,10
A1N8EL2Y7OEJHQ,1,4
A3AHF2HMN806LO,92,291
A2DIM09WP6B9UC,1756,7039
AFQ39WXSM8FWI,1755,7021
A193TDP9D2DRC8,1,3
A2U850JMT44NLZ,7,21
A3UEVJXIPJ06AY,824,2498
AT5F1MKA8C2IZ,238,736
AYJG6V3AQONGG,22,70
A82JF1PTWCZBC,1755,7065
A2XQ8WZMZ4HCMS,812,2452
A2NOZB6VZCTOI4,37,112
A3KNGMX2RVQG91,3,9
A2DZLRDAPYMQOQ,1755,7046
A2XI4DXEPZUGA2,194,586
AEQ4UWI5KZQEK,4,12
A33TF52MM6PLXS,5,15
AOX51LGDI2XP3,5,15
A31O0UKIW41TNZ,1,3
A1MT3GSY4YZ2MF,4,12
A1SEX6Z8Z0KVJV,791,2376
A2IC40UJXVKVCJ,51,161
A34488HCARTJ82,1899,8040
A1TFH8GU91KIBO,19,58
A247EP02QKLB16,37,112
A2FIYXK97CTS6D,253,794
ADJ1560X0QNAA,50,152
A18IXDQRDXFTII,1,3
A3DXKFYZQ5G29N,1755,7064
A3GLD5QF1HMGO0,6,19
AYXL8BSG3YY97,1,3
A1R6ZU84JL25TF,1755,7023
A2WASOSTQ5LF9T,1768,7439
A3TPLAIA1S2AII,3,9
A2ZDCV3EVVK5QN,1,3
A1CKNNV7JYA827,26,78
ANN2R6JCSUEKC,1,3
A2YGUUEFGJWMQK,9,29
AH8LYOHE4IH31,2,6
A31F2CVLIF9SG1,21,63
A1F1A0QQP2XVH5,1,3
A3TJAB9HQ5HNLP,1759,7111
A1IT8QFRAYVO15,801,2415
A2HNEY2CVEAT84,33,102
A136IQFGB01KQB,1773,7269
A320SPVFTUVGYI,1756,7095
A17NVM7IAPF2NS,1,3
A22D2TFMFGHMPH,3,9
A3OSDZA732OLGZ,7,22
A1H1F5NORFN3OD,813,2470
A2BCB516A8HV6K,1,3
ANAWDZP1PRD5J,5,15
A150T4FXVOMOUL,1,3
A2T372SGRFAWYP,9,28
A1SQA2GX15DG7K,1,3
A156CAG1B8IUPX,2,6
AFUJB4MUQSBEV,1,3
A2K701I1YXFYCK,6,19
A1NV6BXGGTMRQ4,1,3
A6W7Q3CEKZBZL,1,3
A6EQ3XCIR17OE,1,3
A34D6JJI46HB2H,15,46
A20N2TUFC4CMP6,1782,7325
A3DGGUCL3NWAVN,3,9
A1Y225FC61PJJ3,5,15
AGH6UUAIAZLMB,1,3
A1Q1AACFDDPK26,1,3
A278CZM7C2OO8A,2,6
A2C876EYLNMRBC,1,3
A29SISUDHFRI1N,25,81
A2IFKMKKXV8AVU,26,86
A2V0YH86NKTGX1,3,9
AZMPI8PVXEMSD,1,3
A3KGW9J394EHK2,2,6
A3U6U68Z9K2UKD,1,3
A2Z2E4K3JZP34X,5,20
A21YLNJP0S3TID,7,21
A1DOFS49C4KHH0,1755,7066
A18USXY0TISJJ2,5,15
A19S7QO9W70PL0,68,211
A3NH313EY0IEZK,2,6
A1KA8BYHHXWTYV,8,24
A1B9Q3SNKI6T5V,1,3
A1UQTK3JYLSXI4,2,6
A2IOSJN7ENE4MN,8,24
A3AZB1P58VUUX6,2,6
A35V6LTQMT6ZIU,1,3
A2CHBPVZ3UIJ0Q,54,179
A31CGYZ8MMAJEK,1801,7570
A64P1FGX6YBRM,3,9
A2W70360BSX4HO,95,295
A2FGR5JPHVA605,3,9
A1UB1PA6MHBLCP,51,154
A1P3RTQKM8BRBL,850,2619
A1C72G8560MU9J,1,3
APZR5A8J2JQBZ,10,30
A2I59JVPW02U8P,1755,7049
A3NKOQKXYJGZDX,19,61
AEMV9IMH665B9,2,6
A2JS87DD1ELU9J,1,3
A7TRK2GG6BHWD,2,6
A1ZQVN0F0FURHH,11,35
A24IO6G3W158E4,1,3
A1Q8XR4BT5X8T0,172,523
A2P4TST4DOZO66,1,3
A1TWEBKVZDD2JJ,1788,7313
A3ED62JLDF3VUL,1,3
A36EW68H08UOCS,805,2440
A2R7SCM7QO30EP,7,21
A38ZIRSYLBT3E5,116,351
A1PUYAQUNTF834,1,3
A3LCCIZCPSJ25Q,1,3
AZDQOQB8ZTYO,1,3
A2KXPA08S1W5L1,10,33
A1XNCV67JBJVF7,2,6
A2F8XW2W1TAHP7,1,3
A2O9XSAL5U6VOR,2,6
A27MVRJY04FMNG,6,20
A3NIG82WQVBRAN,1,3
ACGSKBNSQWTFH,878,2736
A2UFR77GOUKRQ3,1755,7039
A2UZE68LTTOQ2Z,4,12
A5DGAR19E5WQG,1755,7103
A19GZRACJ4TMY2,1,3
A1DXM2L0WDQI5X,12,36
A10U65TXJ0M4KN,1,3
A5QFYWTO4E6MR,854,2631
A1DUJANIRVZ9ZY,832,2548
A3HO6OTH6KEKFM,3,9
A25XVVIZ113ZUW,2,6
A67OJZLHBBUQ9,15,51
A39XJI5KNNWAC3,28,84
A2P3T5D7ZBMAOZ,1,3
A12UDF9W1UDKRQ,3,9
A3TDAL3FEG0LRE,1,3
ATZBCOMN5WZ8D,15,45
A1DOKWAFHIGE8C,4,12
A6I6HQCAFEMXV,3,10
AA43GIBY8GACZ,1755,7080
A3KHE737E13QGC,12,36
A1IDGKG5OGFY6J,27,83
A1INVN7Y65OJOF,7,21
A2BVDE3S83K3VI,7,21
A2TTAGETIN1QEF,9,28
A3U40AW20PGZLQ,5,15
A1XJQ7RA9X4AV1,4,12
A1W32QV0W119DU,792,2379
A3K6SF7P72DSFV,1755,7139
A36KWGMZ4IG7DR,3,9
A2B78RXJ2PB6ZD,1,3
A1B1GP7RU43UL,27,82
A2DW9HRMDLQQGG,1,5
A3QIWR2O45M3MG,7,21
A19C2ER2RXVW7K,1,4
A1XFFRKGR13R93,2,6
A2B4U33TDJTZLQ,21,64
A2QWRQ989FPU43,1,3
AS20F5BGOD24N,1755,7059
A2I9NIU3YAZ54M,4,12
A1TF0DLB2AZ109,1,3
A111D2IXXLTOO3,1,3
A2J1UBK5V84RYR,6,18
A1HDN01Y8S8B40,1,3
A17K90R2J54OX5,1,3
A1CKCMQE9QGHF0,9,29
A3DLUORVGLB1FO,1755,7043
A69P5UUU6NRPD,10,32
ADDH1OEAINWJN,1,3
A2VVWVBI9Y7KN8,4,12
ABOJJ8VFU9UCL,1755,7034
A1GSQ7I8ONQIYJ,1755,7045
A258QQBPJF0VA4,1,3
A2S8G6OVAK19EX,3,9
A2JMPQJH35825,1,3
A1NYJ4BEEPRM8B,1755,7031
A2S9M3F1Z2XIQG,827,2542
A3EBS7802CYRAG,1,3
A1PO2WOQ0LO73Y,6,18
A3AEV988Y41BLV,120,364
AY9Z10YOMHHX3,3,9
A3PEPQHQEYUWC8,4,12
ACF9EC9LHS7YT,1,3
A1W5B7BR8RGLX4,5,16
A8CRIQMMOK4SD,5,15
AYYICON0R31CO,1,3
A13WP33DWRIPZ0,1,3
A1ZUASNNFBADAL,6,19
AWD442GJ6GL26,1755,7021
APPFKLBORAOS,1,4
A2O3KDOE0PF7R1,1755,7020
A38EESXGXN9YLB,3,9
A131MZI2OEC8BX,3,9
AHXM0YCVVSCVX,165,510
A2NYK9KWFMJV4Y,379,1271
A5A4U7VQFTDWA,163,490
A36F0NJX0VCRQA,9,29
A1K8E597YAFQQG,4,13
A2FC76D8BXG0PR,1755,7063
A190ZOA1FMJ9FO,32,98
A1N2N467YHR2L8,15,45
A2I354ZIB4MGVB,1,3
AIR1587LHP1ZM,6,19
A22OB4MV6UJE0Q,25,84
A3ER0BIWOFRWQH,36,108
A9H5SBCZLQNGO,1,3
A3GMU2U6M8A7B6,8,27
A32YQ7ACYS2TZ8,2,6
A2MIYK7ZKM0OEN,2,6
AW40QPRSEGLOS,1,3
A25H8615W55HEU,5,15
A3M05N9UWHIXUI,3,10
A2AMZ36K45VLOP,26,79
A2W9FUIARMNR7K,835,2552
A24X3CY1MNQAFW,267,814
AYP7YOSLPC5NP,457,1520
A2KZ9BPU43KKAI,4,12
A2HVHPWKQP4I5E,20,60
A14FT3RYMQF4AC,35,105
A3VBDJQQSRGG08,11,33
AHQTXJQX2584I,845,2583
A2M6KXBIDUOWC2,8,24
A2MHT5666UPQ0C,3,9
A2N8R419VUU9RL,2,6
A3A585A76C63NH,1,3
A2MZU6CDPCSLHQ,2,6
A1HPC4BDRLR60,28,87
A2WTGMPVDMSAA8,4,13
A3JB63VL08CSK9,1,3
A3DNY86P8GYZTO,3,9
AOE7DR7F1C7D5,4,12
A18KO925KQXPY6,3,9
A2N0OHDMIOEJQS,1756,7129
A1CTPCBBYKMSFQ,1,3
A2RM1B4RXUESPO,1755,7051
A1CXQ942L5P01M,4,12
AIE8SU3FJWEHR,1,3
A2AU79QNPXAVG6,1,3
A24JT1WLEE6SLA,1,3
A3OT1XISODMCBY,1,3
A2SODCKGVNAAC1,2,6
A2E5KK03W79SQ7,2,6
A1VAJ064JQ7BSL,85,264
APAR6ADOJLPG8,96,300
A3AZUCZ2C6H6L3,3,9
A33OF1WDSH60MD,1,3
A1VD0NBDD7YD83,2,6
A1C1W5AEU9X1X2,1,3
ACWU62OCPCOF0,1762,7115
A2RUV29J253TMV,17,55
A7LONDXUN5GP6,72,221
A1FFB86NPOXTJJ,1755,7027
A2TAV8EBEQQBB1,2,6
A32SUIEEW3K443,1,3
A3N3JNTOSPN0CW,1,3
A1SG2AYXU6MYVF,1,3
A1U3XREZ0K8NKN,1,3
A270RRL07AG1R4,50,160
A34TP718T4VGPV,288,957
A2FQF8C8IGXKC2,791,2375
A2XY1CTKQY7IBY,1,3
ADKLLO72HIPJA,1,3
A2JBCDD6V0N7FY,2,6
A2V5KV3SBOAOH3,1756,7086
A3AHO3Y6KQLG9O,1,3
A32J78FAE20UQB,23,74
A17TVAKM0VAO9,76,228
A31VSPWH1MY3RR,1,3
AQXMZXMQ2V9RH,12,36
A23NCKH61PJ22C,3,9
A3353X5CN1KTC8,1,3
A2U6OQ5NJI2HG8,793,2383
A1EUO0BU72JR7T,334,1127
A2RB9I3S1B3Y9C,4,12
A231SVFJJ8FQLW,1755,7039
A3PHA0IB9HXOYZ,813,2484
AQ7Q7O2ZEXKVY,1755,7082
A3S9ZI9KKQQTH0,1755,7025
ABQKFCH6HX29N,3,9
A2910Q67HYWNLA,4,13
A3BTH66WVCQAM9,125,391
AQ4A9M5EGI9NY,1,3
A2C00NNG1ZQQG2,20,62
A39IIQ8SGUWYZ5,6,18
A1TNXHKVPVBVWE,6,18
A2LSZHMZCHVHP8,1755,7037
A4XRK1I1CJGSA,1755,7021
A3E8OHFKRF3YY4,1755,7020
A2UFB9K0GJRP3B,1,3
AS29CV8X0MHEC,1755,7096
A7RCAS98H1V39,2,6
A2SKSS5GW8NGY0,13,39
A3STQPE50X2O5Q,3,9
A3FQ9WYUHG9CD,7,22
A25HRXSNSK4PME,1,3
A1R25Z3BJ60SZ8,1,3
A2V6X450KTUX4G,6,18
A3VZWRJK36PK3Y,7,22
A395RAGWIW4G6S,1,3
AN2OZ2S80NTP9,1,3
A2IXSZP3NGH1UO,4,12
A3UQEHYFUXS2YC,16,48
A8SOVMOENR0Z6,15,45
A2IU0GGLSJQOTO,791,2374
AF331KJH45RIH,1761,7131
AV9E7SJWU0PQ9,1,3
A3PGVJF37JSHFO,110,350
A2QPRXTLYLV18U,1,3
A2C67461WSNGB,895,2813
AF71W2CB73UG2,8,24
A367L088Y40ZF6,5,15
A2V9R0KCU8X6EH,1,3
A2Z9JF8PVQ0RPZ,57,172
A1JZ7GG5J2QZWY,23,69
AUNPH17AQRJKU,9,27
A1G3NW5D9QWTHJ,1,4
A21CMZJX9NAVGI,9,27
A1W1JG0CVHTS8L,1,3
A2PGVWVK9IOEUJ,2,6
A1UY6D4PZXPV4Q,1,3
A1RRFZFS0YVYTQ,1755,7020
A2JWVX9VH88RVM,5,15
A26XUI491EE3XL,1,3
A378JSF2LMHHSJ,1,3
AI62DSULSWIT3,1,4
A1914ELGX2RKRI,9,27
A3QR1SNLWBD8CF,4,14
A28D8FT2NNCS2Z,1,3
AOXEI8WJOK1R3,1755,7034
A2UOPMRZWK9HD1,18,61
A3LNGVNDNMG4MT,8,26
A3W2N6FHHKB6XJ,2,6
A1NV0DFDMEE6XN,9,27
A1VSHTKFZZBH0H,5,15
A1EH95FQOVIYM,2,6
A25LVFDH7QU86Q,2,6
A3TJSX7SRFQ2K1,50,151
A1G9SOE51HET8E,8,26
APHZUSTHK6SPC,5,15
A3IUFB291VBIQZ,2,6
A8MNWNLK45B2U,4,12
A3TTB6YQ8ESPXM,1,3
A35DHS0DEVR5EH,4,12
ASV4XP5ZZQLA5,7,22
A2YGHGJM0YVPN5,11,34
A2Z3IXZ17E88J4,1,3
A18VQKMWG7OXZC,801,2409
A1TCS93QY7T009,799,2405
A12DTID6WNPJ00,1755,7110
A3GW3DTY0M88PX,1755,7039
A27BYE6ZZYHOBS,1,3
A12T8TZV4EKR8,3,9
A3RUXTIR7OEZVG,289,928
A289A86JJ82TIF,171,514
A39OK65FUWEREH,6,18
A2XSC9GBRQWPWL,1,3
A2RF9CKEPLNA9L,1,3
A2L993M7RPWORR,1755,7166
A2YBVXIYPKY75P,2,6
A3DX5F0CW34Y9,5,16
AXHZJTU8UGHTJ,2,6
A39KFIO9XAOE4Y,903,2862
A2FKJWY32KNZD1,2,6
A2T3S0LT8BMGXK,1,3
ACQI6284S34GW,3,10
A38FBNJL4U151N,1755,7020
A22V1QKCB0OANT,9,28
A2C8S6FTLHH4I2,880,2803
A3PP8YYMEAAMHM,330,1040
A2TBAUW2W7J538,854,2647
A23JSVEUJPAK6F,1,3
A2I9HQB5LYLQMZ,1,3
A1C2M6GSNZUJ1C,9,27
A1O7G2PW6LGL0G,1777,7339
A1JAHS5OQEXQCP,1,3
AZ40BVI3QY8GN,799,2408
A294O3372JA3OC,4,12
A37AQI4AU3JWSR,6,19
A29YJBBEGMAJT7,3,9
AWO7I8YIL4WM3,1,4
AU511Q770HHXE,1,3
A2WHDH6OL1EAB4,14,46
A2SMKVIETB8PV,9,28
ANHNGUO1MOWO9,16,50
AIRZAEK6LLYQ,2,6
A2ZQNHVX48QSSV,1755,7029
A31WHBS2M8KRZY,2,6
A35L775VMC0BKL,2,6
A1MJYUP6PFOXRH,885,2772
A3LLVFFNKSSBDK,2,6
ADH9KILY58UCK,5,16
A10NTMX12J4439,44,137
A1O39KUP223WGN,1,3
A2XJ3VCUY3C8ZF,1757,7166
A1IQ2D0CS6PCRX,14,44
A2PRAAROPJK15Z,1755,7076
AZ03MLOPARYO5,1,3
A3J6F8VIWGMHGS,1755,7026
A2EBKLG0JI57W1,7,21
A3VKOZWCF4ZKPI,1755,7059
A22GQJVDW9U2V3,11,34
AWV1R4V5W6Y51,2,6
AKUQB7KL4EYQ6,87,262
A1ELABICJ16V4X,3,9
ARIMEAUPF72ZY,2,6
A1EEPZEQAB7JC4,3,9
AGGSBE6BX7JV,1,3
ABKLIFI9YGAKK,1755,7029
A1Y4QXKMFLT3H4,1,4
A27UHZHTVD2AWF,2,6
A387ZPC296CQ7O,1,3
A2HWSXL61V29X4,63,195
A2B6TWCYRW7B6Z,6,19
AKJNBQXQ22GLS,7,22
A10B32GI0QS1X1,13,39
A1QM4S4R98BB6W,29,88
A3JKBCAHWL0I5Y,8,25
A2FDE5A1AADBLB,2,6
A398KTLOT4QGQP,1,3
AK13ZYH40ERJ0,6,18
A1716GJKI13M02,49,147
A1SJAR7ID0424U,4,12
A2TF4MPC3HV0OY,2,6
A1SZM3DHCWW0YC,810,2446
A1A0Q0WTVSYQ17,1,3
A1CC0LN1ZE95B9,1,3
AFYPYQAFA31JU,2,6
A1YG827R96ZMNN,13,39
AWPFDWFKYYIF4,1,3
A2TREXZ34AW728,16,48
A35MBKI875TNWZ,1,3
A2YO4Q6Z40YBLN,1,3
A1I0POKBMICMQM,6,18
A2WQYY3GDWF0LS,13,41
A2OVB4QKHZBB45,2,6
A22QGR6KEFJFGY,4,12
A3DLRCC45S85QN,10,32
A2Z80A3P7F212B,808,2453
A3UVSSAPUNAVAW,1,3
A3OERS47WQO5AJ,1755,7084
A20LG3BSONGYA,9,27
A2VY4F62JE9HCJ,1779,7327
A1RE1QSN05CWGN,1756,7113
A8V41OENWK9WF,5,15
A1G2KAMS47BI8W,54,163
A3F0KJZ0L9X51I,2,6
A39UT7W5BF1I2C,1755,7038
A2VFPNW6YW4R0D,1,3
A18X5X3Y5JDWY2,86,269
A3OKJGVP7U00A,1755,7029
A1P6B3578VZK6T,13,39
AMGUVF20JAOG8,1760,7236
A1OO7Z2WJ1N30I,8,25
A2EQHXDI4U5S5O,169,509
ASFUGHSEMPY63,1,3
A31JR54VAF8HND,23,69
A8BB67VYOYGT8,71,229
AFQH984YJIETI,2,6
ATPCCFBIXGLWH,3,9
A1SMOG7XY23SIY,63,200
A1IAB4HGDTB1YP,1759,7157
A34H0OPSYRSH82,3,10
A1DPJRLK7SJJ8G,1755,7040
AVETN8T895QP9,1,3
AW8EJYDLSATCU,1755,7026
A18HBS5NAIBTAK,2,6
AQZFHJ4M61527,7,21
A23U6TEV783EY2,2,7
A2O1MN9I6T6ROZ,799,2405
A3DW6XJGF978AT,1755,7020
ATV4DSPQLX7P5,1,3
AJV51AT3VVDLA,1755,7034
A2GFSTKDOHGOE9,845,2649
A17MLUII03C5JP,1,3
A271NPTKPBRAAP,6,18
AHBDFM96TCW6C,4,12
ALT15G99VXKEH,804,2449
A3S6O158RAX6OH,6,19
AELKNLE4WOL5E,3,9
A2DL61Q3YPXBJ5,1,3
AD4MJT7YYVHP7,1774,7194
AD7GBXVFDL0Q9,7,22
AQT4V74P38PPU,3,9
A23TL6KVVM09LN,1,3
A2T0XZWMEQ9M5S,793,2388
A2JQWSA0GPVSQN,137,418
A19Q4B515ENF9C,1,3
A3KYLM40M50TJY,6,18
A17OA5A06LI2C1,825,2538
AORQT5DZNUTSN,298,941
A3I8K0WNU0X04Q,3,9
AJ1FWUUFW1RDN,1,3
AHSV8TMH55KUT,3,10
A32MM7LC8XBFY5,3,9
A185KIXEY9QZRQ,64,228
A2WNBESAB2IZOB,3,9
A111Z02IT1AYXU,820,2511
A1ACM07QSM2LYI,803,2433
A37OUUA0IOTJP6,200,610
A2RVY2GDMZHH4,429,1450
A1Y200FSB7XBP3,3,10
A2DORY9OEE007E,1755,7035
A2VPG1RLL2CICB,1,3
A3QT98E8JEJYFH,1,4
A1UTL7SY8ZOO5W,1,3
A2NNN7YSOCCCT5,1755,7028
A1R4PLLI83D3D4,24,75
A1G33WF2FE3AR0,32,97
A25WGC1PNEPM2M,811,2453
A1B2K2E3H21JND,262,825
A2L2RSL3XR703,1,3
A14Q1WGNF9DM3A,1,3
A36DLMBFIDXYMJ,3,9
A39P7FC5WIEE6J,28,88
A3OVUY7IUK0G4S,1,3
A3V6MF8K5PULOQ,1785,7273
A34HLW4MIAFHB4,12,39
A1ES9WKZ2SIADX,48,146
AE6LMOU34AGSI,3,9
A24AIVYC3AJK5T,1,3
A2SGQ6RZAZTW4H,7,21
A3IRDPOOJRV5R3,2,6
A2H2JOQB4TC8S9,798,2409
A35MPHCIZ62WAX,1,3
A33KT18XS878SG,2,6
A3PSA0VNP2TXW0,15,45
A2F3OWGA2DOKF5,3,9
A1ARYK0MUG0DTR,1755,7143
A1MPJG0PVJA90P,802,2422
A3HNNVSS9TDRJ6,129,465
A2LSZHNFMUPSWC,1755,7066
A1S0F1JAVOAUFY,5,18
A1Y6Q3MFJHZ46X,7,21
A1NSYQSIVKJP99,791,2373
A1KQTC9I1BTOT2,17,55
A1X2LG1ZBKUMRD,1,3
AG85ZRBNWCJRR,4,12
A3TRCQWPS6P37D,833,2544
A31M10B7RW36F4,6,18
A2Q2YZE0TBGTY4,1755,7031
A2BNBGURVAY9Y5,1,3
A3OQYZCITM0767,1755,7055
A3LGT6UZL99IW1,1,3
A2LSIGPM9FBVXZ,12,39
A2MGDI3REBECTQ,18,54
A2TVPR5LBSGKYY,1806,7468
A3TIK3JTY23G2W,1,3
A3BS0FJWY85SHM,2,7
A1QFZBIU58C86Q,240,760
A1SZV27UAU3HI7,4,14
A3G4UIUJ3SH3LQ,8,24
AS421KUEDNJ5V,1787,7229
A1T195MPCTUR50,1,3
ANWNBVWBMH2HG,3,9
A2HNHNKX6I9LB6,5,15
A1SL6EPQT3HPLR,12,37
AY3FXAAUZ0CYV,20,60
A3HADFBAQX9WDV,1,3
A8I8WH1MS2455,129,405
A115PQMHXH8DNT,1,3
A1AU1S3G1F34UR,1755,7145
AZL0NBI1YNAMC,56,170
A21SDHUK1JBDDO,10,30
A2FAW4T8UC4VLZ,3,10
A2JA8Z7RDA8NTT,798,2408
A328PY2KRHH8BM,1,3
APYKLMJ19NZ0V,793,2381
A219Q7ME4UTC27,3,9
A21XEVW4LRYSTA,1,3
A3785WLDPN7UB5,3,9
A160OTZD7D1RFS,3,9
A7WYVCVFTR5M3,46,141
A1BCZZ4HW1EB3B,9,27
AOFF0M5C0E581,2,6
A27C38HLIA4444,19,58
A6Z6PU5UZRA8K,51,154
A302AZAERKBM4I,1755,7020
AJ0O3NSIQHILP,1,3
A1CN8ZY0UUWPJ7,10,31
A2YPF6OL3C9SHX,11,33
A1RXRM53MT2ZDU,2,6
A5Y1PJIOU21WD,46,138
A2YHG0MWW826EA,7,22
A3CRQB9GFERD8T,1825,7650
ABCBMGES4BNWD,1,3
A2HL29U0EGKXVB,9,27
A29UMFTOMGN4VU,1,3
A1LOML5R386FZE,2,7
A94QJ3Z8G7936,1,3
A2S4DXQ6HVVUGD,15,46
A2LJ4WKJGEPIER,3,9
A3L1GFWOR6VS1G,2,6
A2XKRTDDV4JCRN,1755,7096
A1VAUZRF5PUSOZ,8,24
A3PGQWCSJPCYDH,15,47
A211PLVHHUCRRI,1963,8176
AATLRSGTD4HJJ,1,3
A2N7F3MVCTAOYP,1867,7846
A2U6LH70DL4DF4,2,7
A2WROWUBLQ9GZZ,1803,7525
AT0T4MTVAW0VX,63,191
A1WLH57DO9JW6O,11,34
A3MPUY1XBX45Y9,5,15
A2ZGEV4CTSCTIZ,14,46
A3S4APK67QVUW,5,16
A21U72YEAOFWIK,240,751
A25QJ9J37B05GH,1,3
A2EOYNPG53CZOA,5,15
ARKYBEQCGHT96,32,98
A2JT510MXT0XHN,75,231
A1SQMM17X1QANQ,4,12
APE70JCKHXQC3,2,6
A208YEITRPNBH6,1,3
A37ULN8FR5KGGQ,3,9
A1YA2BPU7CVNJD,209,719
A2UEKUA2PACJ1,1,3
A1YR3RVSBZK8CW,102,343
A1MI9FDCNB3CMR,45,139
A2FJT0ZSFF3YJ8,36,108
A3TE1JJJZ9SV36,1756,7093
A266CD8KZD20Q,46,138
AM7ID8ASPQAFS,28,88
AR0TID0Y19R2X,21,63
A24AQ24CD6865K,33,103
AW8YZASJMXYO6,1,3
A2ZF3JJRIPFRUI,2,6
A1NR87CCN4I5ZT,8,24
A36S1Y90ZJEZU2,1,3
AXFNC11IE5NYW,345,1105
A32F7S30VL9POJ,833,2568
A2BNE2BF9NGNE4,1,3
A2V0DKRTAQQLDA,5,15
A2XNOYUWVGRLIL,10,30
A16L52ZN6ENX1,3,9
AY1QVDX37MX16,186,559
A1J01PK967MXW,5,19
A3F2X7W5UMNVCY,15,46
A1JXNQ50NK1C2,1,3
A3HSR22ATRJOU,1755,7033
ACNSSLP1POGN6,1,3
A1LX8K5L3CGC1A,91,273
A3M124MHVHX9RR,1,3
A2W03JTG0K5OKF,2,6
A2M0C4CV5OSI1R,1,3
AC5FWEVBSN9O8,3,9
A14ZM0AX0LZNT9,6,18
A1RGN7ZK1S58TZ,1,3
A3GSBNVP2LPFRB,19,58
A1F58ZSA8495PB,1755,7064
A1IT51TW0UI2LM,1757,7328
A2E5VWCKO2G2PZ,1755,7022
AJORX8PDEWL7W,14,49
A18EJQ60KG4IPJ,3,9
A8Y9GOR79HVAY,2,7
AM1YVIJ4M9QTM,2,6
A4D7UQ4UC1A1W,14,44
A3TOEK6W3BVFAO,23,75
AQDHNCD25PFE6,2,6
A1K25QW422L46G,13,42
A15AWN40KRTLAX,1,3
A17HCOZRF8TBA4,29,89
A3IVULXGE2PB43,68,223
A2E4NBNC1WAYV8,5,15
A1OUJO2MDLW1RU,1,3
A1VUGOPL65G37B,156,495
A2X64F7DOMZO23,1,3
A3CSAGK1JZTG50,13,42
A1LS2OKF61TTMK,1755,7021
A3OYUI6MUA8LCE,3,9
ASNJE96DWVE16,45,147
ABMVBLNDF7V23,236,794
A2EPKQ4F2HZRYA,28,92
ABXS55NFGWD4Y,16,48
A3R5HWLGCFQQ7D,1755,7095
A2SH4497XM1HET,6,18
A1W59I1DHBBE3Q,899,2835
A2ZCJS7IOVCBBZ,2,6
A3IT05AC2K734A,3,9
A190OZEJDITR1V,1,3
A3RP30O8OMBE88,2,6
A2GXTGZYYZHDUR,25,79
A356LDM79HK29D,1755,7159
A2BBO0OFCBODG9,1,3
ABOVC1BPUJFZ5,15,48
A13SU874EJN3DX,3,9
A3Q5ZII5NII7GE,1,3
A25SLTMFZ9FT7U,207,706
A3GTW4AMYVRC2E,1,3
AT54Q2ERA4PBR,6,18
A1DDO0MWM4KJRF,80,316
AU320SG3XBG32,1755,7050
A180P22KX8C782,13,39
A1GKAGU5JZODFN,13,40
A3614LPKCNCACE,1,3
A27WL2P4FGTDYM,2,6
A1GOLQ90G6MHK6,134,414
AU8HEPEP83ASN,1755,7022
A1HHLAKLWH0FSV,1755,7021
A1SKLUG1LU4DAE,828,2531
AG7PADBTNUGZ6,2,6
AEK8B590001AT,4,12
A2C9XAU34WBN1F,3,9
A2OIS7QLY06TPU,154,463
A341MNU9GWBWKS,813,2469
A1BONH5MBG8OWB,4,12
A3LMSH3UVWHX7I,8,24
ADJDIF4F7U5YX,808,2446
AONLZZ65SKINV,2,6
A33ATYJ4B6FLCK,14,44
A3G9Q4TV6EAQJA,1,3
A12TUN5C5N3O97,248,758
A3FO5AKVTFRCRJ,1756,7057
ADJ3Y4QWQ6E7H,1,3
A2BFNDKMEPDYLD,69,208
A268A6S63M70ZM,22,67
A3CR1WVBE9N3FV,1,3
A2ON1TKJBMPMVB,25,76
A3CSWB0L9ZLD94,1785,7382
ANJNXT8W5QFRY,37,117
A1BNN7VOYKR1CM,6,20
A89JS46ECD806,1787,7569
A1IQB6UF5L422C,193,585
ACQW1Q4ZX6V8D,1,3
A6LNTFDCECMIE,1,3
A31RULW0KNYJ5H,2,8
A33CPXI0N0VVJ2,6,19
A1O8JQ3CF4GO0Y,1,3
A1LWRD9KCMHQWU,829,2537
A2L1C8E11VDZ2D,5,15
AZZCLFV6V8693,5,15
A2QZFK97U9A0XX,1755,7020
A2L5E194DQGHYZ,31,96
ATDK340QCEB01,5,15
A3BZ9EP6SSC9MU,87,264
A2MZF3HLCWYI6R,41,127
A1JTROAIJNLU6N,1,3
A1NN4K0HGDHKLH,1,3
A2PO864QE6DM65,98,296
A1ISQHP76JKSMD,8,24
A1JSF6BCZLA5ZR,87,265
A22XP8CF9U631W,4,12
A38UO326AF4NUN,23,76
AQ9BB1JOIBS0D,35,106
ADFLBRY00Y70G,1755,7023
A9160ZNKW176Q,44,133
A2PH2K7ZRL9LW6,4,12
A1OA7TBWHLAV80,14,42
A2SK3I26AA8H66,74,292
APAH3VIX32WNM,10,36
AJ7M0U7DETLKP,2,6
A3MH3OS81SQ1XL,16,49
A119EMSQLNLO7T,35,106
A1BJ7M4U2NGVQT,2,6
A2D5I9S4FMZTIO,9,27
A3CS7SCDMJ5678,4,12
A1HQN6CNAO683Y,111,348
A342KSNQ8V0VS,210,718
A3NI1LSFWURJYF,34,104
A30J791OQS1LU,21,68
A18PQL02D6JL31,3,9
A23TE7J1U3791T,1,4
A17EP5GHHKAGTG,1,3
A31TV3OJCWCI3Z,2,6
A1IB42LRNA9QLW,1,3
AUIAEGMOXMMKE,2,6
A1IINPAVSRCX3R,7,24
A3IVLYBFK9BMSA,843,2583
ABNV2O3HLGRVW,127,384
AYQCAPXJ81XTN,3,10
A9KWZDLDNKYMQ,2,6
A24VMSBJAWFRCP,2,6
A22HLJGJ6LM1QI,68,213
A230K924N4UQNT,1755,7023
A18VPADKN9ED5U,8,24
A1WOA004634BUB,792,2381
A10TWYTC6TMQ9U,1,3
A2S0F9FIXVH0SX,2,6
A338X5HM9E9C53,1,3
A3M4UYO1T85VVU,1,3
A1DXR3MMXY2F5D,1,3
AEXGCB43G3THO,15,45
A28Z4MF0PW512P,4,12
A3QEBRCOTOBU6V,6,18
A3BENKZTFJ6XAG,1,3
A17QM7UEEUITOT,1,3
AE19DEYUTQVQ4,2,6
A3N0I50PX8CCBF,2,6
A3GIRDZ8ZD5E68,15,48
AI6O1372DPVJX,19,59
A3VYDLL7WN5ZCM,2,7
A2KRY66FI2BM2X,4,12
A1G43DNJGXS4ZK,10,33
A2ZLSGLSUMOMKF,1,3
A2TXRC7ZTIAASG,1,3
A2YMTU63QRXULP,8,24
AZSXA4HCHTWY8,24,72
A22IFP7TW73V3H,1,3
AYL0SC2RVYFC,2,6
A19XYVMUM5LJO9,3,9
A3F49ZMUC1GSRP,1,3
AMK0B87Y9LZX4,793,2382
A2OO1CYJJXMG3P,1,3
A1636SEVENURA7,1755,7137
A32FGQV64SH52J,4,13
A149ARH4IV8SZ6,18,56
A2EXNK08XFL5KZ,4,12
A11Y64JIIHWD9X,1,3
A3010VBY64UGRH,4,12
A1V7G6OGGW7AGA,5,15
A1FKYXCEHQD42U,57,184
A3VRIFPBHXMMSS,1,3
A11D2XM9K6GO1D,1755,7025
A341ZQKUWLCFSC,16,49
A4Q4I6TUIASOE,14,43
AI6QX40JVX5LM,1756,7141
AP6WB97QGM6M7,5,15
A2HPAKU2FNOCFY,2,6
A2S1JZEGRC7M8C,9,27
A3R59UX9CDYHEU,1755,7028
A2RJSDN6FXLMAL,1755,7022
ABZIWSRNVVCX9,14,42
A3DWGIO3UCBSVD,797,2394
A1ANI33VV4CYWY,7,22
A2O19SOTXF60HR,175,531
A1T3L8MST8ALYJ,2,6
A1LFIP12CD8N9F,828,2529
A2LIPLT5LJTN5B,1,3
A23HTMUV9IN9GH,1,3
A1ZXVKJTHKGA97,18,54
A2Q7J095VNTN6X,3,9
A3NAP3PSKRV55A,1755,7034
AOENHKHZ3A6YY,1756,7166
A1ADKEXEZS3SDZ,1,3
AEZ0X08KA6GPH,9,27
A2TIKUA1GQARPQ,1762,7156
A9YMTZBJIL3WG,247,764
A3VIGSR9ESTTPD,7,21
A2SEGJF0I0TFPH,1755,7051
A3RDY7IM5WGY7E,17,51
A3S41LN7PNDFEM,865,2683
ACGLGRDNOUN2A,2541,9594
A1XE9CJ16DR8EE,22,69
A3DUX0YQS5HA0S,1,3
A34K1HF55DJDT3,2,6
A27NGMW7Y2MSKT,1758,7066
A2C3D3RJ0M2MTG,47,141
A2BKP2PL38TY1F,23,73
A1KGQC53PBFLTD,10,30
A3QA72USQO0KGI,1,3
A3CA7KHRRBCOFN,3,9
A1N0JL4MXE93TT,25,76
A37NQVPHNL9BZL,1084,3524
A3QV698W7K3DMX,9,29
A23Q4SEU7IE2LC,802,2417
AHIHPN39CRG0I,22,68
A3VJS2WHOJVQ3,3,9
AEB39ZGWIKYEE,806,2432
A1SC16MIEW0OTR,1755,7023
A47KVCMBWVX39,1,3
AA8JKQJ57CM5,1,3
A1SSL7MB5QADDD,46,140
A3LQ3QVPJ8JWKH,2,6
ARV88D9NVJ01T,10,30
A16C5IB5MHVCIX,1,3
A1DHZD26R33JWE,5,15
A3UOSNSYF9F9PV,10,31
A1016Q5UDME15Z,107,324
AW0KGHBD431G6,5,15
AOCCXLNAP3DYA,14,45
A2A89UBGSHEHY1,1,3
AIKS3CFPMRQYC,1,3
AEZIO8BRQZ54C,31,96
A12NVP0HB4KONY,1755,7020
A19IFF0DGV0T3E,1,3
A3UQ5JKT7SIQM0,57,177
AUAVO4RMEGP9W,6,18
A1K1RGYR6KGGHG,4,12
AWP0JM6XEVGIE,18,56
AZL8QJZ9XPQH0,16,49
A1S6R1BCT24M56,56,168
AQPNMFQPU4OUR,1,3
A3FZKOJBP8T83Y,5,16
A2MOSXB8MGXQB3,1,3
A2J5JJ34V1IET2,38,119
A1D4X1BSUJ3EKU,1755,7061
A1K0DEGTG6YLJP,9,27
A1M3XD9UV3PD3I,806,2423
AIRB2KU4958FF,1755,7062
A254NDKPFKGP1Z,3,10
A2ZIKWLXT7EMHX,2,6
A2LD7X71EI6M9L,1,3
A3DNHYM1MJ00IM,1755,7026
A332H5915BEC94,23,69
A21BVL7PKG9BX8,1,3
A3PGKGHM63I3VS,10,30
A102RLS4FQLC88,1761,7044
A259HOV20OUHJ4,13,39
A3EO0E04ZA04F0,26,79
A25SR27XA8GXJP,13,43
A3B6AGL013FSAY,100,301
A3JFI1PBIZ26FS,11,33
A3B3UYKTFKZVO0,21,63
A1A6CH371RRDPM,45,144
A6FIAB28IS79,11,33
A7WIV0JCNERVV,7,22
A11E4FWMN9BXJD,9,30
A2LB8HH56AWJTE,1,3
A1KWRC8I6PGH8E,3,9
A2I5FCO3DE5X0F,6,18
AFW1A09A64OJY,1,3
A35PB2LZGZNEB6,1,3
A3EQ8A6DQ7GBAS,115,365
A2S0EOIE4IKP69,9,28
A34AHDS4G49IWH,1,3
A4FMMFAT40BU7,1755,7032
A98K0DDZXEDMX,4,13
A2KZOIOFXXMC1H,35,105
A6VAFD7GLPZYL,803,2425
AZDEAHDT3040G,791,2373
A26DC4NSWUURWF,6,18
A39PE3SRF5W72A,1755,7023
AVJHVALV7KZPF,2,6
A1T9AJCI34XXQU,1766,7249
AGX25TR2HJ51F,1755,7042
A3O4FOEQXPIMSI,310,976
A31TZ79PG4VU3I,8,24
A739ETO5T2TI4,1000,3227
A2WY0ZNN10EJSZ,1755,7063
A22Z554ZQ8NFPC,126,415
A2GRNHCAF9F8LJ,1,4
A2O7HQ2ZVWGV7E,1,3
A30XLEBYCGWJ94,792,2379
A2M5LB2BOQB1VL,11,33
A2FMG3TSXM9F7K,4,12
AWHE7O8YARVZW,2,6
A3QBDNZJ9RVI0B,6,19
A3V75QSI5ZSMFW,3,9
A3U6HRAI2FKYHN,1801,7554
A2N61X08FM8WCT,1,3
A1KZOC3PFTCNFX,8,24
A3J5VGLEPZ83EC,1,3
A2TOC8P6ZJGR1W,1755,7020
ATHT76CCOXEWB,2,7
AW26SZXCF5R1Q,1755,7052
AGFJPHC0EU1UN,1755,7041
A2GPFZL1X3L0XV,16,50
A2BJ3SN97KDH3K,1755,7066
A9BI0D6WWW1EN,1,3
A2605LYSN10W9,49,151
AWYX2Q7OUED14,10,30
A1UX0HJWNTEAE5,1,5
A2B00RVXN7IZI0,2,6
ATQEQIBH64BC6,1,3
AMB8VH491CMPN,2,6
A2XPJP5T5LCBHH,1828,7665
A5FM3BY80U9EF,1774,7359
A1R233YLWSRBTC,10,30
A1GG6ZNCK542SK,4,12
A3QZ9Q8CM5Y8Q1,8,26
A71X7KJCTWZM8,6,19
A2WB01P37RRDZA,1,3
A36OAWDJNRRV8U,70,216
AVEPYE8XOPAPY,791,2374
A34PHC1XKNFFGT,3,9
A2KYV6BKQN7LT,10,31
AKIT8CELWI7OX,1755,7073
AWIG50VOI5VUV,5,15
A13HSYYUY8QAKZ,67,205
A3E2GBGUEJ1QAR,1,3
A2KFFI00P7FQ9Q,8,24
A22VYNZYJLJOAM,1757,7141
A3ST2K1Q8ICKKP,2,6
AH5LRUAFO44F0,5,15
AH5LWWPWGWYSQ,1,3
A2GN0WE4YKU8L5,3,9
AJBNAZJX5L5VX,798,2404
A12299TTBTOC0Z,4,12
A1EMD22HC94SI1,1757,7179
A1RV4589ZDCZ4Q,1,3
A2W0BJAJ5WST7B,1,3
AYU2F3U30DWOD,5,15
A79AHU0P37NB7,795,2390
A1OQGGTUVDC83U,3,9
A167ADYLLRIFH,1756,7077
AFKBZBBVEXA84,892,2821
AYQ75DW6HF1VK,3,9
A2MJYZJ624SV57,16,53
A2I72KZBACHPSD,1755,7025
A2P3QNO66BGRZ7,22,67
A3IA2DJSFWW1C6,4,12
A26ABT9UV0VRGA,1,3
A1ZC38GBGG8J26,1,3
AJUXP5GEE2VRP,7,23
AYXSS7K44Z5RR,42,126
AZX1JTWFRK1NT,2,6
A3M7F427PMJ3GD,1755,7031
A1K8W3UKJPZ0UD,1,3
A5MPN7YO5SA3D,33,99
ALB4R4MZ8OKGS,19,57
A1XI0QLDA46YZD,1,3
A3DZBMO93FHKTH,1,3
AFXW330BP7050,5,15
ALZKAZO1AMYFT,792,2376
A1LQTRN7RRE16Q,1,4
AWQ80SMSFND88,44,133
A2UT009VIESBS8,1764,7217
AF2KT9RR6KEVH,12,36
A2R164STV36F6C,3,9
A1T0W8JXB4USYB,11,34
AOQENWYQ3OLNB,28,86
A3O5FD3A1V61UA,4,12
A3DEX7PMFX3V64,1,3
A1RSS4ACX2C9R,1,3
AFL7V5CVYHQ7Z,1755,7027
A1NHDCTRSWARZG,2,7
A1LR4PEKZUW1M3,7,21
AWDPSDM5EZ9R3,1,3
A3V296F5XF0YHA,37,124
A25SVSZOMF6CHC,9,27
A1ULXU0MYQ0XVB,1755,7154
A2ZIC3YV7NMK3D,10,32
A1TWKEEV197HS6,1,3
AZL1JK2B50D2H,7,21
A119TGHDQP4RTO,8,25
A22Y1B2EGFRKV5,3,10
AVZHN87ULATZ7,1755,7096
A12UHYEANXQ8OV,191,586
ADUGZFI9NOO9W,5,15
A2WUYWNS3UE19H,825,2513
AI9P9E8XJG7YE,2,6
A11E51YAC4ZG0Q,33,107
A1LJXZC1RFW07C,30,98
A2JML0FQHELQG5,4,13
A2DFD06S4HOXLD,813,2466
A3E5S1BO6WXWBM,2,6
A2YP2QTLVH9TKT,791,2374
A1CSB9FS3SLHJO,4,12
A3CEV9KBYLPK2L,18,55
A1T06347QRCHCL,1,3
A1TE3EHBWNVJ6M,1906,7995
A2PVAOS0G22ERX,19,59
A2WZI5ATR46HOA,4,12
A2SF0FJJ17EEIW,4,12
A1RI71C4IQZZGF,27,83
A27IYRA843Q5EJ,1,3
A2ERXMH6W119Q2,10,30
A246ZXXQ0CZOJO,1755,7024
A3DV6K2GQDW8VC,1,3
A29JZMXQ4XGFV1,14,42
A2I1YUW2OXOMKO,17,54
A1VPCB6WV3GHO2,15,48
A3QTFLU2ZWH7WS,1841,7773
A1ACEL9AFWGQMU,2,6
A298N7QT63PPPO,10,30
A3B669K9ASSDXL,2,6
A3BE6T44EVYM68,1,3
AOC5B7XX01MIE,36,108
A1MLQ1WQ9WOO4F,3,9
A2ALU1USHV8HBM,2,6
AUVIUX037E2IV,1,3
A3295TTMK4KNS6,1755,7021
A1EVHJQQP06AKV,19,57
A3L2WXI9UOH0GP,82,320
A2017WLDLNBQNN,29,87
AX1KS023SJDT3,10,30
A3LVYY101GZTNW,807,2431
A1HJUZWT313CWX,2576,9795
AA6Q57I7OQTI7,3,9
A2QVB4WP3XXEBC,13,39
A6BNZTG3NTV70,1,3
A77GQK6BF4XVL,1,3
A1JPK67P6XMBIH,3,9
A17VI57HTHQQ6Y,11,37
A20LVBE2GSF5C8,24,72
A1KGBUKD3G3TYQ,1755,7028
ALYZ6K2FC7VZC,6,18
A1WRFS5A0QL27B,5,15
A1IH46GF4BNPIQ,2,6
A20G39D6LBR45G,153,460
AYJJDQQ4EZ5V3,8,26
A2M5C669MGN6O4,3,9
A1BN2SLM5MEX6D,30,90
A4IVOEXZWRO2Z,1,3
A3PF8GJK11GGZH,1,3
A1ZVUSNISX9LNT,431,1437
A2ZG2DHULY2O4Z,6,18
A326K8T0UES729,1,3
A1IFUCNA3A3UYK,1,3
A23LYYPZPV3W21,293,920
A192V0APRHEW2,1,3
AJJ4Z626IVKNZ,845,2584
A1E0PKT6I56Z4X,1755,7026
A2WPSFTKUFOE3N,1,3
A3MMISYL1GBXH4,1,3
A37OYVYHR5U4NU,1,3
A2AQYDYGYL8Z17,827,2503
A1IVL56RZ56U4R,1,3
ADAUSZW1QB5I8,31,93
A1HD64C9ECQ6TF,1,3
A1ZMAQ693IVNG3,2,6
A3AOPVQ7EZHTWA,59,242
A17FSB0ZCVQK80,1,3
A3KFJLXYRM90D1,121,365
A3CTXNDT073PU6,1,3
A2XPUAA50EO9DV,2,6
ASV54BE96EQPR,1,3
A3UE4QGQ8YIQD3,8,24
A160PIYRWOZ695,6,18
A2JOQZOATDC7JT,791,2378
A32AASJWINE627,2,6
A2AKY39TEU4XZL,1,3
A3D42ZX96FA6EW,1795,7431
A2FLUIG3RX7EET,17,51
AZJQ1JDE7IJUK,3,9
A1C0O09LOLVI39,35,116
A2KEHYZUJOM3W6,48,145
A33Z1FXHNTWI9V,19,58
AETQIN7OH0RL9,30,93
A13XSFKDUZ7ZAT,1,3
A1P12D4J6CLN6I,2,8
AT5GIOOKP9SJC,1,3
A3CQOXVB5H26Q7,2,6
A28ZOQ06630VLT,2,6
AN28FUG6NBF0I,794,2387
AINE749EUFI9T,7,25
A39809K6812ALK,1,3
A3FGKL7JZVZLBS,3,9
A3B0TX0QRN7WQ9,1,3
ADIOHXMJ0E6UE,1756,7101
A232T9KXWJ2Q9U,31,97
A1JN3UIUZAHF7V,1757,7172
A2YLPV7QVK2JT9,8,24
APE3RHJQYC3RL,7,22
ATLPYE4V3UJO5,2,6
A12YXGXV4MATDS,1,3
A3AH6CRIGC022K,20,61
A14MQNIHKDO873,1755,7033
AGY1Q7NBNXC43,8,24
AOXN9T6MH737Q,21,69
A12CYWQEQWQUE0,3,9
AUVUBABBGNNS4,1,3
A1JA84HZWILWMG,1,3
A2V13UH49SFDOO,4,12
A6JA8DEG5TK5C,1755,7043
A1TSS9N0BCWGBI,791,2373
AQIVKUVV9NJWQ,2065,8668
A2IBOIUH8A20OX,1,3
A1DE9TVBOVWXP1,1772,7390
A36NTOPLI28P73,17,52
A2KBVJWA5182KU,2,6
A1H2Y9MYUONG,9,33
A1QUNDM9NDNQ3I,64,200
AX18PPQWCG7FG,2,6
AYWUO37I80I0V,13,39
APEZUW3YFEFJ7,1,3
A1LW0TDTKZD621,2,6
A5PFVUAKJRQ9,1,3
A38WHF1XCRH1T3,1755,7065
A6ONVH4K69VIA,7,22
A2KGI0YVZBU9P0,1,3
A1NX9AO2BXCGG1,1,3
A21AI478F1MDDZ,1755,7030
A2LJ0XC4FGTTH9,20,60
A2PD23Q94D960O,1,3
A3NCYWRAJ7L46Y,1755,7100
A2YKVI8GRTD1QQ,881,2768
AOAVT25857KIK,172,516
ATCC0INFYE0U0,20,61
A2T4B0ZGA7IUAD,12,36
AP47Y52NBRZNE,1755,7020
A3RT9A5T78O0DU,5,15
A18R1E6C8U1U39,2,6
A89YTJ51NTTKS,1,3
A37OTK37U6YOW9,814,2471
A31O1Z955Q2Q0N,20,60
A1C126645DM4U5,3,9
A2SNOQCO7EDBJZ,21,64
A2TM75VX0XLYEM,14,42
AZDZAK3ZM28UU,3,9
A2MIQM0J7IFTFX,1,4
A15WM99TT9ECN8,17,51
A18Z2ZMIJDUJPR,66,212
A1BNPAUXOZ9VC7,48,144
A18CDL1AYX7IUS,1,3
A2NW1N71JQ1P2X,32,100
AALVCMX1HXYV8,19,61
A1HOO1GY2K6OMY,2,6
A13L4LB6WGK2XW,1,3
A2VAD79S4A06DD,18,61
AAK5NV2FS0E8,16,49
A1D5BTRIRJVIBW,1,3
A1NNJYTQCQHK9R,1,3
A2WYNQYNJGDLLP,2,6
A25RWT9QC3EUV7,1,3
A2F784HXN22CYJ,1,3
A17H4NX8DJASDT,2,7
A1SCJY0BJTPJA5,1,3
AQMEGG40VOKX0,2,6
A3SOFQLKLURYTE,1755,7077
A17DYJ1XJLXAL3,5,15
AQIHKBA7IXX1T,4,12
A3N01U1JAF73NB,12,36
A2P7UEAIXX52GT,2,6
A1UYFXKNUIDGBN,8,25
A1IGDOK5J8HEHO,1788,7335
A1EQP73HF95EB5,2,6
A1RVJSB6CWP5S0,1,3
A2CYDYRRHDBEUT,10,44
AO86SMZNW48N5,3,9
A37S39Z4N4390Q,3,9
A2TXBFMVM792MF,1,3
A3RHOQHFVEVHCR,350,1110
A1M6E26NL0N8BT,2,6
A10DT72T9PAG9U,3,9
A3SAG5ON0Y0H3I,2,6
A38TOE9YEDEPEN,2,6
A1EIJ7DDZM2TPJ,73,247
AULWH7UFOOTML,2,6
A32ZC1AIF9B85,53,160
A2ZTEXUPPZGWGQ,1,3
A3B2Z9R4BQP6J0,6,18
A2R64ZC4HAN62U,1,3
AHB383WAUG7LZ,1755,7049
A3C6YW8X68F7BH,6,18
A3JRTDZC9BH86X,9,33
AM2GYESLFZ43Q,1756,7154
A1DBR2PHENDRCQ,2,6
A3NJK826H8TFHP,1,3
A3IW2TN27KPEZ2,1755,7079
A1RSRUQVKB5EBO,472,1533
A2UDYQAW1HXDUJ,1756,7108
A1M4PLIMMFF06,1,3
A2FN5DGPDO01W,8,25
AXSKB61MD3QGW,4,12
A3QE8U4CZ6WZJC,2,6
A15WX1NKAQK6G,4,12
A11ZTNL7HIZTN6,108,328
A1L45P4PXX7OEO,164,494
A2783BY8GMKTZD,10,30
A2AF9EC56C5B6M,1,3
A2TPWGD8ZXJ3BU,1755,7028
A319M7RJK6ALXG,1,3
A18I2E8F9CWP5K,12,37
A34VRVI4CSI5RQ,1755,7020
A3SAZLWQ86H32,55,179
A1S0P16TIUH3RV,1755,7036
A20HPNUX7H1V3E,1755,7059
A2TP0PJIZK86N5,1,3
AM9KZWO2UFPXI,2,6
A24JUT24W1K3CV,66,215
A3TMTW57OH788I,2,6
A24K12BAM7UR9A,1,3
A223XHHKGMON2J,11,33
A2RNMKDS4QTQ2K,2,6
A10ZN0ATI8ZBRF,9,27
A29ADW1P94TQ3E,3,10
A25AKAVI522CB0,5,15
A1K8ITH9NPJBHO,7,21
A2I4N574R82VYK,102,309
A2BYJDYW8YL8RW,15,47
A2EOTBGW2QQ2CP,33,102
A2TFBYP80N2UAB,1756,7076
AQX0HHXKY8K3L,805,2438
A1HGG7A1GEEBFB,849,2625
A1ZVES85PJY3ZW,2,6
A131ZUJW82VP59,1,3
A2RZR1H1W1FPDV,82,248
AX1CQKLHE9U03,12,37
A234WS4NSI1KHO,2,6
A39PHF7PMVY2CX,2,6
AHT8CLN4O1A10,830,2550
A3S0UDGS4EO2VV,9,28
A2PQHC9ZQQJWPP,1,3
A3PA7VNI9JUGTE,1,3
A27MAW4XEWOM16,1755,7046
A1XL7R4E5WXCXD,841,2590
A2HWWN7E6ANV99,2,6
AXX8LWC062K8T,2,6
A1MSLP5M1UUQL2,1,3
A1IMLPGR5XM4F0,8,24
A2HF6XGE1DA65V,15,46
A2AJIKCMROZA4R,2,6
A37MB1ORRP2NOT,4,14
ACTEAPEPGDV8G,92,276
A2ATGHZWV6OP67,1,3
AY85RHKLBXVLU,7,22
APYHSY5CVS48I,5,15
ACR90U4NFM73N,12,38
A2XGWZAO51A2VM,1759,7159
A3OUE4CO7M9H5Y,212,644
A1SKZYT31006MW,1,3
AAKH9AQAJPJH7,1,3
A22PKMXL8SYAT4,10,30
A3EQ5CKRZS0LI7,1755,7079
AX23AZBWGPM4,1,3
A1YYSOGNC6D68G,1773,7254
A2GTI2GLHUJJE9,1,3
A2Z84UZPX7064Q,1,3
A3NGAQKJ6X088B,12,36
AMJI7YU0I1JDK,1,3
A5P4J21R0VLD4,41,125
AQIYEH9EZS2WU,1,4
A7B5422A5O436,4,12
A3NA8XVGSX8D33,8,29
A12J5MCYXCEZ99,1,3
A34IJACMU8C3IM,2,6
AAJ90RYPO1SXN,1,3
AZSVUIW5QVV9I,1,3
A21R51W6KDVGBT,1,3
A2U45YPPQDV4ZQ,1755,7020
A1KOEK74WTXOWU,1,3
A2R2FL0MIFCN1V,12,38
AHMNZ1FKDSW6C,1,3
A10P8DU4Q30WG2,1755,7089
A2APHE6KJ4RBOV,4,12
A1E11EA3A49636,1,3
A1GWG5CWLKJ7ET,1,3
A3KZ6CXRIGUTXX,3,9
A2EMC6QC7HE61L,1755,7026
A1Q02OPAKHELTD,1,3
A1JNV4K56GG94R,24,79
A35AS2HLQI0MRP,1,3
A3W23YAXH4HR5G,2,6
ABBLAI9V904E7,4,12
AZZT9G4MJFCHD,2,6
A1YBNOSCW8H1FS,23,70
A2MSPPY4E1GFJ,44,135
A975L7FSBIFIP,818,2490
A2H5FDYX3GDYG8,1,3
A3AP9IAAE2KI,1,3
ASYHYW0USZVN6,9,27
A34VWX657LS4CS,1755,7026
A13TEF3O1YL12J,80,241
A121S4HE3PUFB9,1770,7247
A1XFC9JHC24BIO,41,125
A1PCWEHEGUQWP2,1,3
A1H2D403IZ5E6K,4,12
A2I01I3IMYW9K,7,21
AGIMDJ4RO2EZE,1756,7206
AGIYEVS13TDB4,1,3
A2MYN2NHO70QWC,7,21
A2NF1FBFJZV7Q5,9,28
A1FSY07K0HOZSS,1,3
A3VWLSVA6E9AL7,1,3
A14VPVPTUHLHUI,795,2389
A9NVD8TC7IHFC,44,132
A3U8K3V1JUE3ZJ,28,85
A2TTR7OKJBNXXG,791,2373
A1WT4GAZ93OH6N,1,3
A3L0IT61VPVIC3,1,3
A1VBJJQ0M08WAD,2,7
A1Y90O3KRCENSW,1,3
A35PMER7ZH4Q0R,15,50
AW5D9Y2AZAZUU,1769,7278
A1VR611WC2H4L7,1,3
A3D8X0DPFYRTKG,4,12
ATSW0SEA5JHB4,2,6
A1EKDT0DJ6R9VE,3,10
AB53ELYYQJKZ9,5,15
A1DREZRRHNBOJF,4,12
A39B2LZM2610NQ,12,37
A3T1AS79A36Z3R,181,556
A1A4Z6NZBBNGN6,2,6
A21VM9WVF8EOSJ,1,3
A30L18KVJEBXH,157,472
A3TJMZ2YFNECYN,1759,7193
AER13YN53VKDJ,53,161
A1PU6U585S5Q4M,4,12
A3H1GUXH5LAAHO,46,139
A2LRENOLZO3OPQ,3,9
A32KS6H1VJ3VLS,1755,7026
AEZ9YW4RTPWMV,12,36
AZKXTW911W9AO,5,16
A6J674F3F3E5D,1,3
A3I23DPVLDXAB2,34,105
A1CJBNA94OTG0O,12,38
AFS3FQR5JSDVJ,55,181
A12EVK82QUTSA6,1,3
A28AV0N7EQNYNS,6,19
A1R5IKBFSLR4BX,19,57
AZI67DUGQDCDW,301,965
A3A7EQMJEKBWB6,21,66
A1LCN5Q4P4IPLN,15,48
ACS3H8PLLX7IP,1,4
AXOV3QCTN782N,65,205
A2AQBX9NMHAO5D,17,52
A3L9A7JLC3PFLB,3,9
ADUCFYAHTNWW4,1,3
A2677742YZ637Y,796,2397
A5LKA6NJMTVK8,8,25
AYPT1GLFH8FKL,1,3
A1XJ3UPFYLQEQN,86,261
AF1CR061AFE3I,1911,7986
A14V6CXN8ZWZOS,3,9
A256U10ZSNJ906,1,3
AGOMW95M7MIV,12,37
A18RGYRCEN181M,8,25
A2ITU3DD0V6VMA,1,3
A8MO80O4P1ZK0,1,3
A2T1SPDABIP3MA,2,6
AOQL029NZDQKE,48,146
A24MDYO5UBUA5R,1,3
A8YKGGP3SFJAI,1759,7053
A3E8QG8QX779G9,6,24
A1IILGNML0BA11,7,21
A3KGJUUM1ESFC7,1,3
A2PPCO5AYT5T1Q,1,3
A2MIP3AQVSF2SS,56,175
A2E2KYE92LF0T7,3,9
A3923UGIPX0QQM,8,24
A3N0V3DI3XZRAM,109,329
A2GNKYINIPHSRO,1,3
A1EWYZI4ZHU9XZ,6,19
A1MJZ6MQ9Q5S0Q,17,55
A2NTTN6IELR4Y1,1,4
AFNH093JGM7YK,66,202
A2DQGJO096YA0V,47,141
AW1HF594RBA4U,10,31
A136YD08SCJ2LV,159,500
A2OO90IPJWOIL2,1,3
A323C4YXIWD4DK,64,193
A1EMON1EPT9ZRU,1,3
A13V545DVMG70Z,1,3
A1CEHBNFVMJG9P,1,3
A34ZTK694FTCAE,68,213
A24IFJ4R30AI81,4,12
A1B5GWCQNKTE64,4,13
A1SHQPOLVB8EEA,205,634
A1NYWXYP4AP8KU,334,1109
AN739QKNIRSPF,70,221
AS24OF7AV66Y3,256,803
A35580GQYR93ZT,3,9
A34JK788L3DU8J,22,67
A2WFPLL9206ETJ,1,3
A30TV2TLH8ZL9E,1,3
A1KO2PCSI7DZYU,52,156
A3LL0TDAD0GV16,31,94
A3C07SGW01C2QO,810,2466
A3KUADDE6ZOUGD,105,320
AXD16EYGOBY0J,6,19
A1B6QVUMIHMLVR,8,27
AZVRBJN76UWV3,2,6
AG2SDG8QXT93H,55,176
A1HLNVJFNIZT5G,9,27
A1F475VU8SGTN3,4,12
A21RI87ATHB0P6,1,3
A3BNU5MEW07D65,3,9
A3STE5L8CJ6QDB,27,84
A3PTPHL988PHS2,2,6
A2K9FN7C23Z2Y1,1,3
APP3QUV7RM71N,1755,7031
AS8B6V4Q0T0J1,11,34
AHMNQ1T2Y3KGC,2,6
AE4OW0E3H1QBI,1,3
A1D9Q85ZWRSQ20,4,12
A2DCF7A9LLZCLD,10,30
A1YR8IO6HZ91YW,5,15
A7PVJP2UNSB8G,2,6
A1ZOHS2WK55P7S,1,3
A356GMHKZ1CJAI,1755,7039
A32GP6NONF4K6Q,26,78
AIEFC4JNA2ULY,1,3
A1APNDTJ49AG7B,2,6
AMCUHWD2UJAC2,7,21
A1Y9PFRAF62YGC,1,3
A3AG4G3BQ4PW87,5,15
A31ZWJD8GKYFJI,1767,7210
A3DCG2MNPR4BW,5,15
A74157Y24YFJ1,3,9
A5OT41BVKVPUZ,5,16
A3MS60ON8AFTZY,297,943
A1KXP0HE6LB5U6,1,3
A35Q9EXY83PF4E,1,3
A1Z3FJQXD067JG,11,35
A3MMTEVLC8YISC,15,46
A11UETVJSJJSUI,4,12
A9YPGFAYFRIWJ,7,21
A3NJH3A5XVNMJ0,15,56
ACEQPYFZ50EGU,798,2397
A3QASLWC137KCG,30,90
A3OF5MEF0M5LTS,2,6
A3VFNY3HJGY8ZY,5,15
A2P974KF1D2HEN,430,1433
A3E59YNQNT10YC,1,3
A37EQT8DCK8CPT,1758,7114
AMNZ8KDPRZGMV,1,3
A1M30MLAL8ELA0,2,6
A1A8C7DVH8PP6M,1,3
A2W49G756OI5BV,3,9
A15JA6D4VNQES0,3,11
A2LQ3I988ATX2W,22,68
A1BSNDPAWH2P2W,45,136
A29YKT85YFAY87,1939,7727
A3OW4UH3TISKJC,12,36
A1OP0QVGZVWLY8,1757,7199
A3JN10NH1GV171,794,2384
A24OF4VYEKNF8L,1755,7021
AVFQ69R7AU8ZW,21,72
A3VPJNX40SBP1M,10,33
A1VNT9PO0VE4VO,1,3
A30BSG9HPRWYZW,792,2381
ANZVDJCLQX2ZR,1,3
A11LGEFNQ78GAU,12,40
A1W1CUVUE6C64R,16,49
A1DFWAKGH3OCL5,1,3
AUA25OLJ5UPCX,1,3
A3XLCFEKY9NPO,2,6
A1BKTMEFW46CFS,1,3
ARLD06GTJJQ95,1,3
A2AFDGQVPTIMNI,2,6
ALTHECSJ7PVRF,162,489
AVY28JSKAJXSY,1,3
AHAWKYIV2S1G4,1,3
A2YUDQKESBIEEU,142,468
A3LD4S1PFMBNJZ,2,6
A102MU6ZC9H1N6,1756,7102
A21RNEIY96KRVK,61,186
A3LVOTYCDMDLTU,1,3
A3I5T73P0VKSI7,162,574
A2DKW2PEHRTT6N,59,186
A2Z78P9C9OB19K,12,36
A2EESAW207TSAF,1,3
AGJ63FJ7VOAQV,3,9
A3NFYX16H2N4M8,24,72
A1SK6R9XKJV8YM,1766,7223
A1XQEU4LFK1VP1,9,28
AG35YTSVHHHXL,1,3
A2Z0CDLNI0QTQM,6,18
A5ZJQWMZ65PFZ,4,12
A1PYUF5YZQT4I,3,9
AO6VQNF1LLUHM,26,85
A2JAEZ0FMAMJVW,1755,7047
AIR4WHOJ9NEZO,1,3
A2YXQMZ32BY8XH,1,3
A2LEJB80L5DFGP,3,9
A1QUKHDWTM6I32,1,3
A2K1ME5XMWMSWY,6,18
AKYDGCKCY7H9F,1776,7406
A3G5GNGDRFISJ7,1,3
A3I3KBQ3HCOYXW,16,48
A19A33LUWS8U1O,2,6
A2YEZ8Z3BW2SKG,6,19
A255EIM0QI5K4F,2,6
A3VVL9YV9GB8N,792,2376
A3HHJWHYB3T8HI,2,6
A18PJ1OKFN0W0X,1,3
A1N81FVAJFOREW,3,9
A223S6N0DBQBHP,6,18
A22A4HNN0ZTYG5,3,9
A2ZTKDRE81WXBI,134,402
A3K5TVEFLGXLRK,3,9
AK3MP93DSAB5B,6,18
A31LPKDBVFG2O8,1,3
A1T9A8YD2FU9UF,9,27
A2HNER5CM32POS,1,3
AFN0BKX72VIJ8,1755,7102
A3B4L653KYTW55,57,179
A10M6EMAXEANY2,2,6
A1HQET3U5TUZ8X,192,580
AYQ46BHSK99YV,5,15
A1ZXTQA6K1YOJ0,10,34
A1K2VGY3VJ6XI0,186,573
A2RBIYLS855KOH,1,3
A1YX8PQBWSGRTT,4,12
A1SXCGBJ9JW2MO,3,11
A3PN9TV1AO0W7H,3,9
AORNBTE4IB132,5,15
A26Q0N062V2ZUR,3,9
A1KJBZMNDQS2OX,1760,7132
A3BM4YNXAL91PD,4,12
ACTENPA96XEMO,11,34
AD3RNV41AY9GM,1755,7025
A3SSURUJHTO28P,1,3
A3SBULFV1ZKFYU,9,30
A2QC8U62VXM2AX,9,28
A9AHNC570JU5X,2,6
A3LOTMYNTX7DMC,801,2409
A2NEZDFHN4HF4Q,68,204
A145J3VX6SZWHY,1755,7132
A366YHN3MVLTI5,792,2380
AT0MAAQMQ4S97,822,2497
A3VR2WJ5H063FM,1,3
AA53IZK0OCPIF,2,6
ATNM6504PPJZK,13,39
A2W0ISM2ZZ4QN9,2,6
A2JH39AJUEJJIB,1,3
A1RHBI07JTQBER,4,13
A14XXL4GMWSI47,1,3
A1ML4I97288YHH,1755,7063
A1E2D0BV7GN0F,2,6
A2DQJAOUH1MO9Y,3,9
A2A6TSA04UWE5K,1755,7022
A2KK52IFW3AK6Q,1790,7501
ACW9QRY92GUY0,1771,7280
A37PLC0YOKGGEM,3,9
A1M49ME0LKG194,1,3
AUZNPAGJMCHEC,2,6
A158WIQJCLENUM,1759,7240
A1HZRYGGNMOWRQ,1831,7702
A5N5TGN0PGK17,4,12
A2NVC7RKW7JGTW,1755,7025
A2CUNBMEL73JKN,221,755
A23AKO4BZLZ8DE,1820,7578
A1WU3RDNM8Y8Q9,4,12
A1S7QABO64Z554,1379,4665
A24XU02OGU0V6F,1755,7052
AGQRMIBJR6XHY,8,25
A3229B243QOGSK,2,6
AJ1FNABQ6SZBW,2,6
A39YGVP8Y7KM22,1755,7035
A13EZZ0NKHYNUD,2,6
A1JZCFOZ9G4OIR,1830,7696
AN5QAF6MNO5GB,36,109
A1H4WSC8JWS59N,1905,8010
ATTLARZWUQ0DN,1755,7047
A2JT3ILVY46OCD,54,164
A31PEMQOQGFEAZ,16,54
A26JLRL7PCJ60R,1,3
A23LGVO5K3VW1T,1755,7045
A2UCXEQJI44WML,4,12
A31XBPEWWOM8ML,264,889
A15RRL8KH6ZRFJ,1755,7027
A3NFDCJRBOX35H,838,2632
A1GXG8FTXEA72D,1756,7212
A3NZ64PRRWCVFM,1,3
A2E7SQXCH16YKI,2,6
A398X9POBHK69N,1808,7617
A2U4GKRUQBGQGK,3,9
ANBEFZNSUSSQI,1,3
A1MT6DM5N1OFND,2,6
AI0J6KVRIRZ08,1,3
A2JW1S8KXQV2FL,1,3
A1L57QBZ1AS2R1,1,3
A320UHVVRL41LM,15,49
ALIJ3O9WSMUH,2,6
A2804EV8ORX1SS,105,394
A2UBYVENI5LT9D,10,30
A3S0BE5HRSKL93,23,70
A1MNE95NJVRZJK,8,24
A3LMH7M7YGUW81,25,78
A35YSMJU0CMEF7,4,12
A1EWAIICGKBC5H,1755,7092
A4VUO3UKDVQ7A,1,3
A2E0R2P3I79XEY,2,6
A3JXAJDGMYNI47,1,3
A2JPRN080WBJ4N,5,15
A2VGVG7IFBRSML,5,15
A1XHJJ65KTHGZ6,1,3
ATLD94HWS0O5C,3,9
A5Q4XKAR28L4R,15,45
A1G8UXP1M54I5M,7,22
A2IBIEEEVZ4LY5,67,201
A1CE35GK35LVMY,1756,7044
A2LBHMQ3142G3S,1755,7106
ARBVO4JVS9AR,1755,7137
AZJREO7ZSD5BB,1,3
A3O45QGQVGNDC9,1,3
AGWTKGLYBE7G,5,15
A1NNPZPQ9606XQ,41,123
A212I01TDZ5JX5,3,9
A178M2AHNWQZB0,6,18
A1NQHWEJO3H9ZX,1,3
A1ZO93FO803OAF,4,12
A3MJARDJ31M698,1,3
A30CEH4TZVMP1J,6,18
A36W3OQNOWXYLC,20,60
A6YR53SOM3B59,9,27
A3LATYURVZWAFG,1,3
APH0F1OL7K0W7,1,3
A220FPH51LXEFR,98,367
AGTVPM4QOOVJ3,3,9
A2YRLSW5B1QO0U,796,2392
A2T4MZRU9ZV6YX,162,499
A1AVBORQFX2PUI,1755,7368
A1UWMNWEV9JIVG,3,9
A4SB1M7G0AE9S,1,3
AWIYXQ0V7B7HY,33,100
A9G8PDIY202UZ,5,15
A31XY5BETE8DUC,3,9
ABCDEFF7L3HJH,10,32
A1WE8SS1YIKVWY,1755,7026
A1WYNQ1C6QIQSY,1,3
A2EDHPM6T1L7Q4,1755,7022
A23H8Q0ZPBSEKI,18,54
A2YMYHUD9W9KFI,4,12
AODIJK065X72D,1,3
A2DXBL35XYEA68,1,3
AJW7EF12W620G,7,21
A19J3XY4IO2OYC,8,25
AM67EGOF8ACTY,24,72
A1GFVOAGRCU43C,19,57
A39TF5MVAB5ZME,1,3
A1G24C5NX30QQ,1,3
A2WCNTQVMERI1C,4,12
ABBQ5IJSHC6OC,46,139
A2PBXA17MGI716,2,6
A22B2V1QL99Z85,112,349
A2JRVQBYMH1RPN,2,6
A7T0G6M13VAAC,8,24
A17T7LGGM2P7ER,1,3
A32SMZ124VV1Y,1,3
A39TQCCNDU0A9D,3,9
A2DF0FZZ6GMEVP,5,15
AHWKZGR910MRR,1769,7258
A2HPWU3YLTF8O5,11,33
A2JHOTO4XYE8E0,21,63
AHYOJFLTOILLW,1,3
A1673ATE19N8IP,16,49
A2BAI4MDPL9FKF,12,36
A1MG0FE0BX35FQ,13,40
AHGWL6FM6DZFE,807,2434
A24EE20COX7OM9,56,197
AEO3ARZFEY6JO,1755,7110
A33DNIKKTBRNEN,2,6
A1R53G824SKGND,9,27
A12MFT513H6B55,2,6
A2IZ5ZAP72M7I4,4,13
A1QO5255VVGROB,1755,7096
A1LW5YFC9GX6RL,6,18
ACHI7G0Q11VZD,792,2376
AI5NMW7JM81P1,1757,7232
A13DTC7UL3U3BT,1,3
AFHZSK5EKUOUO,1,3
A1KO4Q4BW050LD,70,215
A8NP83MQID14M,14,42
AC62PJGKJAO3R,1,3
A16RAZIXB9X57S,1,3
A3B1FQR6HV6H42,1756,7152
AD838DZ4R78ZA,1,3
A1VFHC9IE14X3H,112,342
A1RMG2Q95STAZF,1,3
A1ANB03WUV3Z8E,1,3
A30YC9UERWSMFW,1,3
A35EZVEJMUC2U6,2,6
AX5TUMCEYBR2N,2,6
A5X5EGH95H0OQ,13,41
A1GTOKGCY0W6GP,17,51
A3L5L7OHXRY03L,1755,7050
A1OOJDWYO30H82,60,183
A297IN9CS4L5OQ,1,3
AR52CXOX54AW6,857,2694
A1B5G4L0SR370S,4,12
A10D7ONC91X5HJ,5,16
A19AK31V933EBD,2,6
A3DQNUE9LG3EAF,5,15
A1FD7P1YWMZEVA,13,42
A1PV1O0WCRW7OQ,253,858
A1F32ODPF9635G,3,9
A3U899RYDJU77R,1,3
A1O4Z9UEAA1U9V,1755,7104
A2H5GRB3XXEBX0,49,149
A1A4LJ4WFOT37B,68,215
A10FR85LUXG7DE,147,443
A20WKVUZ7OS0OM,12,37
ASRXAR4B2JOG8,1,3
A2FAF1J19NO0ID,2,6
A31VV5VOYOG98B,1,4
A3GJ25QG91UI9Y,19,58
AE35YTTXX6XU8,1,3
A2VH0UT5EQFB6P,42,137
A1MVFDBFYO0HTE,1755,7368
ADE029DXTOJ0Y,18,64
A3G4I39K4493YW,4,13
A3P2J1W1RBUX6Q,4,12
A2YEBNBD4RWLPU,337,1089
A3S737ZGWE1GKY,1,3
A34PZPXBT0BCHG,21,67
A1EVEQAR05SY7L,1967,8331
A2F3IK1YW3BAOX,36,111
A39SLOAMVTKZV0,10,30
A1ESUYMIG3TZT0,409,1330
A2KJY8BRDP8RZP,3,9
A114LDDW69D1IC,1,3
A37U8RQDGW261Y,1,3
A2WKSRI6MMW2L,68,204
A363LX04V411B5,71,216
A4WTN5ZAIAMBW,1755,7049
A2NGD7NSBWLNJ0,114,418
AENDH6DTYZFC2,1,3
AXMXE3RT660HQ,1,3
A24F76J0KADUC2,2,6
A330VJOHGI0K5B,1,3
AUKX4RLK8W5RH,1,3
A11K3HMZME2343,82,248
AWHKACTSX0X33,1757,7133
A25Y9WEHR6FLVA,1,3
AL7LF2GAL9I02,10,30
AEIJJLC989I1K,8,24
A1F2WG3PFVMTGN,800,2417
A20KBMRR5OOH71,4,13
A1PP9MFUH6EYH5,2,6
A2SPMX5LT2OXWU,6,18
A1JDPFN44PHOL1,8,26
AVVFMZTW94F8,55,170
AZAR9LPKXD4C5,7,22
A1F34IMAFVI1CH,5,16
AY8ELJX9JJSMQ,2,6
A217RAO76SY0C,1755,7368
A1LI0N5AER8NSR,6,18
AK7X7IXX7WYNJ,54,165
A1X32YOWSPVDMP,3,9
A2HBYOM812QW0O,1755,7029
A2FOD0FQR40ROW,7,23
A1DFG3NSSO04JB,4,12
ADNKG04OS6WNL,3,9
A1CIYZB56UF7J9,2,6
A5F07XL8HA4EE,1,3
A1MV9RUGNXNFWJ,1,3
A31LS4JQG647VX,1755,7094
A2XHRVX4LKHYM6,1799,7548
A2KH2KP2UU5QZV,42,129
A31BE0QMHAWYQU,1,3
A2D89U1RUKC594,1,3
A1P8IUL2UO2NX9,4,13
A1S09GB59O1BM1,9,28
ARVLLV2TU4X1Z,1755,7020
A3HIPEFS38BSSF,78,243
AHMEG9CAAT2KF,1,3
A1YW03WWME9XAR,2,6
ANQ76BYKV6T4I,3,9
A2WDX2YEWJDING,1,3
A279FUL12R7MBD,138,417
A1P0VWJA1CZ2N7,1755,7064
A2II0CMT8K4W70,5,15
A3OUTVEFLNR0IN,4,14
A1VY5QSEVZA7LN,1,3
A2Z7M7CBE69RMP,1,3
A2X1E2N5FZXKKW,1,3
A2SY6VP602979N,5,15
AWO428JZCYUCU,10,32
A3M5DJRRTJ1S7N,2,6
A27EWIL4YBWTA0,29,91
A26NQIGPSFBU5Z,1755,7238
A21VS2NS01W8I,1,3
A2KN4H0JRCBXP0,1,3
A1VUZ5VO42LSUA,802,2418
A3V4XPZSZM8HT8,1755,7020
A17AU95E1RE952,9,27
A3TW9MM2CO1S2Y,13,41
AFNFARQHF0L8E,1,3
A1OY65LIH53EHK,22,69
A249CP49NXA204,1,4
A1ZCVIG0UB72SJ,9,27
A39HURAH9G0XL0,2537,9604
A1IIBS83VS62E4,1,3
AAFCLHUTYOW5,1,3
A35HPR7HEAIRZH,1788,7486
A9T6PIC0HPYVO,40,120
A2D0KNY2GLTZZ4,32,107
A15ZWBQKVOPHZ7,1,3
AWVGF0YUE7NI0,1,3
A16QRMPVWQ0JTM,303,948
A25ZB4XSRN4UHJ,2,6
A10ETV27ZZU7ST,1755,7064
A28AXONQCFO3M7,1,3
ADGTFNR49MCLB,1755,7020
ANR6XZ3YE0EJ8,908,2874
AU0OY9GKKM9ZC,1,3
A33SN6R0NVJXVS,1755,7079
A3BF5OCSFEABL0,6,18
A3NYBI5VMVEEIK,2,6
A1MDV1OHF5JKVN,1,3
A39BT4D0MI7ILQ,2,6
A3I5HXC6U3VCUX,4,13
A1SF3I4QT74OKX,1,3
A2CPWZ4KCQHN6M,1,4
A2H1SZJVELR5KO,2,7
A16A3VF9OMC094,1755,7368
A2VTQ8JCD7201U,24,75
AAW7FTL9X51MP,4,12
A10CJ7AO10EOI1,4,13
AMP7R9O97CQKU,4,13
A6A9IF8GC6CW3,1,3
AVZTZOP74J64E,1755,7126
A36HLIPZTR6J74,1756,7392
A168AALR3BOYR7,123,442
A1FLNDIC9076J,16,50
A18IKNQ71Y8M6I,1755,7037
ACMOAPRS7DHUA,1,3
A3MREM4NAL2ZOH,10,33
A2AC7PUKO9G160,12,37
A195EZSQDW3E21,9,27
A3IJQZX1LUHM3H,7,25
A15H55PUC6Y25N,814,2480
A2NF3AZ6GSIBEY,9,28
AEIY1VZVG70D,3,9
A3IQPOE52SHP9O,8,25
A2Y4RNP8TBN8E1,2,6
A14L5H4MYKKGH,1,3
A1BCO3P38P0MJV,2,7
AJBBU53A0X84I,100,314
A3E8WQAYOEFTB5,1,3
A3GU48T61LJVKE,1,3
A3UV2ATBSLH1GD,4,12
A8UUJ28GTWKM,1,3
A2UZTEJ0WGZ6DY,151,524
A2Y4LA2GGM133X,23,70
A1HC98IKTY83CG,1,3
AMWISGHF24TZ9,9,27
A1XGHXKHKQP20L,1755,7073
AAMHRMA4JIIGQ,47,142
A1UZ1BOPBUFGHZ,4,12
A14638TGYH7GD9,1755,7022
A3JW2YQ0EOJGHM,4,13
A2XFJP62U8JUF8,11,33
A2SRCVYVHA6G19,1974,8271
A5Z2DUW6EPYA5,1755,7076
A2ZD5LDFA85MYT,1,3
A1NLRTEXFNOQT8,8,24
A1QW4W8BN8OY4T,4,12
A157DYI1PMXDR1,19,59
A14SPB6HO75IOP,2,6
A2YQM69JAIYAV8,2,6
A272F9Q3R0HY8X,17,51
A1QIR0KW8JHM15,2,6
A1YAX7US5NA9ED,1,3
A3A6VAXKGA36QR,12,37
ASOR4DJCCO2JV,2,6
A30LY1HOCSNDPL,1755,7026
A7HEZCAYG5JML,3,9
A346RKUVI8AP8K,20,60
A371ETWTUHQH0R,1,3
A6XCNHFNB7WXE,4,12
AE0UCMPTWGUG7,2,6
AG8AHNDVN9KQL,8,26
AU1PAB2L3ZNXL,1755,7074
A2K85BNE7X0CSE,121,368
A1BP34V4KBQYX4,11,33
A1OUZU0PQV36PS,38,115
A3VJBIY1167MB8,2,6
A7SJSIU56RGJ2,1755,7036
A3TOND09136H4A,2,6
AXLD8ZXC8EHBB,65,212
A39Z4LZEYW06N8,5,16
A2NE6G355A55RE,1763,7220
A2TI7PWY1HS9TV,167,514
AHGANMCXZT6I8,1,3
AA9J9KT89MPF2,1755,7021
A1LD6HW5HJMK64,1,3
A3SUC2DJYHUU9Y,60,189
A1IRZIMFTJBT5I,1755,7022
A2JVBQDAOJD6F8,3,9
A2SEUJC9D6SH,43,129
A2KPNV9AQAUM7R,2,8
ASTB8KUH2BSKB,10,30
A31PAR6RUX8V00,2,6
A3JS2VW0CAV2V4,1755,7095
A2PCB7J05C0JTF,4,12
ANLUKYV8TA1JC,1755,7022
A19PYFC70ZTCHC,1801,7555
A23LQAUP9RZRXN,27,86
A240OF6183PQ63,1755,7038
A35Q0RBM3YNQNF,36,124
A3BH9XC0BVO1AG,57,171
A2S6Y414SU1BTX,1755,7039
A2TQ0T82YWL1HR,1,3
A267K9D13J1AN4,1755,7041
A2AI52W7IRW1YS,64,192
A1VR0GV8LPJYNF,3,9
A24OS2183NJS2K,6,18
A1ZKPR4O3SCO18,792,2377
A3DKADXC6MDNOK,1755,7075
A2LZM7H06IWFB9,1,3
A1DCIBOEK636V3,57,174
A1WPCNJ1E13B1B,2,6
AGP8PQ1KHHW9Z,793,2379
A3V7XA22DXHT49,3,9
A2HSNAYE66OIZ9,1755,7044
A2Q823D3W69U0A,811,2455
A32RJT6Z0RZSIS,5,15
A20SP0U31ZG842,1,3
A5T1AJ2TYYT2U,2,6
A37G5NS9MT55X2,1,3
AYKY1IN6DFHJU,1,3
AH08757M5M8IB,1755,7038
A2DIEFVHJMKXET,3,9
A3JYLXTDBI8V45,822,2487
A1FOVRPL4RW1VZ,1,3
A1YXK3VXM2C6Y0,17,53
A3531T08GS7U1Z,10,32
AYN2ZTLWB0GH8,3,9
A29KD0G3J0V3JR,23,71
A2ENONPI7V6QO9,11,35
A35AEZOUDTCMC3,1755,7028
A1L2GCS5YXEVE6,3,9
A2NGGD5CATHU7B,2,6
A3BZE4ZJRYOR4C,65,196
A29LUOSQYME7XE,32,101
A1BW6SNULSNCTQ,76,231
A2LN4LXJEWBHIP,52,157
A16LKU3OZ5NWLN,6,18
A1JI9RHBXITWHS,5,15
A2CLWRD1E656K7,10,33
A3VBK2L6172M4W,12,40
A2P34GZC2PET54,4,12
A3FTEM0VI81G1U,1,3
A3D05I74Z929Y7,1,3
AIQ35URXNWEVM,8,24
A3NTLX900AFGAB,2,6
A10MGJKD2OE6N8,64,196
A2R7GXEI6AX62L,1,4
A3H4PZB9PGMWAA,1774,7218
A3ABAA36CZVYNX,3,9
A3H5WKVJRED0BR,3,9
A2ONIWNMQKO7J5,1,3
A16BZMLPJH3GC8,7,22
A1941NC0RLSFKE,2,6
A2TZ7YY3SYZXKL,1755,7020
A1RPTVW5VEOSI,1814,7431
A3MPEGK48TCQOK,2,6
A2R2PRL5Z5BR8S,1755,7062
ASO0677H9WLV0,814,2472
A2Q0NV8EPKHZXJ,826,2547
A3SHTRYGXDQBSE,1755,7025
A3QP505M5N2KZN,1,3
AD2J9T115NCKI,2,6
A1NW1F8RZ570GV,170,510
A1QBAQGGEA5ZYG,1,3
A1KCL8NWA0WZD1,1,3
A12DEV20R6QU8T,1757,7086
A1TF131MUR8E2E,8,26
A31Y0Y81OQC432,1,3
A32C78FE9BTO9Y,9,30
A23OGJAOUFXP58,3,9
A2D91EJR5M0CUP,297,937
A1QYZRD49CPYXN,2,6
A21YI9A2Q9FMO5,2,6
AJ8GNE89MAKIO,1755,7058
A2DIUTSBHF3EZD,4,12
A3W2EOWTZVIGC9,8,25
A2Y4F4U0QVLX1Q,23,74
A3OB3HEWWXYHHD,8,25
A3PY9F6V5PBDAB,58,175
A3U6UZ0F7316E6,159,488
ASP5RQEOW90GJ,4,13
A2ZQL4RTXDCXFE,2,6
A3T79P9E8DK0XF,9,27
AD5DCUFO9N6F1,3,9
A2U520932OSXJ1,1,3
A3S52QD8MNWUSM,1755,7101
A2HOG3W6M8060T,8,24
AIUW096W4Y813,813,2455
A1H76HP3D76GZQ,1756,7172
A316FR0X7IOASU,1,3
A3U4HVMEXV9WI7,1755,7065
ASCXS79WNI6T5,4,12
A3Q21FWN7TBKI,173,531
AJ918K5C3H8GJ,2,6
A25XFKXBHL384Q,55,167
A19JS6Q4BP3MEG,2,7
A9SNYKHZ13HPJ,25,81
A32SX7B3OT2078,820,2500
A1MGDSVKRB11GO,1,3
A355JSUH78WTKC,1,3
A2IX66Q6ZJIJDX,17,51
AS41XO2FS4WBA,19,59
A1R019TURAPFDS,18,63
A20VJT1JJMCZZS,12,36
A38UTNHLEKR54S,78,234
A3D1A0YHTT0E9G,14,43
A33STRG9HGD1AQ,5,16
AW5C3J2FEU31L,2,7
AWURPVP16YSKA,1776,7341
A13EH72Z91OTI1,2,6
A16RWC9FSN572J,22,67
A1N33Q5P3RGAU2,4,12
A2QJQ3HSJB4NS,2,6
A35GCFODANL1KN,1755,7114
AAPK254C5T8QL,17,60
A20T6EX8D60I7V,1,3
A20XA28ZSOXMVW,18,54
A2FW1ATOWYH1F2,1,3
A29BYHVJBIMXI,6,18
A2DHNKZH8M20SP,1,3
A2EQ8GHKXEF141,1,3
A2I4B2UDSWVWJL,105,318
A3LEO2ED2UAW03,5,15
AXS5H858TB78E,1,4
A2GANKP1V9QH0S,113,346
A8TQCPOPEVH5U,1755,7076
A1VIKNQ19FGQ87,3,9
A2TN133NXN8K5R,792,2376
A1NSYZW6ZX5BLE,5,18
A1DS3IPPSDXQNT,1755,7079
A2JZB2BMWOCKE,1,3
A3KGS4GQ2D2F2J,10,31
A3EANV7AP68ADT,1,3
A3T7F2HGUATZD9,59,177
A1Z77PZ61RPAX0,208,629
A2T8A8BUKZ7605,2,6
A1AMWYASBDG21Z,1755,7055
AWSMDVMND4YY6,2,6
A2LV84WZ7ERVN8,171,514
A2ZNG95RQMZRMN,1755,7057
AA6BQ0C7VQ6U1,2,6
A1OCIA6YZNKK2P,797,2401
A19YTWBAZCQ7Y6,106,329
A3VW14X2OM9IR7,1,3
A2A9BEEZW66YRT,1755,7027
A1F022GE3LCJHC,1,3
A382RSA0K0NOIU,796,2393
A2IWOXEV9ZI57O,8,25
A9YIA75HFWI59,1755,7027
A3IU0E3ZMPOZPP,1,3
A21J8OFF777ET0,826,2519
A2OG9O0XF26S3Y,1,3
ANZK8UUAHEIPG,1,3
A3UCOYZUT47FBU,1,3
AZYB3A1Z2BN4S,1755,7104
A1A5SKEFSCYK2K,2,6
A3VKXWJO8H5G8X,44,133
A14CQY582WMP7O,6,18
AH6KNU04U024C,7,21
A27HOZNPTM9FV7,1,3
A2Q0LD74BE87HA,14,44
A8R4CGOK535C8,1,3
A2JHXMWWLZYFB5,1756,7053
A1Q5P5ML3176C0,1,3
A2K74CRMY9SYCE,1755,7041
AHCBLT50K1525,2,6
A34WPISLAT9NZQ,8,24
A1PR76MSU3M66E,1755,7027
A3EXEFLCRV8YW5,2,6
A37KK1CLMULHE4,5,15
A30P5I7Z3MYZN1,2,7
A1AN5JP7G4KFOQ,401,1285
A3FGSRACMZ48N2,1,3
A2IZ3ST24HSO4H,1,3
A1C5TBBLUQFEZE,7,23
A32XFGT893PLQO,1,3
A2W1XJEDX7J5I,41,130
A1SAESO0L8093K,153,476
A367FFHGNGR0LT,1,3
A3VHJX0IZ0RY3H,3,9
ARVHPGY93E7N,1,3
A3E7KVICHCP9CL,1,3
A20Q5Y187KG4P9,1,3
A382N02BZWWHIR,1,3
A374XS9U12TU7G,375,1208
A36G57I1NM7OGU,1,3
A20EAB6E629CAO,1,3
ACX6UWZ668OCQ,1755,7037
A21IQDTBN1T03I,10,30
A33LV2M1PAJZ45,8,25
AN59TM1CJZXJU,1,3
A2PRQ0N8PZLFZD,1755,7025
AZFH91Z0MLZUY,2,6
A1Y3TMNBR1PF27,1755,7025
A1GQEQEB55INKP,2,6
A14AFHO3LVVU18,1,3
A2S3DQ0BL6KSM1,4,12
A1Q7B47R1VWLWT,1,3
A1ADX1FWYD22NH,2,6
A2ILJ47R65ZTX3,14,42
A3HJ2H9UHPCMJP,1755,7037
A3JEEPYPEM9V81,1,4
AA5E2VEIUIMX9,1,3
A2R1SG9ZHW982Y,1,3
A1E688Z4PM2Q4B,24,74
A3NE85Y5T8YAT3,1755,7053
ASRCBPK3EFNIL,2,6
A39EVXO8C1P5Q5,9,27
A3MX5E528QWQ23,2,6
A105UYX32T8JTN,155,476
A2ON4KU5UWVNIY,45,146
AM1PKVR6WIE9A,798,2403
A75HORWLXHTFB,1,3
A3M7BCQKSQAK4L,1755,7035
AG2ZFUVEHRW2A,1,3
A2ZA2UWE1GJ26K,800,2419
A1VPOBJQ6I7CSN,1756,7039
A2QR1792WJWYVK,4,12
A2UZC3L1JMW7MW,7,25
A2FB7CXZ8EBOPK,1,3
AKGCYGS7TEM31,1755,7034
A1XZ69KNBXVE20,1760,7383
A26GKJ87NEDTPD,1755,7034
A3CHY9JUU9Z9YV,4,12
A3FSNQS8T99H1N,2,6
A31JNMIEI9W9LE,7,21
A9FDA0Z2FFXGM,14,42
A27DR1VO079F1V,14,42
A3GCK01QQV74GD,2,6
A22PCC09WV68XL,1,3
AYLMCMFXM4PZ2,1777,7259
A214Z8EQMEJPWJ,3,9
A1U9DKY3JJWKHB,4,12
A2PTWAF0UX0CVY,3,10
A17BK1IAXBNC5W,10,30
A38UPXQNP4NXYS,6,18
A1SLA38QHTVS08,17,51
A1KPVRW3QEUOQZ,18,56
A1OZ3KH8I7LNK,223,691
A2O1VBP72SZ575,796,2393
AXWB93VKVML6K,3,9
A1MVH1WLYDHZ49,414,1436
A2426K5QH04Q3Y,9,28
A30AIN4IT6915A,1,3
A2LYNA9ZTROV29,1755,7024
A2S9SLRYLPGYZB,3,9
A1QMGX5SVW20CA,1,3
ABI57I3ALA0Y4,8,24
A2JZPLKFHRLOXY,60,180
AYFG5X52SOOKY,11,35
A24VCDADYAIHAM,16,48
AR6CAR106LX2Y,1800,7585
A1HF21O8XQUEAB,4,12
A114LK056L323H,2,8
AQET6LA873U8S,129,390
A2XXBZPQT5EXHV,3,11
A3TIWKL1FZANAX,4,12
A1THTWOPC9UOS4,7,21
A16WF9QV7U803K,826,2524
A33ZQEDF0UMBDF,1,3
A14NDV3QRVCAA8,1,3
A2I6QM8E0PV53D,1,3
A1ZXMMQPYC3Z9I,1,3
A2RI0SUHDUKV54,1,3
A386341MZWM9E4,116,371
A3SZE2WJWY5SD8,32,99
A2GPLOLLE6BUDT,1755,7053
ATMQ311QH86HN,2,6
A8VWA2BJG4SZ7,7,21
A3IE043GQC1CGD,5,15
A3GP50B2CEDQ0V,1755,7369
A3CUJ75GSHFHCD,2,6
A2TOEY23N0UQBW,1,3
A1OF3Z48Q5BGDS,1,3
A2YN30V529QF3Q,1,3
A10VP3M88POGJ0,2,6
A3DM4MOJKIPMUM,13,40
A1MQKL7H9X1MZW,2,6
AX0Q1FWYU08OE,1,3
ATD7L553MR6WC,1,5
ALGY05LWUK4NN,3,9
A15MX9LCPK6C2P,85,258
A1Z60447ONMS8V,9,28
A1NW2S3AWD8Z4K,14,42
A1FVJDSS6Y41OY,5,15
A2JFX06560OWUE,126,380
A2992RDMU94KIN,3,9
A2R7X09AZZ8K0P,1755,7040
A1UD81Q0J886PC,2,6
A2LZ7EX8GKE7A6,10,30
A2IJPI6EBOZOMO,30,90
ADLUADLV3OXR,1,3
A23DOO8TXAJPO5,2,6
A1UCRCV07D24CU,184,559
A16AZU3HXIWAS2,5,15
AIVLOZ0B8X8S5,61,188
A19CVVY6HU1APW,2,6
A31OJQIYFZHR2T,1,3
A16G6B9JIKLLSJ,2,7
A2TJ3E1YEOS4GL,1755,7037
AN71TBF472RL7,796,2402
A35FPBQGSHWXMV,810,2461
A3BHPD32RSZJQX,4,16
A3BC4ZBP99C8E1,3,9
A2MZKTHPERY2RX,12,36
AQVJ9I35OXH6I,74,223
A2RW1T3TH47XGV,1755,7170
AZDPA723I4KXR,17,51
A12Q5YQ9VUE163,11,33
A3SS6919NRQ2MF,2,6
A3H9C2ZL2XVNIH,20,60
A45X9Z4WRFBHA,796,2394
A5BAMOKTEAFX4,238,754
A331HZQZ8GOQMJ,4,12
A3QFSS0ZBC8K13,9,27
A14U2HV08YE52S,1,3
A318AC8B9H8KX8,834,2550
A2YFQWU26D6N4L,811,2448
A1A02QP3G2812E,1,3
A1LRZZ5UNUOQAI,178,542
A334WB35PYW2L4,1762,7143
A1XJB9YUAHVVLM,17,54
A25MLYNEYNLT1Y,3,9
A10FM4ILBIMJJ7,17,52
A10H2SIU3G0MEG,1,3
A9J03MF2689TS,22,68
APPJM86N03ZMG,61,185
A268C23SHRZA9F,5,15
A1299QEWDNMB8S,14,42
A3AXIVYKIA642N,1,3
A1GOWLCKSC2WP3,1,3
A3D5HCP8SAB3QR,75,227
A1NQRQHIKBRU9G,5,15
A3L7M6MGECW8CC,800,2412
A6CO7RUPBVJRC,2,6
A31C5R1AWE37W3,68,208
ALGB2OTYK75DL,1,3
A220VLCQJ3QZJK,1,4
A265BHIQ38C7DB,24,73
A2TKJL453MRHI6,1,3
A7Q2XGLWXEZKZ,3,9
A1XUVWOWY0SXJ2,1,3
AEM5ITQC18QV6,1755,7038
A1UDO6MSQ1NU3H,1,3
AKERVCCP692MU,1,3
A1V2VAYI6XE4WA,123,442
A23C2VCQTP7771,1,3
ATP4OWKU92M9F,147,451
A2D0AZ0S50XPPA,1,3
A2870C8A56VWQY,1755,7033
A1CVGU3KF2QB20,11,35
A1HLUCHAQJZNS9,1,3
A3OMZP8C89IQ6A,1756,7372
A35H3FC4Z5N1EQ,34,108
ASBCG5BKN96HQ,3,9
A2L9DX51DG6GZW,168,505
A26BATTDIZS0OB,8,24
A3QORFOHAE0Z4K,1,4
A3UDLFC6LHDU2Y,1756,7039
A1IYNA974ZAI0T,1,3
A2TKMA52AMCB31,14,45
A2UUBR17DCWAKA,181,549
A1R4OTKZELR5MU,2,6
ACPI0CJYNOBP1,7,21
A23U54I7X9F5FN,2,6
ASWMQ58EJL0RF,1,3
A35ZW6LGGAE1WK,1,3
A4HERYVWL1E8G,997,3227
A2IUDC7R772KHI,9,28
A1NZETBJEO0V45,1,3
A16NM6QPFFRT3C,17,51
A2QQG2FRO6JO5,1,3
A2L1J72G3YW89V,2,6
A33QGDZSAPPWPN,2,6
A2NVHOBZ9FCJ9C,1,3
A2IL00MFBD6ILN,1864,7798
A35LD9QOJ5KDMC,6,18
AKV74D511DGAD,182,556
A1UZFKQHAQ4P5H,1,3
A3L7MYL9EK7XEP,3,9
A3JSO5LE3JXIRM,1,3
A1OR4NXX7ZT2X7,5,15
AL8K7SWTLZ12X,32,103
AI60V1BAK876O,6,18
AUITG1DJ3QUGK,2,6
ASYDXQDKUIDN7,17,51
AYB1YSWAF8AWN,1,3
A1NH8T4CT2VFL,47,159
A34I7FH3XLJAW1,1,3
APB6VJX5CNR5C,11,33
A1DV00AI0RS95V,9,27
A2VLVBGW9C2ZRB,1755,7044
A21BI86HV3FYYO,4,13
A691XU34BVWME,3,9
A2VLOUN4LQ89H0,13,39
A1J852JZI4253G,69,211
A326TWPPRLVM4Y,4,12
A3LLEF35QS6GJH,10,31
A25Q4P9FV4FCO6,1,3
A1204QGLX1ZG0B,13,39
AR4BBNPI25K9S,1759,7383
A17Q3R0HX33A1K,9,27
A2EO7QLWKD287K,2603,9946
A3B0E6O9RNVSAJ,815,2469
A2DZN3KAHKF3P3,8,26
A1N2C1YB58TW2X,811,2451
A1BI6SL4H95QI2,6,19
A34L17V83DP0NZ,10,30
A1DF234IS79KVF,1,4
A3V2ESDQOBDOWM,1,3
A202SNB9C9TDO0,1,3
A2WORP6TXZX4FP,1,3
A1BC62X6HZJGZR,98,313
A2ZH46WG972NDT,1,3
AMNTZU1YQN1TH,3,9
A1H8OS2LDGA0ES,16,55
ADNZY5XB39M68,9,28
AH9Y19AMXS3ZD,2,6
ASL61YP0GQGBB,10,30
A16N6N1QUUIGAH,2,6
A2FHTXLKY1XJDB,15,49
A2VB3OWXHXZAVL,1,3
A2L7SLN5FO76OA,75,228
AO6HZT9CNBTF8,2,6
A2AR7N3CHBAT1F,793,2385
AVW1PGW96BES9,3,9
ABE2CQS9761JA,1,3
A28BOLBJ5U3N5O,57,176
ALUTHT4U058KZ,5,15
A1PE5OT7ZK3BX0,3,9
A3JM3Y8RSQ29JJ,1757,7237
A2PSDIZ2MJ6HT0,21,64
A3AVX7LG6S5F0H,2,6
A2TF2GW3H1S596,1755,7060
A28DQGUFSXZAG2,3,9
A2HV73U1VS6PRC,5,15
A36YEBML77UR83,10,30
A3DDZ2SENG07MS,13,42
A3M2BN37X32QAL,2,6
A2O4NPFUD4ZI1B,2,6
A2ASCFVU6G5X64,149,447
A1NLJJU2T7JK8G,3,10
A3MWRLRO34YPSM,7,21
A3P3MTPHV23TVX,2,6
A29CRKTO0WIOOI,1,3
A1WTDXTMN1LJUR,5,15
A2UDV7BEM87HDZ,75,229
A21DTYCASQT6W6,1755,7053
A1F5KOKO86PHZD,3,9
A3074MT1DA1V20,40,137
AM3BPBII31X54,1,3
A1FYD00KKVBWAO,797,2404
A3DKDQPY9SLNTR,1,3
A2OMI53K26HJAE,1,3
AVYUEH3MFP106,4,12
AN6SZF5S7WF3P,1755,7172
A184R0OJ4EZGYV,1755,7027
AXWI0P2EGDEQT,11,33
A130FEI7UHFZY7,18,54
A344I4V4LMVLZ7,4,14
A2AC3WEXSIOQQ7,5,17
AUOGMXLRRLVE1,34,103
A2QPSXQ581QQ44,1756,7066
A28LXIZQOEQ6KY,805,2434
A3EB7OB7ITYD9N,1,3
A3NL2F3226KTSP,1755,7043
AIBMGIIUUBTO,5,15
AHK47RHM2P7AM,9,27
AN91TYOHK301F,1755,7193
A1PUBFMU33LTWY,795,2388
AOFZHO592O94G,8,25
ATZUNIFIAIL33,2,6
A35ZO73NC2K7R0,1,3
A3A3D07BB4OBJD,839,2594
ADEGF20HNT834,2,6
A1MJ1XOH4FT9UH,155,468
A230KI0IUXQUUC,22,70
A2LL1IHUKII1SV,1755,7059
A1G73EAR8YNZMU,91,346
A3EU3ET85O8ZFX,7,23
A3M4FU3WQWJHMP,894,2813
A3LNNEYLGGCO25,1,3
A1S0NDZ0RDOI38,1,3
A2BBZZNUH7V6MA,11,33
A1TRYFKBVEMZM3,6,19
A2M7FE6YWO6R5M,1,3
AUGEFUFF9AVAX,6,18
APHXCW948WXWM,1755,7020
AILKGRMLEMGXC,339,1096
A1Q0QHBY12KHZT,1,3
A2T3VS6PNQWF24,5,17
A2XST4M7AG99XZ,793,2383
A1TZSKWEPBWGN4,1,3
A2VH8E8NK63JWO,1,3
A1LHKVHP38M046,94,293
A3F6705C4CSLBV,5,15
AOR4NJBCIQDR1,9,27
A2BYY1NOKCS0B7,3,9
A2RVJY6S0AYKD1,2,6
A3DK8Y5T9UE909,1,3
A1LSWIVMY0NQR8,5,15
ANCP849PELLSP,1,3
AD4SEO4WZ2IHN,70,211
A2P9SEW81M3UO2,2,6
A2P2ZIRXTDLSZG,1,3
A16F4M824V8S5V,85,260
A12CJ8PMV166OK,229,706
A24GHG5K5QP4U1,4,12
A38NFBA8CYVRGT,13,43
A121CJQIOBLYFJ,3,9
A11506QZDZPYGS,1,3
A2CA4YBYSETM02,202,619
A2F90WTTHRPFFW,1,3
A322QCET1XSLQ9,1760,7222
A3LOQW7Z1CEWA6,1,3
A1XHJQ72QQ07AP,1,3
AXTH3AMR2H7K5,17,51
AKPK6K12DUWFS,1883,7937
A1C0AU9TOJ8Y7E,1,3
A1J6WYHPHUIXIZ,1757,7199
A3W25S6MSGUCYK,2,6
A1ONRXZQY61ZLA,1755,7101
A1ZTDB9ZAMGYY9,90,276
AF9OOJJ7URIFU,796,2399
A43ZI5JO5FDER,2,6
AY7EJEK9HUBLJ,2,6
A3MW5BXUOCCQV0,2,6
A3ST3NA0NQKVVN,13,40
A2NV99SFQ8SRV8,1,3
ATS16QNCM97JF,816,2479
A18LSNVUI8T0MT,23,69
A3W3J1JDSA02M9,4,12
A29HZN0M869FUF,1,3
A1GGAPOO9X2GOS,1,3
A248LSBZT4P38V,2,6
A1J0FVXJZWTJLT,1,3
ACQ8B5T6SK3PA,4,12
A15KLPHCF8PO8E,3,9
A1U9Q7K14AG96F,33,101
A15X0DYI5H3YYI,4,12
ADOR3TR7GDF68,4,12
A2Z6AF3QDPT29V,63,204
A2HNWK99Q068FA,7,21
A3AQIAHAX8OZ5K,5,15
A3O92S2LF7YEOK,21,66
A2IXC2I3IZSCUK,1755,7049
A2NYLKS14D7YP9,50,150
A3LOJ2QHXITCF7,807,2459
A1MQPFL5EALKU0,1,3
A2801ZYXHF26KP,817,2500
A216NSW58Q3SCJ,1755,7022
AO2V0UMZZGD49,5,15
A1004703RC79J9,1,3
ADKQH01I64S8V,1,3
A17LY73Z0LLX9Q,1755,7025
A3BT1EA3BBM2VZ,2,6
A2S1QMF4KU5JIB,1755,7030
A2EGY9MBMWGBL7,2194,8898
A2GIMCARU7WJT6,4,12
A3TJKMUZIADF7V,1,3
AYA94KO0IHR72,3,10
A1FF7VEV8WAEK6,1848,7543
A8DLJ6QHRGTO2,2,6
A1SY8WTINE2IIF,1,3
A2817VNPE6ESBL,2,6
AI3UHRU7ZBXFL,1755,7032
AP53MVRC8ZEW2,1,4
A15ENVPJKPLMRG,2,6
AOAPL9AWHZCTU,1,3
A16FGCZMYV0X17,26,78
A16NZU9CLYWG3H,2,6
AJCHGS1GND4OA,1786,7235
A6BPXT94FEKKC,2,6
A2XTPU71N3QITY,11,34
A2JETXZKXKEZKA,1755,7066
AO8NH0BV82XIE,1,3
A3PHLFRFTCIGPT,2,6
A192KCJZJXT3EW,2,6
A3AUJAQM1UUD6U,24,80
AC2N2SM6CJ3UV,35,105
A12675J4VAMLF8,3,9
A3RQ2K3WTCOHFU,3,9
AGXE38OOM119W,1,3
AMGPF1R09R7Y8,122,370
AZ0I9O1P008RV,6,18
A1JOKX9XKBZKGQ,2,6
A2KXINV90T91L8,18,55
A3AQASVXNH0EDP,1820,7718
A24LGWJJUOZPOH,2,6
A3U52AKEMBVOVZ,14,43
A2AUGUVHEMOWC1,1755,7020
A1ZT70OIIY7N5M,1,3
AZG9Z8LNYO2MG,4,12
A2J5CQFCB11VKJ,185,576
A1G6JLFGCAB38D,1824,7549
A3J92SGND5U8KQ,1,3
A8Z1BN856KVMS,39,117
A3HKX5UIDJ403N,1,3
A383IRCLPS21WH,188,654
A38NDT5TBAR7Z,1843,7707
A3HMFQWM9Q21SD,4,12
A16RRUDI58FCQR,3,9
A20U7K16FA5YT,11,33
A2QYB4PLQET7QB,1755,7143
A30A14LTZ7Q8A,5,15
A49N40Z126X2P,18,55
A13LWWTAZVW1C3,332,1053
A3AS3PNNBF5DU5,2,6
A1V5KPAIR500D8,2,6
A40FHA1I9PYF8,6,19
A2UEH0U5CV3053,308,968
A312F2HE3HO3ZL,1,3
A2QS4AVGBR8748,6,18
A22UJGPXP47KEN,5,15
A4LSG34WQBAW3,17,52
A3704NBRT96Q5U,5,15
A1ZDNGVTN2K42T,1,3
A2DB1ZX52N84NH,3,9
ANCZHRFPQ599Y,2,6
A3CQQBP6O10O6T,1,3
A13WPLQN12IKJP,5,15
A2QMW38JDKP9AX,115,417
AT2KJS82HB2HI,3,9
AOVSGEWOXWLVQ,1,3
A1UXZPP332RUXC,1,3
A1J03OEYPYP9GN,1,3
A1T9TED6MEIF2O,1,3
A3HEBOREZ0TDNA,2,6
A3BULP9RSPNFR,5,15
A2UEKQ3LJS74IU,1,3
AC7634NRM2TD2,1755,7158
A2IZHUG2RQ3B23,5,15
A92VA0H0JBP5O,171,513
A374KGFYENBQX4,22,68
A372DXVPH4FIY1,121,367
A70UMKW9NULZ,7,22
A2NUXRYXSC29IQ,2,6
A7U3SBYQD4R9S,1755,7064
A3EHGFZJU29Z0U,1,3
A3DT5MYASB9M90,1,3
A9S26OE9AMOKZ,1,4
AV5PW6BET5J15,1,4
A37LEH5WF8H2YL,2,6
A3SWSV8X6G9BM3,1755,7026
AOUB9BCSP0OR,1,3
A35D47CJDBOSFO,23,70
A2L4ZGN7GZJ95T,9,28
A1H6F7K9LT9RLM,31,97
AW49YYT5ZBTBY,1,3
A6CJ2QQXUBZ0Y,1,3
A3KICVXWG2MUOH,1755,7023
A98W0WXPR6ED4,7,22
A1N55440X2V1XJ,2,7
A32XKJEK6CYOBX,22,74
A3RHT4KI3H5TVH,1808,7465
A1ETZFEOSD60SY,52,156
ADJL3M3VHBQCQ,33,99
A1RY2R2T6RJ6ZT,7,21
A3VI2VETB90ZG5,19,59
A3UZXXE2YYT4M2,1,3
A3AZ44SMA0QNW7,1759,7162
A2BKN4HMUR7YJC,4,12
ATY1RM0NAU1Y7,16,49
A2OOHBU7NEUYDV,26,79
AQ5M1JC4IL3QO,1,3
A1PQ9OA3WCODLB,797,2398
A18PHJXW229MCL,1,3
A34PLMOCZNSYAN,11,35
A16Y9SH68EKGA7,1,3
A5E6WJYXZSN0F,835,2610
AN73VQ17FZVJ8,91,279
AKSQ9QHQQ843L,5,15
A2IOYJ16K2P71V,3,9
A7UMEPWWXB8AJ,5,15
A13I8I03W1SYPD,1755,7027
A1GEPWR51CE97X,3,9
A3QR1W7AD80ZQ0,3,9
AH8MHXHLPPADF,1,3
AXPNOKPHYT6UY,1755,7179
A3VH959SBR7KK2,1,3
A148AXA221BF41,208,631
ACVSCM9GWLNLS,1,3
A19OYAQ9EOA664,1,3
A36QK3OXQZAZC9,7,21
A24CMC8DLK4BQO,1,3
A2AJLQGQY3074X,5,17
A3DGPK7JXZC1X1,21,63
A1UPX2BYPV71HK,215,667
A2H82PQNM9B6H1,3,9
AZ97DMJLQQCZQ,1,3
A35YSBJ2X14PDG,8,24
A2LNA5ETMSGJY6,4,12
A2UPC0J3098EJM,184,554
AKT7WO2FAAZGG,1755,7155
A2MOFX50566X7D,1,4
A1NFUGLBM8FR78,1,3
A1KMDDMQEXV0HJ,85,261
A2RZGW5PCHB73P,8,25
A2F9CJMZL8RV5X,6,18
A1PNV7C43HXKDI,2286,9773
A2R7W20290BNVP,7,21
A37SYHUQXK6BUM,24,73
A2JX5WDY0UQCFK,1,3
A1MXVAPWBUXWB7,1755,7038
A3JJC19PXV0CX7,5,15
A22G05AZZERBHZ,2,6
A2WKI9BMGZTH5F,2,6
A1CUB195YB9XKO,92,282
A1IR3NR4KRPIJ1,17,53
A3ECAY2EP3TL2A,3,9
A2AWJRUEY9IG4B,880,2736
A3GYHIJTU6UR52,14,43
A1X21JZ7U689WP,2,6
A1POHQUYJX1YB8,8,24
AZRPGTU8A7KD5,820,2483
A1NY86GCV4ZK93,1769,7290
A18HSIB3TJCA8L,1755,7026
A2SY1J47MOUNK2,1,4
A1TZTIRY55GRBS,1,3
AMMHBIF04565Z,6,18
A3RFROR9472SLJ,1,3
A3OI76E7XZIX6F,6,18
A2447P7WVLUJMR,18,56
A2HG3OVDFOPXAH,2,6
A3T1OE10BXYWHQ,1,3
ADOZEAP0WB7LY,9,28
A2HBSVE7ONV6U4,1,3
A25UZPTULLOUMU,219,678
A3HLPRIS6G9IWU,800,2407
ASHDRULAB3MHV,1,3
A2TCEVBUWSALVG,8,25
A1SVJR2WMTFK9W,1755,7053
A3S3O2P6DBXZTV,13,39
A2WPLSOJ2C7AVH,8,24
A1ZHHQE3426IIA,1,3
AQVNPXDFOWWE3,1755,7096
A27CCTXTX0D94C,2,6
A1J4284EHGBBAF,7,22
A3KXFM0OJWD6Y6,1985,8295
A10SBQCVGJO9Y6,1,3
AKU1YB4F21QNX,1755,7137
A2AAEO7K9W01XS,793,2380
A218NX4PHFFZ6K,1,3
A1VSRPFZR0T534,3,9
A17DJLQ84B03W6,11,34
AQE2GIAC7INDR,2,6
AORB6DYE721YL,1,3
A2CY31HCER7NYW,47,141
A3BCK6EDQ76GZK,39,121
A1IS6KJ2WG8B5C,73,220
A42OIR9BKNW79,1,3
A247T44Q0UQZTW,4,12
A2TUKGDXU57XIY,19,57
ADI3C68M90EKS,1,3
A1AYU3465968NH,796,2391
AVP58JO044R9L,10,30
A3GA6FDZBDM3M4,2,6
A2DETLVCY81XHR,4,13
A6VXZ1EEPRTLV,39,122
A2UBH2SVH6PO2Z,4,12
ASSWUAOO49Z8Q,1,4
A2RBV9Y80HK9CO,1755,7086
A3LR6PYKVHA72L,4,12
A1G254EXS07Y3C,1,3
AZMSVSJFACBPB,1755,7053
A3PMVGDILBFV6E,1755,7092
A1Q6658P5Z5VWZ,2,6
AF3U91PTDMV53,608,2116
A2DGO32IW94QFH,1768,7186
A1KOEGF6OCBUUK,1,3
AQUCBUE5XBKXV,4,14
A39K38TVVGTB74,4,12
A22PUBSSNP54L,1755,7050
A259OLFU32U6WF,2,7
ARFA010MNSVFH,1,3
A10AF0BIVE8Q38,3,9
AN8XOH4LBHTDP,4,13
AD175S3OJX0DG,1,3
A1W8ONQ3WQBDZ7,2,7
A3AKPT9D5IBG1B,1,3
AFNOC135UH1MC,6,18
A27WAAY3S9GFVS,1,3
A2JC4OU1SA47G0,64,221
ALJ9VBRQ86GJN,191,577
A3G7HCSWSDAX3K,14,44
A494I3WEA5ZKY,794,2383
A17GU6VFZ907S3,19,58
A190788K1K3Q05,36,110
A2G2FEC3XOOH7,4,12
A13YXRYQ08ZD6A,7,21
A1KG4BUAQG9FTK,3,9
A2D66KSHQQHOSD,1755,7029
AMAR5NX69WNCE,3,9
A329DICM02W9KU,2,6
A1EB5UMOZR8J0W,354,1219
A30YH6O9NLOOHD,36,108
AG1WIYDWYJK2A,34,120
A2ADG1C4HB7BSJ,16,48
A14FA8SXNH0LU8,65,199
A1K37RBE8GICAE,8,24
ARMCKFGMEX23U,2,6
A2SCIQN3OOHWN5,81,249
A1NIX2WA2ZKLV7,1,3
A1QBFDQM5US46G,11,34
A1Q1T811N4IY3Z,1,3
A29GXZXORG2DS0,2,6
A1MAQQXJZTMSKT,1878,7904
A1Z1AXUVNSEGTY,1,3
A2CKE9KNXIBGOP,5,16
ACD7BLOXHUNA4,36,108
A186Q0V1F14FG3,1755,7026
AMC8UO438DH4V,149,527
A1P6NOOKH26G3T,92,287
A3IY9JZZ36OQSV,1756,7097
A2GBBFPROUYQQ9,321,1068
A19PK38UA58CHU,3,9
AGW1JFTQNX7SZ,198,615
AR21KVYIPCEUM,6,18
A1TXEGO7534S83,1,3
AW3OEIJXZL0MN,20,63
A21OROF7X9FI7B,9,29
A2Q0ODJS1RETDE,830,2542
A34PMSGNPQYEVJ,2,6
A2ROR4Z726MU0K,1761,7208
A20JJ8634DG3FS,142,483
AAPXYJ3TX8SHA,9,27
A2ZU56TSARQAJB,2,6
A2DDCJJ7UYQLJO,1755,7062
A2FC2H12PEXR3,9,27
A3RIEBJKIUL667,1,3
A10DRGUJMW9BYV,4,12
ATAH0SAUCS45Q,6,21
AHPSMZ9KPU7EB,15,46
A33PMUMRPMDNQO,15,47
A1Z5RFY5AYTSP9,7,21
A3JQBWCOM1X2SA,1,3
A1GVUFIMRQ3FV3,1,3
A2KDBM12T6ATUF,1,3
A17DXEND9HJ7RG,23,73
A12ABV9NU02O29,7,23
A1SQU6P6VOZY73,19,57
A3UT8RI17HAGD8,2,6
A2VQLV2GUC4H8J,1,3
A1TRD296QL0P61,1,3
A1RXXSNA5TP44W,1,3
A3LHK6477STVJ6,2,6
A3QRPB3HGYNNXY,3,9
A1A6M4ZVQIALP0,1755,7077
A1H8C9ODLXR7HW,15,47
A1HEMOZALLD1OV,3,9
A13G34EAZXEXE8,296,936
A1ZJAUDMUYLK97,1,3
A2WH78UEEBW12X,1755,7022
A1U08MKZHEMMRC,5,15
A25B4UM0D6OXY3,1755,7030
A294STETSJGRRA,1,3
A28PMMTN6HD6IX,2,6
A2SKGTJ0ELFA6C,834,2615
AUM4T2SYTHCYT,58,184
A3S2R0N2TVFSD8,1755,7020
A1HKUJQ3LOK5OC,6,18
A18II1IUT10N8R,17,53
A20ZWADE4NMLRH,9,28
A1HYJ51NJRMBKV,7,23
AXW082NDRMZ3F,28,86
A9DTOM3NWCRQK,2,6
A2FWZGDOCO9AO,1755,7079
A9H9ITN6X35X7,6,18
AO7ZS38M2DQBH,68,209
AODIXKMW8MGD2,1755,7071
A8MUGL9Y0GEXR,1,3
A2BNNFZ54FYXTL,806,2454
A19H40SCCEF0NP,1,3
A125BFCDHUUVC1,4,13
A38M4GWUTCXEQB,1755,7158
A10ULTIUT9RTE5,1755,7022
A1L8BU0WB7T3MA,6,18
A2ZGHOUSVR5MPZ,1,3
A1QIJGJGUC7M3N,802,2415
AEFL8OOA9RXF3,1,3
A27LXYKZIOJPO8,1755,7022
A34F74UUMDRD90,1755,7024
A1LDIBG718DHHW,12,37
A209P2G5M8W3M2,2,6
A21C1FU528MMDK,2,6
A19WF64T1PLQ1Y,1755,7021
A8WEXFRWX1ZHH,3,9
A1QAWBZ0S8UONN,1,3
A3TDO22LZINMIQ,1,3
A2VF7R1ZSTI5J9,1,3
A1Q6911CHGY6BN,1,3
AE2PHZIFBGV52,1755,7053
A3ZL8EICSIU8D,1,3
A1IP3D8V36EVVN,13,39
A1YSZLZK7KWNLD,92,278
A3YXGG3YEOBI8,165,503
A3RP42HHPUMACW,1,3
A3LLRQH6VA6MU3,1,3
A2MZ6KG01407E1,3,9
A1H8VWO06BSYJV,9,28
A1JBXYVGYQTDHT,1755,7153
A3GHGLYTHO023A,6,22
A3K24MXK7GFY8,5,15
A2KZ86QNYRRHPI,3,9
A31XHTCMSAXJOD,1,3
AZ1LMVKJIPS97,6,18
ALZ10EYI14BF6,1755,7023
A2101DHHDMZ93X,1805,7474
A23SNVYQQQVNHU,5,15
A2GUP45YB995GG,55,166
ATYF70US59NEJ,1755,7021
A144GAX4PM3SNS,1755,7020
A1P1ZIFX5FHY0D,1755,7041
A1VY7EW44WYH9S,24,72
AKZ5A39FHMXJX,3,9
A1E45JVA1PYB0D,1797,7609
A2AMLGAUL19TZA,4,12
A323ITYGX6Z4VE,2,6
A2KIHNGMU3M1RH,1,3
AZ2SM6OGIM56X,1755,7023
A1CH8IER44TJLL,1755,7020
A2MCBX34ALVCIW,862,2658
A2S1UVZVNE80RM,5,15
A3U8C7MWPFRPFW,102,314
AHWHGTYXSS7V1,1755,7020
A3OBLWAY1W51BD,1755,7047
A2U5ZF1QV63VBA,834,2550
A1Y1RAMLAD5AYZ,148,460
A3T2KKF34D10NY,1,3
A3PLSC24TT2O0Y,795,2387
A21ZGEHAY58810,193,671
A30D4CPBXO2P2P,2,6
A1KR1WK10OIAMM,1755,7035
AWPJ50Y345IF6,1805,7559
A1OECMNTDN722X,1771,7435
A2YX9LBZRW9D21,1,3
A1NIT7KWE1WKC7,6,19
A9EQNT1LIGB62,1755,7057
AEG2MOBNK5KCA,19,57
A2H7J7QCHQ8LJF,812,2459
A1X7M8WEHSVGL3,1,3
A2W7M00WSI4JND,1756,7121
APJOZN9XKM32X,1,3
A3GBQV5AF2935E,8,24
A1ODN2ZUM3DCPJ,12,36
A3KBCC3KARSFFK,1,3
A1KMWBZU46C9BN,1755,7368
A1G2W2CP6OON50,4,12
A1F27ZJIFK9X5G,1,3
A3P9K04DUYWNP2,5,16
A1GX17ISGKEX7H,1,3
A31AIBJL9C0YZK,6,18
A5MC7LP0ZBO4Q,329,1068
A1PCVXDQ3IZ7SZ,1,3
A28WJZ3NU0PZ5E,55,167
A3M9UDTXXFXYD6,1755,7062
A31XCOUQMJ14M4,2,6
A1WV5O8K2RZK04,11,33
A14FF1AJBAZUKR,78,260
AFY37BTTKKGPA,1,3
AW2NSAWTUOB12,809,2450
A1ANY7L8XSE3FL,792,2380
A2FISQDLGVDQXF,1755,7021
A2JB7JX7CRH7NU,2,6
AJNFQI3YR6XJ5,1767,7204
A2GXHHXGHVHAP,1,3
A3UW5UDU5SDB5G,1,3
A3K4195IHPSX9U,851,2627
A36XV4EOQ795BD,1,3
A2RI4QE6EO29CA,3,9
A20AFHBP6Y9FBJ,6,18
A3GU28TDVK1ZZ2,1755,7024
A1DFR0V2KKFIWM,2,6
A99K7S15XOQ45,4,12
AH4EE7JBRNPS4,1759,7123
AH6O2AVWW49KX,1,3
A3IC1PWH02ODWZ,1,3
A27BAD1H8JB4KX,2514,9424
A15PJ8G2B4N6ZV,1,3
A1LOCBK2WLGXNF,5,15
A2LKP6VXSO8RQT,2,6
AQ6AGWKWMTY8H,1756,7034
APHOVGQHRV2NO,798,2401
A7QZOJZX85TIR,4,12
A3PNQ5J7KO7YSZ,1,3
ABZ8G7FG55ZHP,9,27
A155K38OQT3JG0,12,36
A11QLVY0EXW18L,1,3
AMBE6GKEIQ83H,2,6
A30P50I1DE1OZJ,3,9
A6JXSXMV2BAD2,3,9
A3TO77DUN6O7H0,152,456
AXOXXNDX8ASWI,792,2377
A2FKJWY92O9WQK,5,15
A3JN8EGHWI8G1J,7,21
A4JQMHBV3P70K,1,3
A3UVVSF5V56KAZ,1755,7040
A3LKBEUWRI7WCD,1,3
A3MC9T7MYQKG37,804,2448
AIMXNZU6PH92K,9,27
A3L6RN8ARM2MWR,1755,7028
A29YNIJHQ3KZHV,2,6
A3T5Y3KCJ19YKO,58,176
A3GUTE8SYBGHJE,1,3
AOIK6WWDY73RD,825,2508
A1UG4J8DEG9NVW,1,3
A2XVTYA385246L,50,150
A156CKCKZPH8S5,5,15
AFBPNHV5B02HL,6,18
A3GMKP5V91FHI0,2,6
A3RMZPK9F8EV1M,15,45
A1GXX4Q564A87I,23,73
A22AUNXJ71M1PL,1755,7040
A1U3T27RHRIDYN,10,31
A21NY4LQ940JO2,30,95
A3TS1YJX28IW7Q,17,57
A24HFWN5458PSR,9,30
A5PMPTIPE3417,1,3
AXTTK0ZCEH9RE,61,184
A13NW52138NENH,1,3
ATLXHEZZT0A8V,2,6
AZX2RDN9YXZAE,13,40
A27KJ9QUNJ1K87,52,156
A3EKHMN71IWMJP,9,27
A1WJ04X8VLEM46,44,133
A22XUYFV8123G9,1,3
A3BH0GJPVJQBGU,24,72
A2IXOJQX7THSLZ,1,3
AECLGY6HKBKQZ,1,3
ATKPOS3MBIWNJ,1,3
A3R6BL07S1DAYF,1755,7035
AVZ6TRI40G3WV,157,484
A3IELJ39K3QL7,2,6
AJO2ZXB2MZ8HF,204,639
AYEL49Z67TK1F,8,25
A2W7NBFWZI042P,167,576
A1X8KAYHCNUGEZ,1,3
A35A1L6FAVEJX2,20,64
A3NA11HX8HY85O,3,9
A3PQHPJ95MXSKJ,1755,7029
ANMH2B69BG4QX,6,19
A6WAQ5RGL3WPI,4,12
A8IGB8XASR4IC,3,9
A16V4LE3EGFXHI,7,21
A15WZCSME5X74S,78,249
A3UGE3JBQ985VR,3,9
A1AGKQ851U3RXY,5,17
A3TM9RWCTMIK42,45,144
A1IDPIC36H49JX,18,56
A1JBA2X4A7RSWE,2,6
A1DC2HLBF9NU11,4,12
A1MRH1V10HBEST,17,51
AQW9DXYSUFJP8,8,24
A12Y5WS8HLO19Y,44,139
AY7W9JKR6LBOV,4,12
AKTEP7TDWJEQL,6,19
A2RW0D4KY069MI,1,3
AI9MCFMMDU0JQ,6,19
A303HX5AZ56WOB,4,12
A28WRLBLLWXU8N,3,9
A2GUE6E3DUYX03,1755,7187
AMPX3331B26QH,794,2387
A1FKQ3U7YU2LI6,1,3
A1QS4UMRMR0SSE,2,6
A3QEIVO8AB3YMU,5,17
A24H9RA9KTP6DV,1,3
A11S8EQ688OH48,4,13
A1SY1LQS7NMLI8,19,59
A1ZFJ3R7TS3LI7,191,580
A1TO4P6JP5CVK5,1,3
A3JAWI70ZB8ZQW,4,12
A27BKDTLZXJFP1,6,20
A2PTW6WPV1BS8P,797,2406
A3MHRAAJ2CZSG4,1755,7037
AYZD8776C5KO4,3,9
AAADG4UK4BHWK,1,5
AX2UHB812WNIB,1755,7110
A2894L07WQIL4Q,1,3
A1JE27RC8MNYRL,15,45
A1WGH43RA5Q7G0,2,6
A35F5VTCRKJAED,1,3
A3J41E2AFML0J5,117,370
A4Z2JMQGG7AB5,2,6
AMP554GPRNAYC,11,34
A1JNLF07IJN4A8,1,3
A17AR3H81MCYFL,11,33
A9F8ZBAPESMN9,2,6
A1B4JFEL8WGHSX,8,24
AVCQ3HH4S30H,1755,7024
A3LHJ0TK6WR1SQ,1,3
A1GN8URFQX1S64,2,6
AMGJLVK61SUIZ,16,50
AN8F30H919LBQ,1,3
A2TTNSABU8IOWR,1755,7038
A39NMWRJAFWMCQ,1,3
A1HZCUG82SHVVC,3,9
A23NYWN0P9B1R,5,15
AVTVARULU85KO,5,15
A2AA9BH153JRRY,12,36
A2BO055OCQH12P,2,6
A38NUSXD5OGF8,63,190
A2OFOUA4N2WW1L,6,19
A3EFKHH98WWUHP,6,18
A3LLLGJUSC52JY,39,120
ALAKTC25GD3YZ,3,10
ARYA6VGMB1F42,1755,7053
A13K8IW18VIJKT,9,27
A1MFX07E6LW6G2,40,123
A2V4J1HSCDDW0U,11,33
A2KOHFCY43BX98,28,90
AS7PHR0F1TU8J,4,13
A2X3L31KCXBHCL,1763,7079
A2WYWDI6Q5P7PF,1,3
A332URXGY522D0,1,3
A1EL2FMHLNPRT4,910,2880
AIVB0DHBQZPV,1,3
A2CAF3S3ENOIBH,3,9
A3PJQ4742VN84H,2,6
AJOF2SMAYPBQT,37,116
A2ZY0HST1WNHQJ,3,9
AAGFBKIBVAGJO,5,15
A2QANQMUPQH5YZ,7,21
A26KA4RT6FE3BZ,1,3
A2UUYSHD4KGLF9,1,3
A26TYV50ELKHR2,54,165
A2OTMICRPRBJE4,29,90
A2Z533F6KSC3YY,1,3
A33NQYGEJU76Q8,15,50
A241RBLF20JNN7,1755,7072
A1K8NZKNZESLKN,6,19
A337GHFO5R40GT,70,279
A1LFI7MLF43363,1,3
A35Z3TBNCQU3VY,4,13
A2ZK6INQBCWORW,1,3
AQDT53B462XAK,1755,7059
AGGM6JJSVXIUE,1755,7020
A1H55L0BLPCWYF,14,42
A3GC5MNK979UUT,1755,7042
A35O0E66TJG8E,7,24
A14YBIFRMB801Q,1,3
A31RBG6XIBN965,1,3
AQ0WZKAD1YUFP,2,6
A2YI90VZKQ7DMM,1762,7116
AUU3M88SWMNKG,123,377
A2Q3UU2W50AMHD,2,6
A3QI758ZZ43SPN,1,3
A1E6H00SQ7XTOM,1755,7025
AZV2U6GU5QA6C,2812,11977
AV4MGZCCTUIQZ,81,246
A18OJH46CSHJR4,1758,7382
A2M014LBZ0T2NW,1,3
A10YSN9AVTPTLD,1,3
A2E620WVT3Q5JZ,6,19
A3U9JB9KQB4EQ3,26,80
A1F55MZPZ30QXW,1,3
A18V2E6MMO8KLO,2,6
AKTMEB904US7U,18,54
AUQHQOGQIZZE5,4,12
A13AMTIGRKFG9K,5,16
A2IBPI20UZIR0U,1755,7143
A34NHATAJNM9YR,23,70
A15RRJL2HT44J4,6,18
A26U7I13QO5E0C,5,16
A1VTYO1HO9CKWC,1755,7052
A1TJ393OFP21I8,1755,7063
A1H0CWFQY2HFGG,3,9
A1URCE34M0W2X0,1755,7086
A2ULLRPWYYZAKI,1,3
A2S0DR8EGYV1KI,1,3
A339DV3S739GE8,2,6
A1G1WQSQ40K97S,5,15
A438D4OZ83TC8,5,15
ATR2QH9XSJ5GF,1,3
A2ERLJYLYYW8S0,1,3
A38JBLZA4G9II7,6,18
ADH957M2NJJ8Z,6,18
A1ZKGSDVP057L9,6,18
A11ULYDX46WOXB,177,535
A3J6HZI4Y7A9DH,7,21
A1VWB68WC25YOM,1,3
A2WYF4POBUXL2O,16,52
A2L6K9PEUA7BHU,8,29
A1H4NFXAJQRQ2K,2,6
A33RJD5SEMNU84,6,18
A2I2XVSC2P5M1N,1755,7054
A24952LS9KPR4Q,1,3
A25DKRXFZAH06E,1,3
A2654Z8OA7DL3A,800,2415
A14GQSDDHH5V6E,2,6
AJMTCI6BALI4T,1,3
A1T95MA8WG730A,273,857
A33HE7YCG1EAE7,85,263
A19KSVMGXJ8KK7,6,18
A2MRIIGG7JR4FD,12,37
A3G63A2SDPP6JH,3,9
AJX9A4Q19UTJU,5,17
ADUQ887GMF2WG,833,2602
A11QM8IY2QS1F5,2,6
A1V9SKXVNXAR6F,8,24
A2U3MPZTPAVGSB,2,6
AZ9QRIKFAWK7R,1757,7204
A1CO5LWSTU0BFH,909,2869
A3IFWN9PDQEWYX,9,27
A2AIP2RJT5WD86,1,3
A3AN1BGAI73U17,10,31
A280VP2CL6ZFZZ,29,88
AFN0AEQMEKQC3,1,3
AB8BLD399DP8C,66,199
A25MJULTI1MR4Y,1755,7061
A3RDO0M41MZ8JG,10,30
A29BHW9YT2FZ77,1,3
ADX13PR5U2JKW,1,3
A3QUX1J04H3B5L,4,12
AVF6NBPLDC7O4,1,3
A344JAMICASXBK,1,3
AG6TRKM6J8Y1K,17,54
AF2HPRA25HQTV,1755,7032
AU36YCQBO0NY7,80,244
AXTWRM7KAECD9,2,6
A2T7EAV3BL6U3D,21,68
A3FA97XQ5017TH,1,3
A1P6CEFNLRKH62,3,9
A2KFKEME4A9ATW,1765,7100
A3N7UYOIK968MS,793,2385
A2Q3NDLUAG7TRW,1,3
A1QBJBV6372CL1,13,40
AS9X44JQ3L9CV,350,1080
A2DT84NH1ZY1F0,1,3
A1J1AI3ZENDJ8E,1,3
A1J0UE9M0S0PEN,5,15
A15RQJO92RNYHZ,1,3
A3RGHO0Q938FRS,1760,7082
A2ORXFPJ89Q4LL,1,3
A2PRO1IQY4RQU4,1,3
AG5AOX5TVTD5K,8,24
A1H385GQQFLPAW,14,42
A1SMX5YG96L5IO,448,1465
A3G2N8KFX1J2SH,8,24
A2FGSRTR4XFHMC,8,24
A2AO0CT5334JTN,1,3
A1WVP69O37BN2M,1755,7059
AJ3DQ70X8475W,12,36
A3759PNWA6TDOW,11,33
ACO8VY7DHBRB5,7,21
A3RZQVOGIYWCWS,14,42
A2DI3C34YD9XI8,9,27
AA8ALE62GRYC,1,3
A38Y1UOI9DSTH8,1755,7049
AYTKUTAP0VA53,3,9
A25F6XIEZ84T85,3,9
A1BX7A321KWVEJ,5,15
A1QLT1QL3M8V7C,1,3
A1NJMJNF0MOBSL,1,3
A1DA1OKIW3T8RS,5,15
A3L35TOD2G7CA2,46,138
A2F6Q8FN5UVOZ4,6,18
A338GBZ6WH6SQ2,4,12
A2EKAU065NHRD3,791,2373
A1TESNMOFI6L5W,1,3
A3II2IEIRNP0KM,15,45
A1I3OACJ57BO5P,1,3
A2PFSTVR873KLJ,1,3
A1K3LPKZN4OZ66,6,19
A3MNMB4VENMBL4,1,4
AOKXKDTHQCHB,793,2381
A206RGALW5909L,1757,7111
A2MZGJEJT21XK4,1,3
A5QKZ6OR8EW3W,8,24
A21J60L2SDTQSS,1,3
A1QG9OES1569BR,11,35
A3CQKLA8H1CBJN,1,3
AXYZLWD8PSTYC,1755,7025
A215VA6W42P4RO,13,39
A3E33FK0LAB9DA,2,6
A1EHCXUVU8IU0Y,1760,7228
ALCENZM6GJI0Z,266,841
AHCTSUKRSL9VY,2,6
A3AEG0UVTZ31OG,1,3
A3MQAQT8C6D1I7,3,9
AU9WIB4HFDVTG,1,3
A3FE02KSCX6PM6,10,30
A2NFZXXT0PWKO1,8,26
A2NJXLX1XFCSK1,2,6
ATVX2C92LW953,8,24
A1R0798K5DDQZP,1,3
A3U2GKE0FNXS4D,792,2377
AM26VTZC58W4,1775,7294
A170P56DL715EP,29,87
A2L5P63SWUA4MR,1755,7020
A2982PYFTXL2CR,1,3
A33W23DY9JYWL4,2,6
A1RJRM0C5K3J2O,791,2374
A1FGGB4BPTRBOG,45,136
A2Z4BWV9MTVRA4,5,17
AES8JR51STSH3,1755,7061
A1LUFYEKICNRZW,4,12
A10M7ZPV5NL41R,1,3
A29QAEKUFZT33D,68,204
ARRELFQIJL7CZ,8,24
A9HYZ452QY50M,1755,7025
A273KCH4QQ8VR0,274,910
AYG2SBEV15LXV,1755,7034
A1PT6Z4REK6QJN,3,9
A3GSQE0LXPG9YF,84,263
A2PUWOULPLLF61,219,677
AYIIZ7B3BX15P,176,531
A18PAD4ISAH6KU,6,19
A178OYKCO62SY1,6,18
A1DLCG3800VMG4,4,12
A2GTQA70O22BU7,1755,7036
AQG1NJ4JNWR6T,140,422
AJX393ZKXQHEC,1,3
A1H4EBBOM66MQ0,1,3
A2602FWO0VLEDO,11,35
A2DZ32O3N5I55C,231,707
A2NXKP16SQNPVD,2,6
A3EIITBO2L61YV,1755,7029
A3LJ5XLWTIOHF6,2,6
A1JO58XPRUVN7O,2,6
AAGAI1SDAFUV6,1,3
A369TL04KG1E9Y,1,3
A2YH76M5EKB351,1,3
A3N7JBQE6DCFFW,827,2530
A1HHCXDCP70OVS,1,3
A1KDM0N4UCEPHA,2656,9882
ABYMGZML8UBRE,1,3
AE49Q2CRUODSC,1,3
A2WI05ROISXWIC,1,3
A3C1YACYR1CJZ7,2,6
A116H3W1QOFYYJ,1,3
AV9HNVEYVOF1J,6,19
AKUFB9D6QVVLM,1,3
ADAGK40YSLZXS,159,487
A2HODRK8F5O81I,1,3
A1N06X05VZWO5Y,39,123
AOBDXXQ3YLK40,228,702
A15LUMNQ62FWHS,1,3
A1HIPN69GVZPEN,1792,7554
A6NDWRA470FSH,2,6
A1NZXLHY9JL9DL,1,3
A1L46HSISUIDB4,2,6
A1XIPYWY6LXKAO,3,9
A2Y2I2XVFE23OA,2,6
A314IWI2P1373L,1755,7095
A3FILMNXPUFGEQ,1,3
A17NXIPGUUKWDU,23,72
A1EET36Z40G7NA,2,6
A17A1KTVI3DG6U,1,3
A586MUJ8PXY2A,46,138
A3MOAH0Q9YVXVW,17,52
A2R86TCPA5DH29,6,18
A1C7YEQ5P8AWFY,1,3
A311RDV8Y1CMK6,48,144
A2XAFZKCWPR9H4,2,6
A29L4DKRIRSDMP,1,3
AWG4HMUHEOKPG,2,6
A20ARXPZPMDX37,10,31
A2RU8RIJ8P8W1Z,1,3
A1FM9JX6LWG55L,1,3
A1H40KHWCXAUOE,1,3
A2RBNPZ7I6B4FU,22,66
AS2RF0UYVXYNH,1,3
A3CDQFO6E65SBN,1,3
A19UCTHPURCM89,8,24
A11FEU69SRMJF0,12,39
A3US2KEQYNBETM,3,9
A27NPN6OQBR4K1,13,39
A1CGB2YUF45XZ,6,18
A2M9PUWOJUVIVS,21,63
AIVVJLKWGXYGC,19,61
A1PBD4YLBHHU1U,801,2415
A1PO0KBX5QQ95V,1,3
A3J77VWU75M7JO,1755,7020
AKQ06X2PQHPKT,1785,7467
A2KGITP2DE969U,1,3
AIWXXYVNQHVSU,2,6
ACLXKQX5JFU4A,4,12
A1DOX38R9352Q5,1,3
A3D2IHJ2LGH8V5,12,38
A300DS7L85EPT5,172,529
A11M3VYJ3GRP06,124,390
A3GZXQJ07518G0,1,3
AA9HWAYZBTTAQ,2,6
A3FOOFTFIPPLJZ,2,6
A157T7ALB7BE89,471,1519
AD4QZUGLI9OSK,2,6
AZY5WADV3UWQU,2,6
A2I4O023M7BPOX,1755,7088
A31RHWL69L58IP,1,3
AYYCQUNL175D1,9,28
A1BZ05KW34JGQ3,5,15
A291M08UJQQ28X,1,3
AH1KJ45IQTM4T,20,61
A3186NLYQABISB,47,146
AHHKZTUF9XF2V,3,9
A2I1HKX7IUAEF7,1,3
A2DSIO8SEF3WO0,4,12
A3HKUP0DICMMK4,100,302
A3244OCW0IHJI7,1755,7107
A3AQNKK6JXNF3H,1,3
A2BIKJK1NF86HK,43,134
AJ8LOLQEDJ6G7,8,24
AUJLRXTW6ZVQ,25,75
A3CTQ49HJK2FPM,1755,7024
A1X4ABS4YWP63T,2,6
AO7WPPUO75BBK,47,147
A2FSO3QE4545T1,112,348
AL36KVE83O4G4,8,24
AB6DWU8T7QAZY,4,12
ADS0874E1ZZTL,459,1469
A2JRFV125VJ71R,1,4
A18ATQ3ARJZLKE,6,19
A2A7XM5QDYDSUG,1824,7653
A2O22THS6ZP4X5,1755,7067
A2N958BNCP3Y10,1755,7030
A1R1JH7L10V6I0,1,3
AN173V0P0CYUF,1755,7020
ARTS1Q1SBT733,1755,7024
A1P1PMW2JG2ILC,2,6
A1U6THRO2VF3VP,815,2482
AGYH5U11ZKPFB,1778,7317
A2CZIZD0RZ566T,25,77
AAPFNRCGGAZHJ,161,489
A3GMADUPDANSDR,1778,7227
ACH055GTTIGC9,39,118
A1DX9PS0UN7EHY,3,9
A2799RXTASA5LJ,1755,7021
A1VO8TMFAQ3SAQ,1,3
A37AQ1M5701JCG,1,3
A3S1ASWK344VMJ,5,16
A35PPI93DWFF1H,7,25
AMCEEV9SXM9AO,103,317
A3BWA13RNCMMKT,2,6
AIYVD6431PEZM,16,49
A2UN6DOBSYY80L,9,27
AVLJ0RKTOD6XZ,122,371
A3SU34ZU4HVNJF,6,18
AY057X23YX9S,1,3
A20NWUFIMBJU6G,348,1116
A3T4B9Y162L31V,1,3
A277PO3JQQ1NKX,84,324
A1UZJQYJ2RAI56,12,36
A17JWP2NY7THGE,1755,7022
A2GWFAMK9SN1P4,34,104
A1IK1ZTDHJS6WW,20,71
A3OY94SY9BXUKC,1,3
A1HTX8OOSGAXMB,22,67
A1WI1MXXICX8K7,1,3
A111PPOZ1SUJ6T,6,18
A384THKZ3T93UC,1,3
AQMJU505G8KH8,1755,7089
ABG07HPM76GQJ,37,111
A3DB8MFWQG391Z,5,15
A1987KVD4EHEM5,30,90
A17SGVSILVA28F,5,18
A3JR615QTZ6M8R,798,2403
A2LKJU6P6LFD2L,187,569
AXZ2089UEA6BP,1,3
A3D5YWW73H2EZP,5,16
ATRP1YOI4MNHP,6,18
A3CM5IF6DF4UFB,16,49
A1B6T1822ENE00,843,2582
A1YJGYIT5HA7ZL,59,177
A2EBN8LPMN45UA,63,205
A2T4AIDPSFBRMC,12,38
A3JEXGSQE3JHLA,36,114
AS2FFVU690H0U,1,3
A1YHJBQPRUWYY6,67,201
A1FH2PWHTP1VF4,1755,7051
A2YP3NS9FP25CK,6,18
A2XJFU7DSH3U7K,10,30
A1EKTJI1Q2WHWV,1,3
A1ZGT5FX1XST81,4,13
A1W1GJAD8J4YTW,1,3
A2MZQGLYHOTVBY,1,3
A1QDRSNMFCSYM1,1755,7027
AQ6JVC5F7G24S,159,502
A39YJK1XG5KFDA,155,474
A3DAURGJAL0Y0S,1,3
A1RZ0D6BJ7OUD1,3,9
A1GFIANTWRHV68,1,3
AFV7X8Q9RLSLD,9,28
ADYVJMJPHQSFR,1,3
A17MF3P354FIDK,17,51
A31BD4RXCON7QO,1,3
A3L1VJMHFWONCB,58,188
A1SC1JD3ZSI7GK,2,6
A2MWJJFRIQV49E,1,3
AY79H9KDVPLHZ,1,3
A1KUZSHR1FLCT4,1,3
A1GUL8URGRLJ0O,3,9
A26Z67VNB5D1QF,1,3
A3S9FKS57WFLCU,16,52
A3L5SVMIGMKTSK,82,266
A2Z51G1KD77FMH,2,6
A38F784S1X8R0Z,2,6
A3HQB34FE6D7JM,924,2787
A196D02N89FEK,6,18
A2FCE97NJ8PK39,7,25
A9910XZMI5W3,2,7
A233CHDZ3WRJKD,281,873
A39XKIIB7S4YXN,6,18
A1U7PZZNRI5AV2,14,44
A2RV7E3NGG70MZ,1755,7040
A19TZO6N54WHFW,1,3
A1OJVFYAK0N5UH,1,3
A34NGHPE6Q0QIQ,4,12
A1MBNXQTJ3BYW4,1755,7023
A6YA25TZ6IDWH,1,4
A3JQVHCIHDTZOX,2,6
A29OX8S79MH01Z,1755,7050
A2X2BB0DSN29WA,16,50
AMHC1OML8UEA8,2,6
AR4NURQ42A0Q5,25,75
A2G7SI4GYYPTC7,1757,7225
A39HBK0VO9UJVW,1755,7060
A2PCVGBFL6N4Z8,10,33
A2XLJMCUS6H0WD,1,3
A307HX6WRMSFAS,3,9
A30IQ1YHNWOULG,1,3
AXOTQHQKM5CZD,1755,7023
A2WYTUIXGY8Y3B,828,2521
A350PPBQZQPOTV,1755,7027
A13VH965EKP0Z2,811,2464
AWELDY8FAE20O,1,3
A32LX4XJ2LU740,1,3
A3HJF8AM51U0TP,33,105
AGYOOL07RRWG6,22,67
A1M9EZ6PMRY3JU,791,2373
A3U02L2ZS4RKZP,1,3
A2XVE2J5WGCSGX,1,3
A2MFZ11VPZ5C4W,6,18
AHICE6KVU5H23,1,3
A30Q8KK0WGH87Q,845,2594
ANR395V1YNDLI,1756,7117
A3OLJ1GIKQH6CR,24,72
A138MINOWB1HA3,9,30
ATJKI07N5ILWW,1,3
A2XMKMDJTQZ0WW,1,3
A3Q9J1T834HN2G,37,115
A9GIGJUB98JNR,32,119
A2AELHSJ7BIZNG,1755,7100
A25I04RC16BKKH,2,6
A2FYOR6KFZXFO2,1,3
A6TTG60R4E8YZ,3,10
A1TZ2ANN34YTQZ,257,865
A49345VEDY31X,13,42
A9EMVLZRPTDC1,8,24
A1QLPG0D3U9YWB,2,6
A2QTZZX186B62O,2,6
A2D204KXPFPHDM,1,3
A2NWA88E6VFSCU,1,3
AZIHGN087SP4U,8,24
A2K9M75G0A7CM2,1755,7058
A28N222OQNHI26,6,18
APB63OJYDP7TX,1755,7069
A3TAS1AG6FMBQW,806,2442
A3BW10NFBDZ6KT,1,3
A2FXW724V0BIBN,5,15
A1P91U9OODPN1B,2,6
A284U61C83J1EP,3,9
A2YEP6JYVI8O45,791,2377
A1VK3POF9ND2G2,3,9
A1MZ73NNIZSX7J,1,3
A22Y1X04W6XW11,317,1052
AC7XRTZGNDZNT,1,3
AIBXK7K3WJKLS,1,3
A29YKH0FGGXXFF,6,18
A22L5NFRGOHWCY,24,83
AESTZBCPN2CC8,10,33
AFJFXN42RZ3G2,1756,7055
A5CKV0TF5O1YC,1,3
A1KCCK2F5Z6RYE,1,3
AZM6FVE461B1T,5,15
A7TVX5GDHRVV7,69,208
A3KBCPZMLENYYK,165,519
A1DA6PDVFL86D3,177,537
A2E6OXH7IQ1WS8,2,6
A12TQHP0M92PS1,13,39
A35XANP1JDZ210,1,3
A1S1GKXS4VHOPE,146,515
A1BK1FM7DUOGD9,4,15
A3UJZ64FMDDYVO,5,15
A1FRIBXUEIRNQ3,327,1032
A3D9BI0F54N3J4,33,106
A1XV98ZFRRWHXO,14,44
AE9AIPW9805GN,2,6
A1SON9WL76F1SV,816,2475
A3FW4THIMBIN6V,21,67
A1DVUFG2QSJ6IK,196,650
A2TG1HFMXK1LVA,803,2423
A497IVLD6ZZOG,17,54
A2K0PR28C0IOU0,14,42
A2IROAVGAK1G0S,26,81
A3LNZ1X21BI0YI,1,3
A4OA5G3LDE52G,23,73
A2JMGKTFLQXCHJ,4,12
A1CS1D88ITG354,800,2413
A1NHYKWP9REC6X,1,3
A2HME2XHQIIQXR,802,2417
ALW5J11BELE1F,1755,7021
A2EZWZ8MBEDOLN,943,2953
A3QA7SKP8YXR5O,1,3
A3IQVUSGRI7UZX,1,3
A8E3WUELOR5BB,2,6
A2PG6Q15MBP110,16,49
ABCKGKLU2BOV5,1,3
A1267U3ZSQGOTP,2,6
APQ5BCP1TINUC,7,21
A1XA604A51EAVD,18,57
A20VHLCBLD7MFY,3,9
A1BQ0HTG3C53IH,4,12
A39RLF80GNXKS3,1755,7020
ACE8M7192KZAA,23,69
A3OADT8674ZUUQ,32,100
A1M63LEQHY0BK3,3,9
A2F300193C5XH9,100,306
A2IDR6FJY6NTNY,1,3
A3JMNHKW30HDBJ,18,54
A3P5MQ99KR31J8,24,76
A1MNQV88Z183CX,1,3
A34LCHH9NG22ZG,854,2631
A17CU1D2CWXOHB,19,60
A147WTM55EOU00,2,6
A13SLVGV6POFXZ,798,2397
A27HC688PCLEB9,13,39
A1M9PVAJ7TG01D,1,3
A3R8TPM1N7HFS4,8,24
A17DRDVO3DZ82D,115,355
ACK2DE0T9AVW3,1766,7130
AT3Q6WY3RDQ27,5,15
AZVME8JMPD3F4,99,327
A168RDXVQIYFTB,11,33
AUGSH7SAE8EPK,1,3
AKVHLFJ5I1VS9,1,3
AEWMJLERVK7E,8,24
AQDUNEA1P4Q8I,1,4
A2TQA67Z8YV8JB,1,3
A3LNKY0M80C1OL,1,3
ATYNRIULXIH6G,120,366
A15LO2V47S2897,2,6
A34PB0ZNGOWN4U,3,9
A38J12MH59FIAC,2,7
A1HCJG4AEPABZQ,178,537
A1U0D84M68JD5Q,13,39
A1R8YSOIBT5NDU,1,3
ALYZJ7W14YS26,8,28
A39RN3DSG18TYA,4,12
A2P8WJLFW9NDYN,2,6
A1HSW0NIX8VQ07,6,19
A2RLQKE9NHSSZB,1794,7568
A39VMK0Z3V0AH6,20,60
A4SAQY587LZPB,1,3
A3T8P4BSXPW0T3,5,16
A35V7AV13VMCCS,3,9
A2KTYMERDM1GQ8,1,3
A3ICNXGJKUP5MF,1755,7035
A213TLNFC9KQE0,1,3
A3GDQJDO0372MM,1,3
A1XT41MYTFNN5A,4,12
A3W48AZKUONXAZ,4,12
AKDJ4EKP9YP2G,45,136
AA05D9T1YV4AZ,11,33
AIVG3QEFYP5EY,1,3
A3RTBPJY0L49IS,1755,7048
A15LAJVR0RX15T,7,23
A3TN5X62JAXGFB,220,688
A1AG85P6CW6ZLM,2,6
A2URX0XR5UOHRP,9,27
A1Z7DJT8JS2ROJ,1757,7076
A3AJL97OT6F8GV,7,21
A33HOL0AOLTL0D,3,9
A3OLTWOOG5YK9K,1,3
A2TABM3E4FOVKP,1755,7036
AYD02OS4P6NVL,862,2660
A1CAZEZH702WH2,1,3
A148T77CX26EXI,1755,7021
A25S51IHNUETRS,6,18
A29LQQAZHAGGU0,1764,7317
A3D0PD45BHLXFX,1062,3443
A3BNK8WBBWWIFA,24,76
A14GQBTZHR2DUV,1,3
A2L8Q6IYQXBO90,1,3
A3EMPSCL3OV9ZR,1755,7039
A2YCI75HR3O7C1,824,2539
A1LYOXW8ZTPA01,3,10
A380HYNNOU7ABZ,1829,7662
A1RFEAVOCYSPVZ,2,6
A1UMM894XSEO4F,104,323
A1V4QXPEYDVZRH,833,2558
A32FF7JMTOGEB1,3,9
A14GBWET03AC55,1,3
AM4NLUZK370BH,1,3
AZVSR85CD9XG5,26,83
A11J4MOUTDG4K9,1755,7021
A2IGXY7OYZZLFR,31,94
A3JOGS7LDSV4C5,51,153
A1H7JRH18L2BXG,1,3
A3PWGFDD0D4CF3,1755,7020
A6UPLIR8XU5V2,13,41
AVDZLBZ8GMEXA,1756,7097
A1HRRI1CAQ6TGR,1,3
A1QZVZIEJKMKYG,1755,7021
A5U4MNMAEOEPU,5,15
A1547JOGSPR2IX,1,3
A3U3G89X10AC42,1,3
A7WL4IWA5AEK3,12,39
A2ZOG5PTRC239A,4,12
A16RA1KNWSNJXA,1,3
A7UXD2IGUXOPR,800,2410
A38DL7RBD7MZUK,1,3
AYL3CH1Y1DOB8,207,641
AX1WOA2K36T71,109,329
A2R565Z7I4M4FW,3,9
A13GOSNBE5UDJC,5,16
A2792DYGG4OIX2,1,3
AM23TRM3QE03Q,1755,7121
A3IPDGNMA9GXJ6,70,279
A8BM0DPFBVGNJ,1,3
A318OC09VUI3GT,148,444
A11K2CK6YQGCHJ,1,3
A2WKYRQENPDB4,3,10
AFB6C94VUJSFM,6,18
A2GKRNA0VHZULE,1,3
A1GFG7INFTBCIB,4,12
A295YZKSLW7JWA,1763,7401
A1C1SSJ3G5KF7P,1755,7079
AOMEH9W6LHC4S,1764,7249
A1QCWIN8UQYDPK,5,19
A3MLXDYZAD5FUF,1,3
A168GVTXV9N3JF,1,3
A29T2UJVCOLZ5O,6,19
ANO8QK71ZYFVI,791,2376
A2394YR4ZJPHK5,95,363
AA499OZFO0AA7,2,6
A2OZOVEFTW8YNM,6,18
A1EG1ZF1WIYXTO,1,3
A22R0GHP6J816B,3,10
A2KUY5O1X0LSVL,2,7
A1FD50DICTYSNZ,1,3
A3C3ZMIJFO1WKA,1,3
A3G7QKT5VFT9DI,6,20
A3U3VSUMY5K32P,1,4
AZ9YQCI92ZCP8,6,20
AB0XOMFCYELCK,182,641
A3OYO7B6SS7QLH,3,9
AHTL7996C78TN,792,2376
A2GX51B0L0Z98U,2,6
AWRCIPCUDCW3K,1755,7025
A1CF3OE9OX06IM,1,3
A2SMFW5HNOG8SE,3,9
A2LXBD0A1U1FH8,1,3
A3VASA3HYELWMZ,1,3
A1SN6SM81YU97Q,1,3
A3N0SYVG1A2T5Y,793,2381
A1EC0GCIAJQVW5,5,15
A3OIJ74KNATDSR,5,15
ABQSMDUOEQ2G2,804,2425
AKB6Y7WRG5BQN,33,100
ATW2M5HVLT7FS,19,57
A33MGQKBDNNC1T,12,36
AC0FD9OSV6NED,1,3
A60ROYNWQUVMI,1755,7023
A32WUBHHIJ934M,4,12
ANQM0OFDDZ51V,1,3
A1ZZ4D647JBP8F,1,3
A2ED9GKDNH3BC9,69,212
A3U5XY3NI7KPY6,1,3
A3D9WL2JMNWADT,15,45
A21CNWZ4Y8TI4G,2,6
A1DF4GHWZK65DE,1755,7101
A2VF5XSKXTDIVM,2,6
A2WJ05NLICUO1K,4,12
AT5F48BLWAJPH,5,15
A22M1AAM45J3R3,13,41
A27OE457TH0IU6,1755,7091
A6XMO8O2QWAJC,68,208
A1537HLRO240XP,36,114
A297VL3D5SKWJ1,1757,7166
A3KJZXMKGN5EPV,1,3
A13XL99Q9M0CB7,1,3
A1SZKN6T4J9KMH,1757,7127
A217UXXG9OTM1Z,456,1510
AU55XFBP4KZCF,34,104
A1KR3QNPTRMC27,1,3
AFGGF78KZPU7E,1755,7094
A1RV1TJK4UW8V7,2,6
A1NA29Y56HCZ18,17,51
A35XRT4BW4I6UD,33,104
A22D4MMQWBN1Z7,1755,7097
A3OHYLC3X4WOXY,1,3
A2CLR16DHT15WT,842,2567
AFSY4ORUL1Z8U,4,12
A1158PJX6NEVU0,41,124
A3STAVL71G43Q6,1,4
A1DXX7NILBM4HI,2,6
AGA6B9FHJ6HY0,13,40
A3UVP5P9OBJXO3,2,6
AFHFZX44553GJ,27,86
A3EAUYSQ9UGUNG,1,3
A3MHAYHFOX53J,2,6
A2U7BTHVMSD90L,1,3
A10P1UB769E59J,5,15
A8O388C5D9N0U,1,3
A2CKRJY3GAYJT0,1,3
A2LN6GG556FI05,36,108
A92Y0EN7D61LH,96,289
AJUJVZ9MRWNY9,6,18
A12XAEXEZNTR2M,810,2445
A2L9MW464KZT0W,22,68
AGX8ERO5783F8,1,3
AES5ZY73682RT,1755,7031
A19H2QGGY3L8XS,42,128
A1MZGB85JLBEYF,1,3
A1BST1PTHGLBGJ,3,9
A2HEVQ8MQS831,13,39
A1OZSTTZ9W5MLL,870,2698
A27YVE2HVG32Y3,3,9
ANK5JMTO3FTG4,11,34
A2XPLOKZQAQ94D,1784,7478
A2F0R0897DWQ03,1755,7047
A2SPJUAERTVC8N,1,3
A2TO81RO0LJR06,1,3
A3CD5VD6GOJJWI,1755,7076
A6VLK9454NBD7,1,3
A1F26J5N6UOCCO,1755,7027
A1WYLKJ3W62GDQ,3,9
A23P3LX8Q3TDX,4,12
AUCR1U35FZJ91,5,15
A35S8O5PM2UBFR,42,142
A3LM2YCDD8HR7G,2,6
A29L3KR8WWWTTC,1,3
A38EP0IKN8LA5Z,1,3
AXC6VL9OHH8DB,799,2404
A2K9TYR894JG7X,4,12
A3C5QG7FOL8QR,11,33
ARQ8UPT8WO3RV,8,25
A2YQ9Q1DFGKMFV,1755,7035
A1AKO1J2SKB8IC,1755,7368
A35GT39YO268D,6,19
A3CG1XH8G9AFSK,12,37
A38H4XCCPLRF93,9,28
A3M1PLEYNDEYO8,1834,7616
AE6NQ2C1MAY9O,1755,7022
A3DJKWBUSFQWOE,1755,7020
A1YZWNQKKF9TY9,8,26
A158NXQZK3SZ9N,13,41
A32X44N35YRWP6,795,2387
A1CZM92286Z6GO,3,9
A3KJRBYNDU7K4W,2,6
A3G6KKDMMFQQ5K,114,425
A1PDFCXL8CU308,1,3
AHQRU3MRORIWQ,15,60
AORCR26194FPK,1,3
A2SRBZZ4QW20Z8,26,78
A3Q9Y5UOUVV1PL,11,34
A2H8RXLITVGBJV,2,6
AW2G9PKVPODVU,5,15
ACTDOWPDCFW7R,7,21
A1L13HSZ8GGXU7,4,12
AYQJF3DN3TX8S,798,2408
A17BIOADPHMEKA,853,2629
A1VV6ZG2TCLSG3,4,12
A1YM95QHXSRX1,1,3
A3ADL2DP91ZOZ4,17,51
AOCBJFQ7UPEOJ,2,6
A1G3K5U835U4PS,2,6
A34ML2ME3P7OMK,1,3
A1XT7G9B0JESM7,1,3
A1XEUO7UOAK3FR,84,330
AOCR7X1MCYBQR,805,2431
A0727497OR0PPNFLFPDV,7,22
A23VPZ1R2857GI,2,6
A2Z5IVLZIY76ME,809,2447
A1KNDZK2TXWKLX,3,9
A38AOVUIIZYP4G,1755,7023
A28BCF51PUWK13,4,12
A3GY2DWGJK3M5Z,12,36
A2XXFFBSCTWHKV,4,12
A55KBMA8JC4DE,2,6
AU351A0BMV7T9,1,3
AJ18O1QN19Y0V,1,3
A2R2DN14W589R9,5,15
A2I6XREVXLMFDS,1,3
A2G9UCBLL9YLET,7,21
A358EWMC0VTHIT,3,9
A11GSNHJ26G56T,26,78
A3OK5SF0M8KMVP,4,12
A33UDMFMYMS0UK,13,39
A3KCR3MWWKM7C1,7,21
A2OSIHA1XZ1GIG,3,9
AOU7J4V4RWNHU,9,27
A36IOSZXG6HQAU,4,12
A37YHL5XL6MCW7,2,6
A20TFY5J3WNJU2,1789,7263
A314D9R2S2565O,22,66
AZDKY63BKZO7E,2,7
A1OJKT9XQLCYIK,1,3
A3MWC6MXRAESX5,1755,7053
A28QSM9UHLRQBV,13,40
A2FR2YQ9G4O7R8,1755,7024
A1V16RXLFCCDG6,11,35
ADW328DZ0BHZ1,1,3
A1HWJ67HTSHUK,3,9
A36P8NUJIM2XRV,15,48
A1SIA07X88TTL6,3,9
A3V6QIEJ2D2V87,1,3
A1B9QFN9YFZD90,1,3
A2LUYECS1M308Z,1,3
A10UZ32HX6RLD8,4,12
A23BIOQUMRC7K5,3,9
A3GRZ0XMK2TX65,791,2373
AM9EL9YBP070A,3,9
A214M2KLIW3M33,10,31
A3KZARVSRW4U8J,1755,7061
A3QZ81L3DIO5C1,17,51
A56STHXWBFWYI,1,3
A3ELVVCBJFPWKG,1755,7045
AIZ4VJUOWUD6F,53,160
A1ANXIZBD1C976,5,15
A1RNWHZ7M8CVFZ,7,23
A27WU4E7J23ZS7,4,13
A3KC3R651RVH8M,5,16
AXF6IRG7KILY8,1762,7150
A21Y5FWTX7NTMV,1,3
A134ACP10D9GB1,1755,7022
A83IUAHFA9VQ2,29,88
A1P7FTD7BI4FEI,109,338
AGP7H27OX5DHM,2582,9794
A2HQCJ92CJRKAZ,5,16
AH68M0SSHSNC,107,332
A1VHLHX9UYU17M,5,15
AE2C5K8U6ZSW8,44,139
A35EWU7RBPGJK9,1,3
A1NPNKR6B65IMG,3,9
A2J97NYA3HUXR5,65,195
A13T4T3QOSII3I,246,805
A2LFYTX1544TZM,1887,8019
A3P3JQ6734Q8O2,6,18
A3EGQSV4245W5M,2,6
A29WV8G0XGEGF9,2,7
A1IDCGRJE34RI5,1,3
A4PRLHP91UFUM,1755,7022
A9Y1KP2UK2U9V,1,3
AZJPNK73JF3XP,527,1777
A3EAZETCA0IC0J,1755,7094
ALLO5TSNKH2HB,3,9
AH17Y6S60RPKP,1,3
A3IJ1HZDR01PR8,14,42
A2U0HP2DYG8R4Y,1,3
AVQRU2XDM5BVQ,10,31
A17D2D77WRFCPS,1755,7105
A38G2HI3WLPHYN,4,12
A1ETGPXT1X2TMP,1757,7192
A3SJ2NETSL6D5R,158,499
A2B83HBAVTVC3,794,2387
A1NU80I3WTFRID,1,3
A346OOIVBH5ZK7,49,147
A1TTSRI2OS18QL,12,36
A2OA9HJAI7XZLU,2,6
A2CK7LOCTX339Q,3,9
A25MV6XIV0UKMQ,1,3
AYRCW5FNKKUSH,2,7
A3NO76UD5883PH,1,3
A2Q02X7OP3D5O6,1,3
A1BMLB8R71SI98,3,9
A2WKT1TAE01G5Z,2,6
A3P1ZLQ094OY10,11,34
A2ICG4I3HJX2S7,42,131
A2M0OOWQ9XVUXH,1,3
A1ALP8TE60GIGV,799,2405
A7KMS9YTHHVY3,1772,7273
A1DYBNOP47KAE1,2,6
A1VQVOI82NQ341,68,210
A3E4T4HWZAGI00,2,6
A1QR7XV8LAVPPU,1,3
A2EPC4P1EJWWLH,11,33
A1XWAGQPT310HZ,1,3
A32ZEPD7YGQNTJ,1,3
AZ5DSFN6I06EZ,1,3
A3IUX92PY69MSL,2,6
A9YKNIG2DIPX6,5,15
AEOX8TEX5MRSX,10,34
AE1X54Y9UP5DZ,162,488
AB2WFGI65UUAM,13,41
ARKI7J1HZ9IY4,2,6
A3VBKITFVXF513,3,9
A29EAXCG7XUOSI,1,3
A310MXGFV4RIK0,5,15
A2CF3CKQVSZKVJ,800,2412
AIYBPOUIXPFIG,1755,7020
A2W6IH7Q68P4W9,1,4
A253W79X4584PH,1755,7368
A30QOCY4C0V1L,11,35
A1EO4AHCY2SK2N,33,100
A34V50GVU3MYR5,6,19
A1UKN2MYSWVW94,1755,7059
A1BHOT39ZQLBK4,4,12
A2MSGFKKSK8YEY,5,15
A2SKZZZBV1XYWP,298,935
A2FIYNFKZQXGWO,2,6
AJS0JTPBQU4EH,1755,7025
A1MO0J6PNIYSQO,18,55
A2IGQC05EJSYVX,1,3
A1VZ5PIP21QZUY,1,3
AO68X66YOJGQI,3,9
A1YA61R98ZW11M,2,6
A3RSTF6WKKQD04,1,3
A32CJR6B51BQN3,1,3
AW51SKK5HVQKI,791,2373
A1WKBDWJ61T8ZZ,4,12
A27HV6COU9FT7P,1,3
A3T0AKLVV678DW,14,42
AIZGSE7FABNC2,13,41
AUWHXBQPLHTSO,1,3
A2TLCES5P8VKOQ,10,31
A1Y85K0QXW9PGX,4,12
AFFH3F0W6N3MY,2,6
A2EPTZNGEZ9ZXT,1,3
AWW70MTG9Z0BK,1,3
A3QVFK2WFRPBS6,2,6
A1AX3QX1WRZ14F,18,54
A17CQU2RC9HEUF,107,328
A2C27IQUH9N1Z,8,24
AB39UO500J4EP,505,1649
A16D9KGAAYSBMZ,1926,8057
A313ZT8NXE75L8,32,96
A3PXT2F87ZOOGE,4,12
A2BFQZ2KYUHA44,8,26
A665NNIPW9M6H,1,3
A20ULDXRQI3GBH,1755,7030
A2IXCMM3X72ZRV,2,6
A2KH0F8F8OJ4N4,4,12
A32H3MGOQAA3A0,1,3
A195U1G5ILDN4N,1769,7123
A3FCSK44APT20L,1,3
A283K18L95OCCZ,120,368
A1S0HTDO0P4N5V,10,35
AY4KB8ZKW2DAK,4,12
AEY82GVLV6NR3,48,147
A1YTMYDNMTQXLE,1,3
A3B0ECDUAJ4MJQ,95,287
APIZAXRHI2RWI,1,3
A377VYDXWRN4BN,2,6
A1T4U9CAQ25IBR,3,9
A28AYR249YCXG7,3,10
A1LKOIZXPQ9VG0,6,21
AB2PS9JTJ8H5P,6,18
A3Q0WWHVV2YXVS,1,3
A3S0QVZMWJE89X,32,98
A31N294UC5NBD3,1,3
A2G87562JKKZO9,8,24
A1X111JSEBK7FR,10,32
A3OPLZ8DC9Q4I7,2,6
A330W6L217G0U6,30,98
A2BOIGKJY9TPNA,791,2373
A3KIX0N7AJOX68,1,3
A1LDZXHPPF0K86,125,381
AD4OANTNLNCWH,83,249
A2L08538YQ9LAY,45,139
A2UNAU0TSQ9UZW,112,347
A3S9E4D99UA9N1,96,307
AA9ZBRA1RI887,159,481
A1PBFOTHXKILPW,14,44
A3KF2K1ZMAZSX4,3,10
A20VXD4T3FDWA7,1755,7107
A2EEWDWXT63IRQ,2,6
AITHWKYYM7D6Z,26,84
A1EJ7FZV0CQS6O,1,3
A1GU1RFGGTS2DC,42,126
A6NJO9KSN6EUN,4,12
A1IRLEWKSPBNT,87,337
AV4N7CB98L4GD,109,332
A3UUCD24CF9ED6,1,3
A3TLOW39DA3QNJ,168,554
A1H20M8J92X3AA,1,3
AUXR6EQNMI4GJ,3,9
A291IDL261H41,1,3
A3EAIN4XQ00EOD,76,229
A33IMLYIVBG5Z4,1,3
A1NCJ4C5ONQ9IY,2,6
A22N2OMS92T80D,3,9
A2UZ219VYXN78J,51,166
A7QMNRUXA4HTI,31,101
A2L5ATDFP8EFH2,4,14
A7IBOCJ0K4V8C,15,49
AU3GYRAKBUAEU,2,7
AY34UECDLMLUO,1,3
A828MKX7XSRVF,9,27
A1KMN1H3K5FPAM,1,3
A21Y6RXV2DRHV1,1,3
A3MBTKVJB6J9D9,1,3
A3VYC9FQNN4ZQO,3,9
A6TEAYSTI86M5,20,60
A5SF5XIV42MW5,1,3
A1UDGTFPTJ4CYT,1,3
A618O8LWKN6JR,1755,7071
A3FNACNVZHF4TI,31,93
A1R6WVO793JSNO,1755,7021
A15DSMRLSMYA40,1,3
A1SBAQ5PO7I06D,1044,3320
A32VL1C588NBV7,1765,7233
A3ILQ2IU3YNRJZ,1,3
A22IDT45BO7ITO,5,15
A38JBYMIDDSIXK,11,36
AL8BFJRHX2V9N,2,6
A2SCA8LXYRDPQN,1,3
A2RSYTBJ884MLU,2,6
A3I4BG5Q3GW4M1,2,7
A2OQH3WLPP93GE,1,3
A2M93TVNC93C3P,7,21
AGVOLJDP8I9S1,6,18
AJZIUC2AO2X76,1,3
A1NCES9ZLKGUB8,1,3
A3UY39A98JILOS,1756,7123
A314F8HROMSXZF,1823,7548
AKSFZ4G1AXYFC,2,6
A2YQTEPCGZ5N7J,1761,7189
A1FLRYSJSE9I0P,819,2475
A129WUT5OMBKG,280,926
A2V7IXQWE6WKNJ,22,66
ALS73WZD4L02P,2,6
A10O1QE1V9GBE,5,15
A2B4UDKBVDJOM,1777,7484
A3HLWKNCHOF9KO,1755,7062
AVUUZ58O0TJF2,1,4
A3Q5FYF4SLYXFM,1755,7024
A244FX4JWS4B7O,796,2391
A2DWOWIY1TUMGR,1755,7041
A32CFXZDB5RKOI,3,9
A19FO2AMFTWKEF,180,544
AEKOR8DBS4M1W,3,9
ABUMMDBIPO8J1,1,3
A3DKYX8I772DJQ,15,45
A2LGZLTH8DGLS,1,3
A2MY12HTGLJVFJ,4,13
A24ARANWS5E3T8,15,45
A8HBFJ4KWGSWM,48,145
A2DKDVE4NNQAA5,1,3
A3XLWQR7AQXLD,10,31
AD8ECT837XKBE,1,4
AECKZ9D4EMPG0,841,2559
AIBLCWSOLOIJN,17,54
A16SAAEYGQD55O,1755,7022
A31TZCTENJ5W8J,1755,7021
A3UD0L5MQNQKG9,14,43
A1641Z2K8ZUOL0,5,16
AKNETGEPQH6R9,12,38
ABAQET3UKT0NN,5,15
ABKNRVFFLEA3M,4,12
A33PUQETQAM8XT,51,161
A1MZH3AW94SNWV,2,6
A2ZC12MYUK8RLM,214,678
AQ7QYP0ZMWI8S,1,3
A132ZEJ4YWJ7XM,4,12
A1ABB21OTPED2J,5,16
ACX9YGM7RR7XY,2519,9451
A2R8S0UDN1K25O,1,3
AMY2UXMVVFEML,11,33
AVOKN4NDZCN78,4,13
A35LMKRN8695T9,4,13
A2XCEMF3JYXGE,8,24
ADGDSNO7EIK69,795,2391
A3J86E56Y1L3J7,13,39
A85LYW10EXIKM,1755,7032
A2294G0SMLOGJD,1,3
A3BVJGQ7A1YH0C,861,2664
A2V6DIRORWXQ10,1,3
A32BCTL0HLOXRV,4,12
ABTLWHSHDBRSY,7,21
A2WYYCYFFD0DLG,1,3
A2YQCPKDUQBEOI,7,21
A4OOX2ZVYUBMF,6,18
AE5ORIJV0KQCC,1,3
A1PDPWUO5NUXGW,2,6
ADJLVD7B24Y69,2,6
A2MTAZAGTHPM6Y,793,2382
A149F91FB9WTW6,260,811
A3QX0ERX4D03TF,4,12
A2KNR7QGILP1RO,1,3
A278L09GR0QDOO,1,3
A2P0Y85C896QIB,1766,7347
AI82VEZNUO41Q,1,3
A15YLK7OZR56ES,1755,7022
AVGIPBSA8MFDU,2,6
A2LNJEBYNAM1C8,20,60
A3BJWYZRZCWU0O,17,52
AHM8CJ4UGEOYT,26,80
A3UFHRHJ82TL1W,48,146
A11HJR4FY4J7XN,848,2679
A2Z11D7KT6G7Y3,3,9
A1M79S2VF4K5T9,1,3
A1RMTYWGJM5WBY,2,6
AEKMU1VLHQT1C,3,9
A3A0DX3Z1SYNR5,2,7
A1KW7KHK5DN4CI,2,6
A38R7ZRN84U1SB,8,25
A3NXU6URXL40NS,1,3
A1LY5HCF9HR9B1,6,18
A2QPZKGUDE7RJ4,842,2578
A1ER9NQP1ADLV7,41,131
A258IXX6EUCB2T,9,28
A3TD050JVB6PCG,10,30
A1X379ZRM4LTWP,11,34
A2AG13A4LQ813N,2,6
AI08PNDPZV1OA,9,30
A31MS4JN47HSAM,1,3
A1FZSRVG6K6SQ9,4,12
A1X1CV5GAQKAF4,3,9
A1UK3QRLG2O2VY,1,3
ACXICEH96QCZR,3,9
A2AMVV7H1UDLEK,1755,7066
A2TUZFW30D6HUM,5,19
A58GRCJUVPQPZ,1,3
AJA20XE1WO09E,1755,7040
A18CI61O1JYF34,813,2469
ANCOGPLHH9UJX,2,6
A2BZ16RKE13PKV,1755,7078
AIURVPCRAA9XM,20,60
A6OLPMJ9HH4IP,1756,7133
A3RWB0V2DMZY4J,25,78
A3Q1VMAPLER41A,1,3
A2B7H67RSAHHJ5,1,3
ANQH9LBGKAM3M,158,477
AQTORDEO8LMQZ,1,3
A121QRWXZIO6UP,6,18
A3B2PLCEGAXEKZ,4,12
AB8WRS0ROYMPB,1,3
A34GG1W5SF0GKI,2,6
A3B6MA5ND6YUAL,1,3
A2M6NRNRMAOOPW,791,2377
A1A1JCJAECSFY8,22,67
A33DQ2GV8NJHMR,2,6
A3LPCYM26JBVII,12,36
ADVA0WHB9C0QX,4,12
AOHKKUQS5EJV7,1,3
AQPRDDXNHUQE2,1878,7916
A2QWFK2CDU6C7Y,797,2404
A3HT0JHJ6JS6AW,1763,7327
A1JGH7L92J8TP4,45,143
AXUZTYEN1NARA,1755,7061
A16LITT1CCC0L3,1,3
A1O549RKO0DYYW,2,7
A22W36O658G4WN,1,3
AYLC3DN3GF7OC,2,6
A2S1TF4OD00K53,816,2491
AIOOCCLBD7P21,1755,7036
A2ELFR951JF6Q7,1755,7091
A3MX97BCWB73,1755,7022
A2LS7VAX91C0NP,1,3
A31399JAU1WVHY,13,40
A2JNZF0D25MB23,1,3
AC80ZOUCS0OSJ,2,6
AYNPZ1WWMW9YZ,4,12
A3G0EP7W1VPY2W,10,32
ASB69069E1ZR5,1755,7020
A196BKZQF3WXQN,52,183
A2WD1O13962HIE,5,15
A20S6XUW9RDN4Z,1755,7079
A3AOC9MGCPJSHW,1,3
A3RJMFAS2MC957,1757,7145
A2MZTGMCF9CJE5,31,98
AHSFICH1H2G5C,90,274
A38XDFGXD5WRNF,26,83
A1846N3S135S4U,34,104
A2OSGLPSH6OGKQ,795,2387
A3IXFDC1B7547L,1755,7096
AOI0ZOFNLCIAV,1,3
A2Y2I3DY1SHP2,1755,7030
A3KKTTJACRWL16,1759,7172
A2UBTX6FZE911H,1756,7095
A3VCR3ET7HX5FI,14,42
A3SPU7LMG7MEPL,93,281
AB8JKS38BK9P,887,2781
A2CKCZS62XOPHV,1,3
A285VIO8M8X3H6,3,9
A2EIEKV5UFDH0K,1755,7020
A3TWBW1B17R151,6,18
A2WGB63CVE2MDF,1,3
A2YHZ070NC9MTM,72,220
AUZABNB7J77JF,306,968
A2T6CX07PX8U0C,812,2464
AQ7E9EMS1OLY1,6,18
A1Q94LHUO6J6JE,3,9
AV434P6PYSTDS,1755,7030
AVHMS5YNQYB9E,1761,7254
AMVHB640PBAYA,6,19
A3XU9KCIN6MKO,7,21
A27OOME0MPQX6B,126,383
A7P4VCO9K63ZD,2,6
A7UICP3CGOFAM,791,2373
A15089WCUCMMHG,10,30
A5II29J0V20A1,1,4
A1V31AYFRO55AY,3,10
AXJSDY22J1GL8,130,407
A2QE0SVR1EXQWJ,852,2625
A3TZY1YBF8TEI4,102,380
A31XXC02HIDC4U,1755,7034
APR28OZA44OLN,1,3
AV53NNPS8STRN,1,3
ANNDFSFOLVMG7,1,3
A3SM4SYM7PF18O,1864,7800
A13YYR53R5K32S,1,3
A1U60YWP7VBS81,1,3
A20X4D99M0PBIK,12,36
AKE3WV0H3X8MM,9,27
A2ZIQMCW6QZAK0,1,3
A36KP6KBIR04A6,1756,7089
A1JCPZJEGOQOUX,7,22
AWOFTI8JMQ3XI,23,69
A3284J2C3MH,5,15
A1LOACNK0QV9T4,1,3
A3UN6U5EQF3656,15,45
AP2T1CTRYF3SV,1,3
A3IVANNYWUWEO9,4,12
A3UBBOZWKYG43S,1,3
A2331HY72712ND,1793,7524
A7R2QGXWBQC1E,791,2373
AUU7U5J26XVLE,3,9
AWARPF8KA54TK,1,3
A3ALNMWYB8EZ76,4,13
A9H908G2W1GLC,45,135
A3Q6G7PI9RLDAA,2,6
A3CMHEOPYU3PN0,798,2397
A1GYP6OUW7NNWQ,34,112
A2IDULA9MV4U7W,1,3
ABSNR1A7SIA9M,27,81
A31A61X045R9OP,1,3
A2J7YESU9T092X,2,6
A1TUGNW7KPHKKU,3,9
A19CXSUWE06YXE,1767,7408
A28P02ITAFGVPE,1755,7024
A22JVBYX3RHFJZ,7,22
A2F6GES1MBOFXS,23,69
A25I9B7QYC1MBF,1756,7060
A343UTEX6J7RDK,1755,7020
A3R1RV05Z1JO1,14,46
ANX5EWEO7Q42S,1755,7021
A2BK5M8IYNF7CV,1,3
A2TMUG0K4UIW4L,1,3
AMZDQEH9YFSX2,2,6
A1XBRSISBRDG9O,1755,7022
A3PSNKUZJM90RR,4,13
A1X21WXN184T7R,2,6
A2JZISQJYKJKU7,12,36
A1I0BA55D7MPOZ,791,2376
A359URJ81QWZX5,1,3
A2EXLSOSVYLPQ,63,194
AYT5LJWPFPTY3,7,21
A3IF2YOQW4386H,2,6
A32YJXJRQSKB3C,77,303
A18ZNO4XBG8B21,1755,7024
AZMBKWZI5JTBI,1755,7029
AL1NS43GYA2IL,2,6
A2YW3CGYNJC7P4,61,188
A2C62UKX0BO9RX,3,9
A25LYPYJMVST5V,1,3
A18XEF17NP30SA,4,12
A3TMM7FMK6KVFT,1,3
A6Q301KRUBBMF,1,3
A372X4QU0YYLSM,1,3
A2DXENZNO2JT4F,40,124
AUI1A3ARYFYV0,1,3
A1EQYR35KLTECN,1755,7085
A86YX52N3FZRP,20,60
A157E4X202RK5T,7,21
A172JIEF6MX2YG,972,3110
A33A4EQV0C0LNQ,37,111
A2W6NCOR92HZA0,65,195
A2WK0C8Z32WJS8,1,3
A12LPHBVBSOEDO,213,655
A2ZGBCQPF5Q17N,1777,7258
A1PKIPULDYGETL,2,6
A1OVZJISYRVAXU,11,33
A5CT8ORLO9SFP,20,61
A3AM1RGTHSUJ3M,2,7
A26F5K1A6I91P7,78,234
AJKELS5HDV5B3,5,15
ADRAB7F3AI7OL,17,53
A3JTMCUG228GQO,1755,7021
A3TCU8VE8HT0GR,1,3
A3O3D543SRPG68,3,9
AZR4BP77GZD5S,29,88
AFEZCSFC8NZ3R,815,2459
A1YUSKPLO9K9GY,1755,7021
A3TOP2R1UNOMUX,17,52
A1RGF9CS1V8O14,2,6
A1C08I89EQZF3J,40,120
A1EW7VDXZM4K8F,1,3
A20RZRV9KV6AWB,2,7
AHNVJCW11KNOE,2,6
AX501M521FLZR,1755,7027
A2ZEPR51E41AE,12,36
A2H9XIIZTDE806,1831,7732
A1WE8J564W037Z,54,166
A1ATWCLAI3X5S3,1,3
A3C8O933Q8TVXP,30,90
AKGY8D4J1TIAX,3,9
AWLI0N5IQFOB5,1,3
A1C666MXUKA0O3,2,6
A3RPDN9247BQHK,7,21
A3Q8L0RJHSWJ64,3,9
A3MLBV0NSFQLR3,144,444
A1D6AXOU5N7WBG,808,2460
A1FRZIPUTV5I43,1755,7038
A3LVMQC1H8P7T1,1,3
A1DSD27BCHP8PK,6,18
A2ZQIJBCH56DPN,2,6
A3HXTIXIG8URQ9,8,29
A20UTMVH2IIY8Z,1,3
A366KI7MHAVD2C,170,601
A2QLN0TVXRST8S,2,6
A2VWZS9585CJFO,16,49
AKNZV07EO9CEO,1,3
A5J23FQGAABVD,1756,7133
A31NZ74EMYQ003,165,498
AWURVAKSB9SPZ,1,3
A5Z0J13LITOTK,815,2482
A2GECBCHAXQB5A,798,2403
A7CN7OR0X715S,3,9
A1KV25KMMP38PM,3,9
AJ8VB1W6WYHDV,2,6
A10Y0OCRZ7JTF7,3,12
A2FY8F1K56TSVK,68,206
A1WPNL28VXCQI2,96,307
A2GVH4P25TXN8M,890,2808
A29Z035QVM4C96,1755,7021
ARGEFZSFZA66S,1,3
A3MFSZGOQJIAO2,27,81
A3NI8JZCL7BZMC,10,30
A2HA4CFQ9N6UHE,1755,7138
ANWB7D10LPJFU,3,9
A1QDSJZQWJZOL1,1755,7051
A1I03U4JWPU8KS,4,12
A2053ZJUGCKUA5,1137,3727
A3P11FB9FXALA9,2,6
A24BD8O5V40EG8,35,108
AZY9N5Z3X0K4U,9,27
A2RX3GX4831OR9,823,2504
AVP5CCREISHVX,24,72
A3SPIQM0W5EOVH,26,78
AIH5FAYUIRS7G,1,3
A17V6IWPTMUXXY,16,48
A1AJVEBU3Y8GB,2,6
AXJTVWTM2F4ON,1,3
A3FZ58DD1GTKRF,1767,7229
A1E5WXNTI7EO2A,3,9
A2YADCVMI9PUN0,1755,7020
A1884G4GSOP4P9,368,1176
A3N6GC5Q080PBY,5,15
A1ESKGW3USSKUP,881,2760
A2C8UUP17EASRL,4,12
A2P9SK7HGONAF,107,329
A1S61NP1OTLGKJ,6,18
A3LWU4NL6J60DX,1755,7025
A1TE956BJE3CPF,904,2853
A3BEHBGGXQ7LM0,4,15
A2BTQQ55QOLKSX,1755,7126
A29QF0F853ALNL,1,3
ARQH8XQAFRS2Z,21,65
A22HVBE9S3T3N8,13,40
A237O5X7WIQ3OE,9,30
A2CMXQJ13CYTBL,6,19
ATZCRPINM5F87,645,2150
A19WXFFQMKES6O,683,2267
A27H0T39U3FZB5,2,8
APK2Y1UYY8JG3,15,47
A2T8DQAOX2GKTC,2,7
A37U4HM0UG7FQ0,1,3
A2UC22ZV3L9U25,1755,7028
A3K2KC82QDZIR4,9,29
A23EQ5IQ1YA9GI,7,21
A38OALEV2STL12,1,3
AUD4ILFBD3ATV,12,38
AE9B76IX6SPTZ,19,58
AW95D2E7N9JLJ,1755,7052
A203N894888ZKD,27,81
A1I5XZ15PNZ5OQ,1755,7187
A3BQ60E2XKHDU8,1,4
A1V7MSK2JZ9BOY,827,2517
A3JHNOJAIX0J75,1755,7023
A3NWZBM8RG70YJ,11,33
AOU31GHST1IXG,1,3
A33PVCHCQ2BTN0,792,2379
A2BNA5RRCNOCWC,9,27
A1SFHS9V0GKYTX,1,3
A3YJ1HDE2U7BE,1,3
A1SM3YUTM0C135,16,49
A17AKNLE44QR7G,1755,7042
A1GLHELD1FUJ66,4,12
A3EK2KTYHJCPB9,1755,7120
AIT11VB0JF8KW,1794,7306
A2A039TZMZHH9Y,28,87
A2RIQKV4OOXME1,1755,7068
A2WVF9ZQ068DN0,1,3
A1B6IRUICQF283,109,331
A18ZYBZLR66IWK,7,25
AHE4RU04NVDHR,40,124
A7B00PC0GHR8O,3,9
A3DNL4U0UPLYL9,30,90
A16KZJQ1S8FO25,1755,7091
A2IDOKLAT1MP8X,4,12
A1R1Q6MQEQVTKL,1,3
A1L6Y2IWLRV4ST,2,6
ADESKKEIUWZKP,2,6
A2ERQ48Z1YTRGF,3,9
A2P1MQQCU2R5MW,30,92
A2TXP1ZTD6FMBK,6,18
A30ZVWZ0TZI5EC,1,3
A20WOIO9VCUDAW,1,3
AI2C78Y29TP9H,1,3
A3HZ4AWQCFX5BA,4,12
AB0FQ4QF3AHIV,1755,7369
A2TX25YHGVWZ6C,23,69
A3FMIU3N4UNO9V,23,69
A17CREJMRUEE8N,1755,7143
A1XEX009ZR6WXG,629,2140
A2EGE911HYQWJH,10,30
A10ZB2W51W7DD4,9,48
A3FCOW9FUPEGCT,13,41
A180V1LL4P8GRF,153,473
A288LG9VPPHD72,2,6
ATW6XUYO6U29J,154,465
A1MV8LXEXO8EWC,12,37
A2YNY7ZM88KSMC,6,18
A19R0WEVVAVTLN,32,100
A3L8R3IYOK8FD0,5,16
A14K7OOWZJ4ZK3,8,24
A3290TK63UWAFD,3,9
ATETICUIDJG4N,6,18
A2KLU6V93UH64H,146,440
A2E5YQ7ST1P0G,795,2399
A3S0CA3GLR27BY,8,24
A3JE8R4VJ7IA7S,1,3
A2JQ0V3AQ0X1KA,62,187
A2W08J824HSATB,6,18
AUW2LJYT2EZC4,1,3
A2FNOZBDE1G7JL,13,39
A1VI6GLH6B9J2W,1,3
A1ER6QMTE1WIMX,1767,7115
A3GP3Q66MTM8KV,1,3
ACXUVW6BIHU6C,7,21
A1ND97E15OTCYQ,1757,7384
A2X4QC5XR4ATV5,9,27
A1BUWHX1PSY93O,29,89
AMB99KNV1DTFN,1756,7113
AUAA0RMT1M82X,7,21
A32264FNDHOH3Q,6,18
A2WWCX2C2T8IFG,2,6
A27A38W7VWEN1P,1755,7032
A134J0S1HWE4F7,1775,7298
A2AEC3L3IV2Y4D,9,28
A6OYMOZ5KCCFW,9,27
AHJBOC8Y3JLQY,1,3
A398DR8BFG2G8I,1755,7025
A1H6MKRB6VZUJC,70,213
A3MHGA6BJJ7P27,2,8
AV8XULT29Q79F,2,6
A22DUMM0QCNWN3,2,6
A34O0KQV4QXWNQ,1934,8181
A1SM1QQF9HG5J7,6,18
A2FUS8Z6FY35UZ,1755,7042
AYLA05921QGQM,1755,7058
A34YSW1ZKKJ69M,35,105
A1H88Z6YH29DN3,2,6
A193BXDL1DN4X4,821,2500
A63VWDEA1Y22D,9,28
A17Z34P6MAJHLX,165,502
A2QDOJFFLFGF18,12,43
A1RZPCQOHTYSA5,1755,7096
A26V27VEMTJ3T6,839,2576
A1VFUMY02HJIFY,602,1987
A35XH3958HHDS8,1755,7050
A3VBP81OWZINEO,7,21
A2XSWF2AJSXQZB,45,137
A3RW697Y2EZWUL,6,18
A13M85SR6Z8FK1,1,3
AIPEIXT55NWQ9,1,3
A1OZRXDHAQ6KKW,3,9
AYS8Z7PZBTLKY,1759,7195
APU9G7C0360K0,1,3
A1EHZM7UZZVZZC,11,34
A1OEM2QI5NTF86,2,6
AXJM6VT3GBPUA,5,16
AF7COXQ2BBS83,18,54
A3UOA6F5JJX0EY,2,6
A1EVMSFNPGG881,2,6
A111IZJFKK5B7S,1755,7023
A2J7F4IVMLOCQ3,1755,7048
A1SPLK6ZZV13CJ,24,75
AAYQ7JBZX3WT1,2,6
A304WZDZG5ELVQ,802,2410
AHUT55E980RDR,4,13
A2AGBWO2EZKD5F,1,3
A2UJS97SM9ETU6,3,9
A1L2DDTXFMPZ81,1,3
AB4F1P8KLKPSY,22,66
AWY308ST6QBNK,469,1578
A2VGKXRFIYA6M9,1,3
A1RITRNG1FJ71L,3,9
A2BNWRRADDBSVO,9,27
A1T8MHF02O7KAT,2,6
A2L14N3LZXF4OT,6,18
A31SED127P342E,1,3
A3NHUQ33CFH3VM,1,3
A3IKUJ4BZS94MF,1755,7113
A2IP76AO1K7EUE,1912,8024
A29IZ5UHFZWVY,11,34
A87RVKRN8WW9G,1755,7032
A32918SASHEJTD,1,3
A3SCHFWWFIUGHH,1,3
A3882FOERZ3XT4,16,48
A1UKMEC156SHOD,1,3
A3MRE14TN52RON,12,36
A20W0OF27L532Z,9,29
A1YR5Q15B954AE,1,3
A2SIU5YE5W0PWB,4,12
A1YCUWBZQGGW19,1,3
A30J7WQV0ZNRXG,904,2819
A3LKX142133ORF,1,3
AVOFQL8D5NLUO,173,538
AH42H8XU035E5,121,389
A105LPHPLHLFS8,25,75
A35P0LNBJ0WUPL,1,3
A3BEUPY97XLUZZ,2,6
A21U2CZHHWYWAH,6,19
A2F4T30CPV56IY,27,87
A2M0K849FVWZ64,15,45
A355HGZDEPHHC5,143,437
A2FC9LNES7BVOJ,1822,7629
AZIXKTODL70XF,1760,7083
A1HEUTUX1RM77Y,22,66
A1MEAZ8NACX3US,1755,7035
A1BXAGW8LO4HIP,7,22
A17SLR18TUMULM,37,120
A2WONN1XWKCTKC,1755,7022
A3ISL6UR3PY4U0,1755,7046
A3O0OUMNZLM3RX,3,9
A2LXUJEL34UN3C,6,18
A1J9GMJ6YBLQCH,25,76
A1WB9F7SLOFY0E,796,2390
A1Z9B058EL9P2E,15,46
A1TF1RFXUO7L3Q,7,25
A36N0EGNP3JKZO,4,12
AQ4DD40NVBCLK,4,12
A3G1LCYK05U6UY,3,10
AT1TVECV2SV6Z,1757,7076
A2KSSX2D0H9UVB,1,3
A2JSH6MZ9BOVJ2,796,2389
A1H8E260DX34WY,7,21
A3GM7ELHWU8JZ,15,45
A35MNKWJ98YZBJ,3,9
A3S42M251DR675,2,6
A3M283U263KNSF,6,18
A170ENVHGBORO4,1,3
A1MUOYSZ3RQI51,1,3
A2GDLPZ2FW3XHF,2,6
A1VYH9QJ1SVQPF,3,9
A33CK3ZDO2LXFW,53,162
AH2HPZMJ52MFB,919,2913
A2A7QA5YMPIU3C,42,128
A1179RZON69VSO,5,15
A2M519V1URDFSP,1773,7166
A3JH3ENEE9CNDF,2,6
A2QPY6M3MLYXV3,23,71
A2TPHRHKAX1B95,2,7
AXQNVBWLW3FYJ,4,13
A3U2U1YEX65W4Z,2,6
A1OD6ZYPIKZECD,3,9
A15N5RY4YGRQRQ,19,59
AZV26LP92E6WU,7,22
A3PWCTBNFTVV1T,1755,7064
A37OVPGH6MB7FQ,1,3
A2NJ77Q4UHWA8X,1,3
A2LZB5MD85PD1,1,3
A2OJCOJNWNI3E2,1,3
A3QVALQO47X1P3,2,6
A21QQF1HYAVTOA,5,15
A2OOYE3SMU31VN,6,18
A3PUJG5B95J57R,2,6
A3TTWOMTTXOJQV,2,6
A1VLHVDN2CV6ZI,2,6
A2VWNZNFV8QCP0,1760,7149
AI0DKIGQAMYY0,6,18
A3P1R0OA5RME2C,32,97
A3AEIHUGISZYTI,87,268
ADR49BICLSB6H,2,6
A1Z3HLVUUAFUIA,1755,7024
A12XBVCMSO5PYU,1755,7040
A76900N5GWLSW,1,3
A3VIL7RBQRFU0Y,1,3
A6RAE5TYTBT8I,4,12
A3KZU4G4DBRG5C,2,6
A24BTZFQLHKMB4,9,27
A1VJGL1HLBKMBJ,230,712
A1HZ2NT0R29PB5,1,3
A356RFKNIG043B,2,6
A1LAFN8DXQA3ZV,6,18
A2SJ4JD3A38NGA,1,3
A16OMUJVUISSH3,170,512
A3JRNOASKQIMS0,6,18
A7QLLZCCK6S30,4,12
A3G1918E5FOZZC,1755,7169
AUOX139TN76JN,3,9
A2MNFGA7OT4NAL,1756,7105
A7V6P2MQOZM16,60,182
A1HVON19W5U052,4,12
A1578RKG0PXIGN,8,26
A303DUI77NOSRQ,6,19
A2UI15ROJS70D,1755,7061
A1ZK2TM7OR9YMN,1,3
A1ANF56CEG5DOO,791,2373
A33FNWMBELAMI1,2,6
A2UU1WVWM96SHZ,3,9
A31AHJX4E57NAS,2,6
A1RFIGL9T30UID,792,2378
A1SI02WU05N9VK,10,30
A2X8NKJ6OVUNTD,4,12
A24PD9SRGNVSLU,1,3
AU9SHT1YYHHAM,1799,7543
A34I1GG8VWU1L,791,2373
A3Q2QBY0D5COY0,1,3
A7BQF2Y5QBIC0,7,22
A9PB8UZD34WEE,1,3
A1DJ1OA62A4Q4Z,9,27
A16KL6CSW69KLS,2,6
A2RRRQ820CIAIW,2,6
AM2CHN388SNU5,52,156
A2D7O96S6X6I38,7,22
A1E5J4F0MXR5N2,2,6
A1PXLU6F2AIZY8,1,3
A1LUYZ200XV7FY,84,259
A2SRECVO4OVELP,1771,7225
A1VHIAZFAJDH3L,1,3
A30PBDO49U6FZ0,3,9
A2EZT8TUIMSQL4,1,3
A3HEPYV00SNCQA,895,2820
A38IM6LL11AS1O,2,6
A3FX12GISECPBF,3,9
A3P3J8X568DXW,13,39
A24IJK58P4YMI5,1,3
A40BEWU748YYI,2,6
A6A6AR0XGSTXB,6,18
APZB58E43OOS1,4,12
APWN0JBMHI29W,4,12
ACUPQT38RVO0U,1,3
A27ODJ83DBVQCA,2,6
A2XSGZ2F28UT6H,1,3
A1UB4CUMGYVD3J,1755,7077
A37ZTPLK7GGYQN,1,3
AOSY7YFDH9LF5,91,279
AA6S609UEIVA7,37,113
A2AZNTWUFV1EHW,10,31
A35KTOLHZZGO1V,7,22
A712TJ5820FAY,15,45
A1P57AFAUSOTQV,793,2380
A374Q0N3OJZ967,1757,7101
AAOP2OJHJ0SGT,2,6
A1UKTV3U8X6BQT,1,3
A2G0CAKJD3RD4S,2531,9534
A11Z0XYD3G9TLQ,2,6
AE94DP47MZX44,5,15
A2IOLLEW59GC37,2,6
A1EVDNH8NNG1QB,1,3
A1WRLSE5BXEMM0,1,3
A3CJ4CAHY693R3,1,3
ACKBEBTATVAJ2,8,25
A2B5LSF5V85SZA,229,703
A39ULQA7HZY19X,15,45
AYEFRDHE8GUE0,25,75
A2OLVL44L2NAUQ,1755,7021
A28P7V9KI7MXP,4,12
ASPIUI7E73CSV,2,6
A3A28JEUM93YFS,32,96
A2X3UAK5HLALMJ,3,9
A37KPTFRDAUFGW,1,4
A19XNSOE3GP0MM,7,22
AKHZ0N803ATR,1755,7024
ANW0PISS3WL0,24,72
A3LSEIG2PIJYBL,2,7
A1VS59ZS12FPD8,23,70
A39YNP8NH9JP6,854,2630
A1FT4LYT7TBA53,1755,7040
A3L9B59JBWL742,2,6
ADXA8XY9ORDNN,26,78
A181TX53X07ECR,3,9
A3NA71XAQ9G43J,1805,7578
AD2YS0MZSE9TH,2,6
A3VZCFK1XNDRVC,2,6
A3AOW8SXGBQ1PK,1755,7032
ALE83NGGYQ3C0,1,3
AREHEVC8J64QA,2,6
A2W2IIDQKCZ1FJ,1,3
AYA9HKSX0SGFW,1,3
A2NW8OWQ70Z9F2,1,3
A2WHEEBXSTNHLG,163,524
A2999XTT82JUNA,2,6
A1ZFP26WQGAVP3,18,56
A3ST7GB6O645O0,1,3
A359TXGMV4W36S,1755,7087
A1XVZD7K5OK0S,2,6
A3BJDNB23HCAT7,1,3
A11B7CX9AER4V5,2,6
A3NKV30HNK25VI,1,3
A2VGUWQIMYX7SU,69,220
A1F20UQ2N5ALWH,2,7
A23ZNG3MW8SAMC,5,15
A17VPFDN3XWJXU,4,12
ABUKLV29MQBJU,2,6
AAJF2CFMXN6EX,1,3
APQTAELJ74I07,7,21
A3OKWJ2E8RPTZM,114,356
A19HLKVPRTH3J2,1,3
AD6FULWPPOJ3R,1,3
A3B1GVZKUY3352,25,78
A2VXM1WTS38M81,837,2626
A355FIC6KCLKVJ,2,6
A3APM1BT7Y2HP9,35,107
AGZHBGXO8LPFE,103,323
A3V11B75SL8D7T,4,12
AJJVBDE01PU30,11,33
A156Q7ZXPTYOS,10,30
A3GDSLQLZFGOCL,9,29
A3V4LVMXG8MBFO,7,21
AHRQSXF5FO8VH,1755,7020
A1JL391Z46CMX9,1866,7805
A1PH6WENVX6TEF,804,2448
AM2GQ6SQ1RZVQ,1755,7062
ANHFPMGQN45PF,1,3
A3775OP5VTX5ON,23,72
A25TF80HE30SHZ,1,3
AXXYMIJBD0J9G,9,28
A2H7OE1TTLK3P4,8,24
A3SPO0B0VPJIW6,1755,7022
A3RQZOOAB7QK6N,1,3
A1IU7S4HCK1XK0,25,81
A2YFKDWVRMP7LV,3,9
AGI7NYIV0V485,34,103
AFUWLYS8IUBX2,1,4
A38DIZMM5YIH24,1756,7236
A2Y0RKGOY7PYMC,16,49
AI47MOTX6F1BN,1,3
A2JSZ6BPYSJV7E,3,9
A3J1ZTNBRBOWCI,2,6
A1DO0O3LTM0FN2,808,2439
A2WJJ7IFKKNCUT,1755,7021
A3F25M0B5NKQY3,3,9
A7OAAZPLNSMXJ,4,12
A3QOOH3FSOJGNM,1,4
A3FSWT60MFE363,24,77
A29H50XDIFEHP6,3,9
A3L0T222X3822S,35,124
A1DSL2KN69DBJ2,13,40
A31UEB0NDFEM8M,2043,8678
AQF9SUSSHENQL,309,1020
APEH39JAQ6GOZ,2,7
ACSJ5X37LIDWY,3,9
A2OH8LUNEOKL5D,1755,7096
A9YGQWSTAVGYD,3,9
AG6S7PAIHKYJO,1,3
A1CL807EOUPVP1,1789,7395
A53Q089DICPBJ,1,3
A26W2IBVDNPRR7,860,2653
A1IYW63ZV9E8YK,901,2802
A23824RXPHOIRL,120,376
A1ULWWSHE6I1AC,1755,7032
A7FSUAON4H2DJ,825,2543
A3PW39CSGV8D6O,12,36
AQPMFG4TPGD6U,8,24
A1SADS66G50D5T,828,2526
A3BJKV6CI3E1YD,2,6
A32FHEFS04SLJM,1,3
ALAREH88XBROT,1755,7033
A3J1M5WTA3ST77,19,58
A2BNAS9P6G1RNG,1,3
A3ADZZX4JP49Q2,1755,7020
A3KTBZQ9G1Y91T,9,27
A326AB85AQ18G2,1,3
A2X2GEABQXRX7P,1761,7236
A3O3JHQKVJ866Q,1755,7023
A1P42OZ1MCNAHE,3,9
A7O84T8MC6IV0,2953,11758
A1D098MTZUFS6J,5,15
A18UQXZPRFCC4A,1755,7040
A1TK4XFTTADNPY,26,78
A1DHPJCK7U9PE,2,6
A9JZUKMQGHDXO,20,62
A1G60ANYI0HMEU,150,463
A2MMZDN78HRJPB,7,21
A3H4S6YO9VNGDZ,1817,7581
AK0PGQ7P2PRTD,9,27
AC6LV5D2RKTIR,2,6
A15VP5U4S7M3MS,6,18
A2MYTYWPWUSUR2,1,3
A1OEOEY13LB1GS,2,6
AK7DHMSUQFB09,10,30
ABDOD1OMIFC33,1,3
A23C5OK3TSF8JV,1755,7025
A1IO6TD4Y3PYC5,33,106
A25WJCAP606YMP,17,54
A19LUDB9Q65Q8P,121,366
A2VDSOCION2574,22,67
A1RZJ4UCRTQR3Z,1,3
A1PW2YCNDYKU21,2,6
A2ZXDYXR8XU01Z,202,629
A3EZFFPVS34AMO,138,436
A1EFXXRDV40C4E,1,4
AV8L5GR1PJ94E,4,12
A3KQ9UD5QIXFIM,4,12
A2KH8WLAF5J2OM,2,6
A26T5GC7S7FGBJ,62,200
AKFKYMTURXT3,28,84
A1H1K697G49Y0S,4,12
A3N7D9QJP8URGD,803,2430
A2NJ0S1QGO151O,2,6
A2MBRGW3RV8OS8,3,9
ATJ67JCXK1TO8,107,328
A22OGCUSPAVBXE,1,3
A13OREDXSGMA6L,1,3
A6ISZ3VRD1UQV,8,24
A3KLA39CHK9JHV,95,295
AC7CAZDG8OJ8A,54,167
A23FRR1X1VVPZD,37,111
A308UAD6QQ0X0O,9,27
A2V5LGFLUOQAQZ,1,3
A2I3P3G1NGUWVZ,3,9
A6SUICVUJDNFN,833,2552
ADJZ6FIM2VKAF,1,3
AODMTZS7BA9Z2,11,33
A1ZE3EJJF4PNFL,3,9
A2TN1E5EI3ME7Y,7,21
AJ10WYDQ3LYYY,8,24
AE7VJLOU6EPNX,1,3
AC8ES13DDKJDW,110,337
A2Y2528MJN54QG,7,21
A2MWWGX2QVRJV4,2,6
A34AJKMVLJCOSI,3,9
A3PAHJSTE26J5F,1,3
AL5M44H4HTECH,9,27
A1N32UJP6PF4WT,1755,7076
AYT0LNAZIFGF0,6,19
A2744KNJHWVXMZ,3,9
A3D40SCHV9KDZC,2,6
A1RY1HSWNYGHWG,1,3
AOZBVGFIUY44X,34,110
A3TBODJ58FX5K8,1,3
A2XB6H3CASL6U8,2,6
A2833E1C24ZZZQ,826,2517
A3JNBF3QJOZ5ZK,1755,7183
A1A2BZKU9QK20P,2,7
A1R53AIIG40UBJ,17,56
A33L029G3FD0LE,3,9
A35VGGN9Y25TK7,807,2453
A341MR306CXLM7,42,139
A22NT22OD2GEMJ,1,3
A2MVPY9XVYST9H,1762,7185
A36WBC9SD9EAH9,3,9
A2X5AES7BBPT03,1,3
A3U5OIPQEZ3RTH,3,9
A3UUKD59S7KQZD,1,3
AJT7ZMAEV6UBJ,1,3
AGBT0RA0OTQXY,1755,7033
A25YBR47H2N6Q8,3,9
A10NBZFUP9YI6L,1,3
A3LLJ18PUW1UK4,3,9
A387D4T4SOIVE,1,3
A85AEQ5VYH8LT,39,119
A1S0EMQG59D5JF,3,9
A2WA5CY7NZ85F5,800,2410
A3RO32IV9JZ2LE,4,12
AKOZ8W8SEWL1Y,16,49
AZUI1DGEC9OKL,2,6
A3P17MQ430O9YS,1,3
AWYE18GDJZQHX,2,6
A2YGKULKKWI3G4,1,3
A1ADINAPWGQXD6,1755,7021
A3431QBQUUNV7I,1,3
A1JBCHYKA38D9A,1,3
A3OBWTS31P8LUC,17,51
A54S9CIUV5VNB,28,88
A9JOWJVIASFJT,10,30
AOKYNALU2WJGC,7,21
A14NTU2PVMD1YO,2,6
A3GLWRSACFS3WT,1,3
A3GZ2D6NZ3EEN7,3,9
A3ASTWHC3Q8HFB,1755,7022
A3MO0PF73N181Z,1755,7086
A3DMRLRVT0KRTE,3,9
A10XTFKUDCJV0C,1,3
A3J11AXJ67LQH6,1755,7021
A2U102960ZL6IG,1755,7025
A77NUS66DRII,57,172
A1GDH2W80DQ0SY,3,9
A1296V4S1N420N,4,12
A22XZ5PBOOKO5X,1,3
A1J5HIF41ENSMZ,3,9
ABH0M42V3XGQG,1,3
A1IVXL7131OOIW,3,9
A1GOA6P1VGS4ZP,3,10
A2CWHZ8XMQN6X6,216,726
A3DUIPSERZX2TM,1,3
A1A73HOHWV16D0,1,3
AIPSUF99BQ17T,1,3
A1Y08MC0HVSXM3,197,666
A1Y7AHJOSB52Z5,5,16
A391WG6XP6DSMZ,3,9
A4LPHIMS0EIWX,9,27
AFHDEEH5ZNZ18,5,15
A2FXUGSZEX0KAZ,1,3
A17TPXJ2U4MJAB,1,3
A1N792O7IMNLZQ,1,3
A2OA8FB8J6QQQ8,3,9
A3EX32DC7KF0D4,1,3
A1DE59A1A0802B,3,9
A2AZYE2WWPLMPN,1,3
A25AECI7WXJU2M,1755,7024
A30EZDPNSOKBJW,5,15
A2R1KPHASN5U6,12,36
A2W3KJFYFHN1FA,1,3
AGY4CY49TUSA6,6,18
A1W5B3AM77UK19,24,72
A2PSD84TNCODEY,2,6
A2HUX6F77MBZVM,1,3
A42K51VH2STHV,1,3
A17SPEC8D1SX85,813,2480
A2PSCABNCJ8RCP,1755,7129
AAL2NT9EI0TKO,2,6
A301V4E9VSFAHV,1,3
A14KT9JQH718BF,1,3
A2HBVAGAGU54C0,2,7
A1YLP6AMCB7Z2,1,3
A2AA7PLBYNDIZL,1,3
AV2HVZ6BJG63Y,8,28
A3DLPIZ8RN0KHI,2,6
A2URL3Y4ZBBYC5,867,2687
A4NPXV3FB0CAM,34,102
ANVX0XNUXDW0V,5,15
A2G5CPH92CHCR1,1755,7111
A1S3SUZI4IDKA4,4,12
A2MM132K0TJJEH,15,47
A24Q14X9XXOMFC,7,25
A31FTKMF6B4HZR,4,12
AB52AAZQZ32RL,1,3
A23R1BMAR0NAKU,17,51
A1ODDEAACY2QTX,2,6
A17Z2XCTFZED0K,2,6
A1RGNMC8ZMHYS3,3,9
AF85M4FKIWJHQ,79,239
A17ZP5K8C0IJN9,1,3
A1IMAKYWT9CGP5,2516,9441
A1IUNUV8YDSMHU,848,2627
A880NG2ZUCJZG,12,37
AHKUIK32VIVDI,7,21
A7YZ3M9QA1THU,1,3
A4254PHBJAPL,3,9
A8WA6ZTKLSE2X,1755,7022
AOO3WZSMSJ4AW,1,3
A1ALZJVZZMHNWK,45,141
A1E4XWGURBR6IW,1755,7021
ADJJ4ORTZMCKW,1763,7148
A2XCPVV0CBE5EO,10,31
AUQ451HTYEEKI,6,18
A3KFWLU1RTIJS0,1,3
A5RJ7TM82RH0I,131,433
A1L0P1ZP5FD6EC,2,6
A3W4K27UFP85YG,857,2642
A20AZSZ7IB88CZ,1,3
AGVHXB8MC9BYT,5,16
A3EWG5C5KW5W9C,23,73
AU4LP53WL14TC,15,45
AGGAQLXPVGM5D,3,9
A3JDIJNRH0J75G,1755,7020
A2469KIUF5XRHT,1,4
A15UON6342H4YU,193,643
A1F4KCBVDP8S25,1760,7094
AA206FEV8DTVF,1,3
A3V8LM88C2H6KO,47,147
A1CN5BC1G0RW35,1,3
ASCOQL6HNN0OE,8,29
A33RQ9DETKGJ6T,5,16
A1HC2GJXN5DGVD,19,60
A1W1R1N8JDGRQ,1,3
A25CLQUI7BG77J,1,3
A44EAWDIYSKA9,1,4
A119J10N0ZEFOB,3,10
A134I8Y2OLUXTV,794,2390
A1RN3SONM845YK,1,3
A1YC9XEDFKXPLK,2,6
A2G0OV66SXUFFW,1,3
A1IAUUQ0PSXO0C,1755,7051
A3ONJFBA2I4OMX,226,700
ALYOJMNGHKUIM,1,3
A21W2SY45E68GF,43,131
A2BHR4FPZHNRJK,83,252
AXGRLB91IW86M,1756,7074
A3SJQDTXQAGH4Q,1,3
A31LT9CHWB9797,8,29
ALSZ9J1GPC1EC,1,3
A3JJUCA6K4P31H,1755,7050
A1E3DZVHF18NYI,802,2415
A21CRUTEAT9NE0,5,15
A3T0RTRECZPA8F,2,6
A35Q1DIH0N03XR,803,2429
ARPSRC3TKGB7T,73,230
AW8RJVACL4EO,841,2637
A19VW5SGHVIYKE,2,6
A3D5AQIC6OBA04,824,2497
A3TMFQU22GNMF2,2,6
A323RI4JJPLZDD,815,2479
A253E8R0786EE2,2,6
A26JU1A6K487Y9,2,7
A3RWY1LU8NN6BP,26,78
A32W9V1AEMT1VJ,14,45
AMDZ4OPGLL04O,19,57
ANAKK5KNUAP17,8,24
A30X2YTQN1ENGV,1,3
AH2F47XZ5L8NR,2,6
A2HR1EWTIG8FNR,8,24
ARUCOBODTOV3B,1,3
A3EZ3L6Y18QYY5,1,3
ATMQ3Z6J1PCIE,3,9
A2NYSDO4SQMGE8,360,1211
A17WYNW1GJQ4NX,1,3
A1A1FIF83M9L0,1,3
A1UEIAIRVH070I,19,58
AD87KKX9KZ6MU,4,12
A1UZE45M2PV336,1755,7020
ADE6T3T0I5ZTH,55,165
A3DVXIWIMH0BY9,2,6
A2VET003MCRZM2,2,6
APYFCWJE9J363,1,3
A20U2EYMLEEJJT,31,95
A2D6IKTQ6ET3MC,1,3
A82F9XMS3BTI6,1,3
A2I5NUL4389KYQ,6,19
A1T0CLFXA77001,102,382
A2YLNRM1YZNWWB,1,3
A38EKBRWNX6HN7,1,3
A98T7BK2LD4OY,16,51
A2FZ3ZKG7G51OF,1,3
A3VG7F7SZUK87S,1844,7737
A38CMZZULE2OZ6,3,9
A1YJIWBQOKBXJQ,107,342
A21WZ0YAMX0NLE,6,18
A39WHZ0BER1ODO,4,12
A2KRG0Q0BJNEQO,1755,7070
A1LDMAZ3C8Q907,42,133
A3TFO8CJVMFM41,2,6
A4Z0ZR26D3JLI,1,3
A3CRUBX75NJ752,7,21
A2SC67Z2ZT7TFP,4,12
AXP9CF1UTFRSU,111,337
A1XI56UNZDBW2M,54,183
AD5U3IBEBF2PJ,4,12
A3QROYGQTVTCHU,1,3
A14GJJGQ4ABRJS,1755,7059
A1TF8YM1TQXV41,3,9
A3CI38KCX6IQC7,4,12
A2FCEH4VOA71GU,198,610
A3LEPYVHA25L4U,2,6
A38X4EW9PW1Q11,4,12
ALB04NLERUCYC,27,85
A2WAN1EHHHJ3LB,1755,7075
A18MMPFIQZB0V1,1,3
A2THOONI312SCA,43,131
A227Z8KSKQ2RL7,2,6
A25OSAJMEQS64T,47,149
AX1Z5RQ1LWMM2,5,15
A3ICGAZW1AT8KL,44,133
A2UOGAL6FBK81P,1,3
A36IHC0K68NS2,5,17
A1EZR1UFTKEZYR,15,45
A1ZBIFSRM3ZQI5,1,3
A3CLZNJMBY7QQN,2,6
A1VZ0SF3WGAHIY,1,3
A3G0QV38IJ1CYA,832,2557
A1P1MA6KL9MATQ,805,2437
AIP0DJ9RO2EOO,6,18
A3OEBPVLF35YQL,7,22
A3TX0QT4ROZJ4C,2,6
ABWXUK4YXBM1O,2,6
A1N7D5XE62OYGM,10,31
AKZ2NQ7L1INUB,1,3
A32DLMQJRF8XJZ,3,9
A1Y2BG1GPW1VT6,6,19
A13ZMJGD5E6JAQ,10,31
A3RYQ9ST0XWQM,3,9
ACWPJ5THE45LP,2,6
A1AGDU3PLWM1O9,15,45
A2VLRWLFJ3WUGQ,123,384
A1P9886MIB7MFY,8,24
A1PBKBJZMQOH9D,16,48
A2G4W6HWIPCQL8,80,244
A1N2QI1JT5DNCH,1,3
A2TW5877VH8OUA,1,3
A1XFOUE7SOAR80,1,3
A2MKG8P7L2PPPB,2,6
A1OZKY9PFA4WQX,792,2387
A1YRYO2KX22SI,22,67
A2GA2DYYF8SAFR,1,3
A931ZZIVNMWBQ,4,12
A1S88XU6PWCTUD,1,3
A357PKCCTXAP41,9,27
A3M7POXEQC48ET,1765,7161
A3BTNDGN13I1HV,1,3
A2Y8GKEG1IY27Y,1755,7024
A1XEW6XJF7WQ8L,811,2455
A16KGPF21Y9AI5,4,13
A2G96RM6KZSOCX,9,27
A224SJ2ILYVE58,1,3
A1G5DBUEGGQ6VF,1,3
ANZO7QISPYLFI,12,36
A3ORKNPSSIWTR2,2,6
A5I7XOLQRH9YE,5,16
ACUGOV6HBWDXB,7,24
A33P2U40P7H9VO,1,3
A3QPS1Z87HETMK,1988,8362
A2WFD0YS0UA65N,7,22
A3UP9TBKZFDFYP,75,227
ACJAPPMNO5EQK,1,3
A2SNKWR5D203ZX,1,3
A23A1N8AWJ9SXR,6,18
A13A1XZXM15W8,1,3
A1WSDEHY4QAM1W,22,69
A2ASK253HI6TIV,5,15
A3QPN05Y1OUX32,65,198
A3O0W9SZVY17ZC,3,9
AHJ83JY98ZORA,1755,7099
A3RT58PU3R1PNV,1,3
AMAPWFGM82JUP,3,9
A12FR0IXTMWGEQ,6,18
A226W1IPJGK90F,6,19
A339B13IWVDEJO,1,3
A1HN8ZZB3WPNBR,2,6
AXVX3ABKZ96KW,1,3
A3IK1UXWMSWH0Y,1834,7676
ARF7AJMBETX6D,1,3
AFKX97YDFXI7T,1,3
AA1ZYCEKJGG3A,1,3
AH8X0LF30QV93,2,6
A3DSLEDDT4H63N,79,254
AG8QRIK4KD9DE,4,12
AFHGH83EKV89I,2,6
A9QL2B9E9J7WQ,4,12
A3O4ON0WZ149CK,1,3
A2JG2B56LK44X4,26,78
A2W7OKS9JVTEUP,2,6
ALY6M0HWSFCRT,1,3
A2WMOITOTO3IAL,1,3
A2H5ZRZ331AX0C,1,3
A3M9V4K41COYGM,4,12
AYOEBTKFV0G4X,1,3
A1HFGFWRZIRAVU,1,3
A1MWE1RTQ0XNT7,890,2800
A2LC1W8OP2JJ8U,7,21
A1PUMRIDHQSILW,1,3
AA7TYNUL6JZTN,846,2608
A2BD25C9ORMYEA,13,42
A2771TQ9KU1LYE,209,655
A12O5B8XNKNBOL,319,1060
AZXSSH7958FJJ,8,25
A1PZVX0KDK2KG1,1,3
A3CVEKNDKYUWDH,1,3
A3UC29EJF2ZQP5,4,12
A3EK3JLBKHYLPE,1755,7026
A3S1TZA1QOPW6E,2,6
A1ROGG4ETFQGAU,7,21
A9ETADFW6DJOR,88,267
A30M79KV9C0YMO,3,9
ATT81HS4W31ST,1,3
A2XFIIQWXEKZY3,1755,7368
A16713DIF8RDHX,1756,7220
A21X84NDGECSVQ,3,9
A1R5W4HI5H2HPZ,829,2537
AEXMWITYG6FSE,11,37
A3DOXGBWDJ1MU0,1,3
A1I0DOQDMK1D6N,2,7
A108HUP66E8SRO,8,25
A2HTLXMMQP6M0A,1755,7055
A2KRWA1IXMGSEC,200,612
A14JDMEHQJRR3T,278,864
A1NWILQFRXSMZ1,1755,7096
AMTQJ1ZZ58BO4,1756,7057
A2WNK08FHTEEY8,1755,7037
A22PHPGYYA86Y4,6,19
A2QEREYNEZMUR9,1898,7548
ALVKOFR0B1MN2,29,87
A31AR24QTTQXOW,1755,7098
A1UL3D75SM1AFS,4,12
A2J90XIHFTCEP5,1,3
A326XSEVJQITTJ,1755,7091
A262XB2L61G4O9,1,3
A1CNDQC2IXGEPN,46,139
A2P78FPD1IHOH9,1755,7070
A34QGH6PW5UPA2,1,3
A3LQHAWONSGNL7,80,246
A156EXU49TH6SY,1755,7021
A2RE49QWWK97PE,149,455
A3EH9SDPD1FGEA,22,68
AL1VQSEM0MGQB,181,622
A1V3XW5OOPRIGF,51,154
A1S2HV4HZKVY3G,2,7
A2PAI9DZHQNOVK,96,290
A1SWQGLHPH2LI6,12,41
A2ZUHWM3EGEAAE,1761,7138
A1VKC9AA9V7AUZ,2,6
A1BJXPKBDSSAEZ,821,2487
A3KJB7QGSKNVUZ,22,66
A1IX6L667M25GG,1,3
A3TC4AIVOAQH8S,1,3
A204JXQ3GK931Q,89,274
A1MBH187EO3IVB,311,1038
A2HF4RY9N1ESJ1,48,145
ALC8J131QYCOC,797,2400
A2NBG5RD1D2X7O,146,477
A39YI2DO6NQF8,3,10
A11CXXMFJD9SGI,2,6
A1F5HMIDLSR3EF,1763,7240
A3QARYK0SNMTI4,1,3
A1RNRMTHM4JOTL,3,9
AKT2VSLZHDD81,848,2618
A15BHBF0L0HV1F,37,117
A109JTUZXO61UY,44,134
A25LT5DQ5DVWPJ,1755,7032
A1LAGS8H4A2DR7,1756,7032
A32BY4BXZSITRP,1755,7074
A3EA7KGYC8LB0,9,27
ACILJ000WFG46,1755,7022
A2VAB2CTPQ2TJ,25,77
A3NM0RAYSL6PA8,1,3
A9MFKD0F3CEIX,2,6
A2NEIQVG7CJS9I,821,2487
A2IBIX1T3WSURY,1,3
AWV6B88T62ZSW,80,250
AJNOMHQA5VOO2,1755,7028
A1WHGNU87BGJ2S,28,89
A3C51RPXNDQQKU,2,6
A2SJ8LQ56TYCO1,1782,7504
A2IOG0V1AWFL6P,1,3
A4XWMOFB1HY04,25,79
A2DY2PGM3QE2YB,1,3
A1YL94O4OW0WMT,7,21
A2FS828UP7QI54,2,6
A19905T25YC7U9,1755,7022
A2XK20T3T2OFEQ,1,3
ARTBB42UUNITK,2,6
A1FOPOQ4YB4N5B,5,21
A1GKEPHEDJY26U,1,5
A169X5JMOCS25O,1,3
A39LUDK51511FG,842,2621
A3V55S4CPXKTYC,4,12
AIP3VYFBTKVBL,61,186
A1ZT8E9ZHINMCY,2,6
ABZXGTZF2O45A,2,6
AADA9H4AO2U1V,7,21
A2E5AM1UC0XK5E,2,6
AV8G6Q0XIL1WI,1,3
A2L6AK7QZMUL4K,1,3
A2CWGSQPDFQY49,1755,7020
A2GTHMHEZSJRY6,1,3
A1HU30NM5RYPWX,800,2410
A9SW9ZQE8NCJJ,5,17
A3MCC1FJF45FYC,853,2672
A33I674QPI0SKJ,1,3
A2LPPBCDIHKMN4,1,4
A1O3194NCSTI1U,11,33
AYLE8H0K73N8I,3,9
A1TYUXCY7VM723,1755,7109
A2RAXN1U6BSY8A,19,62
A3DA1W0A7SVAE3,24,73
ACXJSNO821XUG,180,551
A2LVSK9DBVYPC5,2,6
A3RNJUK4LQEORI,856,2639
A1Q4TEUBU1P02A,1755,7053
A3AU8SF9IMRUXK,793,2380
AYKQW3ZD8HFOB,4,12
A11CDGFLBK8SZD,34,105
A2I5WC0AVU14YU,2,6
A2JCXX65N1JTAX,1,3
A1CFO56I4C6W9X,1,3
AAT98X35S9XJ3,20,61
A197Z1UEL94DYS,2,6
A264SFEBV86R9H,794,2384
A3WLZSIQRHPVO,1,3
A25ZBYVW8ZINLM,202,627
A2NBW0BXFS5DGT,25,76
A3TZYKB4ZKZAI0,47,151
A3SDDMEUMCN858,98,320
A2BA0UBTFS4SF9,826,2517
A17J9KL7X1FE60,1,3
A1D3RS9BCVL6TX,1,3
A2XQUFYI5M5DJ8,1,3
A2XZFFK8O4VWCG,3,9
A1CC1PGSJK6C5R,1,3
AXVEDUS4B55PC,24,72
AKHWZ3S1UVZAO,801,2759
A1IB6T9ZD4N3YP,3,9
A380JWFKHJLKY7,18,54
A3M2WRDJ7MZ02O,6,18
AMJG32GZ88V75,1,3
A1YR0VH4PTJ3M3,31,100
A2WHAMBNMW7D9V,1,3
A2IWWL8AGT4SQR,1,3
A2A70C4O82ZYEG,17,54
A14GH1HUY3L3TK,36,108
A3A2RLME9VN9HP,1,3
A108XMMQ714KRQ,13,40
A2HYGTHB4LJ9FW,811,2443
A3HMUFMEAPQYOY,39,117
A1V49DJOK25J0R,13,39
A3FPQ1T9HYQX79,1756,7085
A2V97IMLS111G1,802,2408
AW5C12I4H66M,175,529
A1EP5E1O8HMHY,3,9
A3319L38T29OG3,11,33
A29D9K9SLMENS4,14,47
A1412BEZSDAQFA,8,25
A2JLC3N49OEOFP,9,28
A8YB3NLHSXPM8,4,14
A22ZVU4PBOYAUU,3,9
A2VM3BM2HZ1PSN,261,833
A2P6FQ92WRYDE6,2,6
A1CU7PD07KWYMG,5,15
A3AH0GODGPATLG,1755,7043
AGW4SR1USX8J0,6,18
A185GCU70XPQS8,5,15
A5LGWU3H8WQG1,88,270
A2LNK3F5LWNO8V,43,140
AB05CABMPM5Y9,11,34
A27BH8L4VLT00O,2,7
A3CZU96XCN565F,2,6
A26R8OHYY3F1VW,10,30
A2HTCOI1ENAEUK,873,2709
A2ZH6IKIRHH4C5,842,2587
A2YSBRBYSI0524,1,3
A196VU49UCIOQT,2,6
A10XQBLOU69ZAE,4,12
A1D4BKT08YAH2L,1,3
A1HMKM5OZ25J2D,130,397
A3G9836LYVXE7A,2192,9234
AA5OMFJQRQZZA,9,27
AZ7126QSVAP3Q,1755,7368
A20J4ECC7NPZ0W,1,3
A3QCNHXTSM5AY3,2,6
A2ZSD8WW1YWCD5,1855,7761
A26J5DSE9RQW13,155,466
A33MWPNHA1SLDW,2,6
A38R3JG3RVI1DW,1763,7404
AA91O96C1Z18W,4,12
A34UQQ1DPQ31IH,1,3
A2H9YDCBYWPOJ2,189,574
A1LN5XIIHQSFS6,1755,7062
A33P4GEN281K1Y,3,9
A1VK8LTKHZELGP,26,82
A3M9IQCYKB9NHR,1,3
A20L6NV2BE7UDU,259,795
AB7NYB6HD2M0M,1899,7672
A3O85NKPI23ZBH,6,18
A1EI797LPJMZ86,1,3
A97B36DDDNPSS,1,3
A1E7BCDAIRPU0V,1,3
A167QQ02BIYJ2M,6,18
A1KAT4MZ4MENHD,1,3
A19ZENXC0FDV4I,3,9
A124S6MYD45PIQ,3,9
A10VNP8EKLZ9NZ,3,9
ATPX9449GHZ7V,1755,7072
AGKM79EXVZHPL,1,3
AXXD3X8S4QY1N,110,338
A1UN1VBLJKU4OP,4,12
A1TY8YL2VT521A,4,12
AW9OCRIHFPV8U,22,72
A18RAGLJZM5GW8,2,6
A18MMME07XZLYO,2340,9826
AP31P2SUI71HI,1,3
A28YWPLIJ81364,3,9
A3UQKL2NH3Y23K,1756,7151
A2UVFQL7MAIMOI,6,20
A33X7QITSRW0UC,1,3
AWQPLHR8WJP6Q,3,9
A1FXZ8TMDOGI74,2,6
A1POPRH4GVFWGL,1,3
A3G007LQX6KGOD,3,10
A3ISA4BSWOQVBY,1755,7021
A2WDY3XDWDFNYG,62,190
AFJ5SKM0HAA5B,1,3
A3TTVWLIHLQPUW,1757,7190
A25O8JIQMMVOXR,37,114
A2RUAT36PLK5OS,1,3
A1AE4ALO8CXB97,12,36
A2OG101XQEVB65,5,15
A2NVJ1CHB9SSM9,6,18
A30OMDH831R3K3,1,3
A35KYGOA3Y717Q,5,15
A2XKN1NIBMT29N,159,477
AJGD0VSCUJUP5,295,990
A1G1V12YT9N0GQ,814,2454
AGX9PFO7K90DJ,9,28
A1NX6ENN9VUZ6T,1755,7181
A36WE97MSBZ9JB,1,3
A1N0UU2MGN3ZOY,1,3
A2RLH2V6QXQ6XJ,42,131
A18RKYR001MRJL,2,6
A2LI3VWWQGSZ0R,1,3
A1FP6Z585WR0B4,1,3
A8UJCO5CH0ZOS,1755,7053
AM5NHBNKA58NT,14,43
A1FP7N483KGDPH,16,51
A2EOHDTGMQ6EGS,1,3
APDW069J09OEL,816,2473
A36MKG6RCXY5BO,14,43
AATXK33K48V2C,1,3
AXUJFOFQZNTN,898,2784
A23IDU5HEI40YW,840,2595
A2EXFSVZ420665,4,12
A567ODIT1A23D,1755,7101
A1JBE8C5C8DXGG,3,9
A3DCGQA1HJW0CQ,209,633
A22V0PSHDGT1RA,835,2554
A2ZX49AREU85GO,14,43
AKENQYP00M2MI,1755,7035
A218LRP52XRA56,39,117
A3L0HAS0F362P2,1755,7040
A6SXGGDVQ1P7S,1,3
A16MEMKY1Z010S,1,3
A3CBZMAW9N09Y6,17,51
A3FJ1U963KSE8Y,1,3
A2HUIOJ6BKES30,1755,7033
A2F98YVALOBJB1,1,3
A2H3LDV2MF3FTV,2,6
A1RYA8HGMU7ZWW,5,15
A2CD3YKV5JE5M0,1,3
A3Q2Y6ALPWK5GP,6,19
ARI66D9G2JZUD,1755,7090
A151AZ87B36FWH,55,179
A27MY21JLR2UG8,2,6
A2YTU37LP6G8PS,2,6
A28K8A2V8E7GEI,2,6
A1JAMV8DNC9ODN,2,6
A1FS9S85ET36JH,22,66
A24473QD5ESROU,1,3
A2CMA3BR3PDKWZ,1,3
AASA4N91MXNRR,12,36
A3CK1AJ97STV3Z,6,18
A6FPC0ZL1FARW,1,3
A2VKJ8TYY3ZPVT,211,645
A3V681U83W7D8B,180,541
AARE83QEP7B69,1,3
A1SY0Z9JFG4YTQ,1,3
A3112HKXAIESBF,68,206
A1RYY1H555ZGUP,792,2376
A57LKGHRIDR1,19,59
AN438GZHSAJRU,10,32
A1I15EY2DOJRKY,1,3
AI9PZHPNTKPI,11,33
A3THSCRTQK3B8B,32,97
A3AGHEETVTCBQI,9,28
A2WQ8OMBCNHPIG,811,2463
AOERPZ83E5JR2,1,3
A9FUNOXTUIR3V,66,200
A2DIIDJ2DPCOGJ,1,3
A29XFJSY94UDBS,37,118
A155P5IQTB7JBV,1,3
ABPP6J9PWJ25O,36,109
A3JPP29FDBJE4X,3,11
A1JYM6BZQAKYPA,871,2716
A1B2Z34OOXFMEM,1,3
A3NBOI3RYN3EM5,7,21
A30GYUAWASSL49,1,3
A1IDKEATKYCQA1,32,96
A37MMM25W41JI3,218,670
A38UWWX44Y5UYB,204,616
A2PP79F6VJQIXH,1,3
A3KZ78JOF9NTK2,1755,7046
A2D0CM6SAMN31R,31,101
AROOYR32BS1VL,43,137
A1XJPHP9UVM2WB,839,2574
A1OV2BH2S11KBA,1899,8036
A1KVAXQ11M6565,4,12
A3WV27OQ6M808,1,3
A3SH1JSN2EJF7V,1,3
A3KBXTKSNLZA04,2,6
AN9K65IL7OAAJ,293,930
A1N4PW6FTMBUSQ,3,10
A3ESKYJUKSHTBV,24,72
AWV58YYFEAUL0,11,34
A3L3280O3ZITN4,1755,7023
A2UEANNQ8NGWYM,827,2524
A2472QMGU9CIGA,15,48
A2EUBS889ZMCC9,7,22
A24ZWSOUJ0959N,1801,7469
A2ABN89NUWRQNZ,5,15
A3HNKTVQO3B037,127,407
A2PD27UKAD3Q00,969,3019
A1JJ61UV88EAP5,327,1042
AH4FVWUM207H7,1755,7031
AZCP5P3BARLS5,7,21
A1CYFV9SHRP2HZ,2,6
A540UBR3ZJJDN,793,2388
A1MTUAV0SZNB9B,2,6
A2LVPF4L26IE63,1,3
A3RDQG0LZRGWAZ,1,3
A3M3H0YDJDRJDE,4,12
AQ0DQFCCQHVP2,70,219
A14JEYOVZ10201,1755,7029
AOUBZC40OA26Q,2,6
A167RWG02GMUST,8,24
AQ8DIFLAIQMU2,1755,7096
A1G283VZKDOT5R,1,3
A3J18JGIR0AG8K,1,3
A1GUHIMGFE362L,4,12
A2VDN3D7NT402O,1,3
A2PD47VTVJ57M9,1,3
A1FK7SAYDEVSRV,19,65
A2YR1GTIPUANDE,24,73
AM4IWX9SR1CAM,1755,7026
A2MT2Q88EXJQYK,822,2497
A1KO6FM2PGCYC8,21,64
A18A49Q0UIGAXK,2,6
A19OZ4NJNROSP7,827,2524
A1293WNF15FORT,35,115
A34LQ791ACZ0JC,16,50
A3002D1G9NO5LB,1755,7020
A1Y33FVBMTMR2E,3,9
A3HEYQ553022R2,1757,7111
A3SZZ0BZT0FR7W,20,61
A31TS3W6TWKWYL,1755,7091
A3M9LC67GFSC8W,1,3
A1CMCP7UXP315D,3,9
A1H3910HQG6UZO,2,6
A27HE6V9AIKLVR,1,3
AOY4H7N545OPW,3,9
A82MYSQOUS6D4,813,2479
A2L3NRJDDCPX3R,1755,7023
AQYY5HKJVFQX0,1755,7020
APTA3KSEUILVA,3,9
A3H4FCMNBYS09K,7,21
A5JC41VQDJVU0,1755,7113
A1KHMRIGJQFKAO,2,6
AMUWZ8IGX7LVQ,3,10
ANCQ0UD096BIT,2,6
A9ZDW8JBHT8NY,3,9
A395KIEUTBTZ1E,11,33
A1YF2SELVFEP9Q,5,15
A3KKY9LTCQG2J5,7,21
A34RREBRPJHX67,3,9
A216VDO5BCPX4X,8,24
A2IVOHP53I4WMK,1755,7034
A33BT97G9017HI,2,6
A3DOG3PQ6UT7XT,1,3
A1NQQ7UEUDSTNM,11,34
A2HBG467YR7RB9,1777,7280
A4EHERIU8C2JY,1755,7053
AJYQIHO1BA6K9,1,3
AA94XMK9KSOEV,2,6
A2EMIXR6H3YCFG,1755,7024
A1NRNLEASOU773,12,38
A26N51RQPZSESI,7,24
A1HLQB1K9BI545,34,105
A19WHHG878MD52,6,19
AMOK09G212YIX,74,225
A3SLFYTQGLL9AS,2,6
A34WWAV2HBC9NM,1755,7104
A1VPXUCG6VGIXM,1,3
A3D1PLNVDJF45E,18,55
A2PC7AKQHCPNSH,52,159
A11Y478PJDW2QV,2,6
A1N9JFU9O7N7XN,5,15
A299FY7F9K422S,3,9
A3RCJDG26PLNTZ,5,16
A12ET1WO3OAVU7,13,41
A1XT5PFGCZWWR1,27,88
AZ87S38793TAJ,129,389
A5ONEV013T2AV,1,3
A20GFJJVA4DD09,1,3
A9Y38PVHIINGF,1787,7516
A2RNNZBCNYTOWJ,1,3
A31UPNNYLBO3ES,12,36
A302BV3JO563R3,1,3
A3IG2AUS1PVNH2,2,6
A3BQHR430WK70X,1755,7060
A3DPZTC8SO7MBH,796,2391
AS3JHENSQ43RV,6,19
A2S21P9G28MK2M,76,235
A2OF8KN9DSITW,2,6
A179SNSH4ULDXK,2,6
A3BWDX0UW78AXH,3,9
AA6U6R0MV1MXE,794,2388
AKRPHZ41ASEM8,4,12
A2X354GODKNG7S,1,3
A3FBE4WF5KQRR1,1832,7672
A3GAP455S8YH0M,11,33
A1PG77AKXFNNG2,7,21
A1ULZ9IBMK2L4C,2,6
A1AWNDKIZN6E3Q,14,43
A1B2GQB8AOVVI5,1,3
A3DJOK6MZFY1C4,29,87
A15HWF5LM7Y7KH,2,6
A25ZS2TAFCFD5X,1755,7030
A39UDPOSDAGP34,23,70
A1BAPEAKC6LRLW,1,3
A1G1TMLB3UBSS4,17,51
A1D82IY7UU34XI,1,3
AKP6IWJ24C1A5,3,9
A34SBK4X6YFAGQ,2,6
A3KN8P0XJ8XU5H,11,34
A28YLA0K6R6C8P,13,40
A151YVBGTS3JO3,53,171
A2GM3V2T8I0BT1,2,6
AADNYB7VT67KV,19,58
A2SMVQZ90Y3V2L,1,3
A2TPNVI5FLCJNP,4,12
A33WD8BYBARWWX,1,3
A172Z5HWMPOS7G,1,3
A1VGWYX0E6H04V,40,120
AQUW6BW1EL4V3,1,3
A1LQ7FYYEP7R5D,1,3
A3AOUANVB0XR30,19,58
A3E57Q7V46X6X2,268,859
A1BHYXWDXKVZUD,6,18
A18C369RS7FQ12,798,2400
A23DWHH53J6KZC,6,18
AQHGK3NR21D65,1755,7024
A3C499JGS2917N,1,3
A2KV17XYCC7T01,3,9
AGXES6SWXIC5O,3,9
A2SXC5WGKDRV7H,23,70
A273G6VX18F72W,1755,7035
A5YH8SQN920G0,11,34
A10GEUIRKB6WQJ,97,296
A2Y1LV9DXFJT1Z,1,4
A2KQLKN4RQZGBK,1,3
A3K4PARAXTQ9B7,57,178
A3IKSRWT7I8DCU,1755,7035
A3I7IAKM0FQJ8U,1,3
AP00HHU7AQ5K9,3,9
A1XDNN6XM1U65X,25,79
A10YEIODQ82I7R,22,66
A6ZTQG3T2DNBT,19,58
AHVEAUVZY1A6Y,5,15
A1DL1OW2STMLPD,827,2521
A259FSB4FC9YKX,1,3
AT441H6DSPI0O,1755,7032
A349NSML8SRBN,3,9
AFAKJ715IPATW,832,2540
ANEV3RSII0AI9,172,517
APC9APFFV32YV,1,3
A3U3ZHB4K0D7WW,8,25
A1K8BSSB8VIUI3,1760,7141
A1L3NJPL2QPGTZ,1755,7089
AYKT02IAS2HE9,1755,7368
ALAY8GVFBUQ9L,10,31
A2XTMGVE6W6TP9,800,2411
AKZSLDTOZ6HDK,1755,7158
A101UQFQCCDI3L,1,3
A1JCRZEQACX4V4,1756,7093
AJCLIWSBN6ODR,11,33
ATEHDSIM4557E,1,3
A2LXX47A0KMJVX,2,6
A2F2L5F9OWWVY6,35,106
A1G0CYMG3GV4OW,1,3
A1MUHTKSOY7WVO,1755,7020
AI0NE0WPHE0Y,1,4
AH6EIJIU0M50D,1774,7466
A1MUX8MNL9CSD4,1,3
A3VLDLA2N1Z7ZY,20,60
A2Z2C24D9CFSNK,1,3
A1NIRV2427C1FN,1755,7043
A1GXWFIKOGJ2HZ,4,12
A20QX7DM7MDPGS,1,3
A1GYDLNFPGSD6T,1755,7020
AWC7FA0382BWW,1,3
ARWGZ3AOXP7V4,14,43
A1GHUMKW7ZS1BY,19,59
A10GWAQMDTYJRS,1,3
A3SS4Y0BDSPDB0,2,6
A10EV620N4ME8E,40,130
A3IKOEE8Z3T6BH,377,1274
ABE2E4DE7P64P,1,3
A33OE9PCQEJRPU,48,144
A1130AMY9KKIBL,39,120
A2DZOIHYE31ZBF,1,3
AQF4HPSJ5E71S,792,2377
A33D0O6WNDPGHS,3,9
A3US7JV91FNC8H,1,3
A2I3A2R16A5QIN,24,72
A12OGLB4AS8JLV,4,12
A3QTGYUS2HN3R,1759,7381
AV5RYKWHJA6XB,1,3
AETXX5EJC7OUW,1,3
A2LJO34SVSRS7R,1755,7020
AANKWLI8CIFGD,6,19
A2ZPSQTCCM86B6,10,31
A1KZNSJ42BOM7O,1,3
A2SCHN8AJ50CWF,68,209
AF3OZBSEB2NFD,17,51
A30AEYIUYLZN3M,1755,7035
A1B3CNORXB1USI,4,12
ACOFLPHDBXDN1,4,12
A5VMPOHNT8ICP,2,6
A1WFBG39HY8W53,190,574
A2P06LBKAWEBNA,792,2377
A3QWR8QW791QU3,1755,7031
A1GRBKF9B07NO7,1,3
A1JUGIQDY6UYSM,1,3
A2QELFSPAXTK44,8,24
A1OP5JPJ0QWDR0,1,3
A2OCZA198T8GZD,1,3
A38R04ZOOGFTFS,1,3
A3HLW3G0TA8GX1,17,55
AFGRMORWY2QNX,1,3
A2ODNIKK9OYGT2,1755,7024
A19HYTAPU7POPV,3,9
A2QT5C9YKTCMY9,2,6
A1C50N2VRBFS9H,2,6
A7V34DCEBBD6X,1755,7020
AVFDFNRFLXGKG,1,3
A22YD68GZELLUW,1,3
A1XSJVKDY75P7D,1879,7875
A3HNZQGYJ1M6EX,1,3
AIFPBXU0480FB,288,914
A1O4N4LPIC072Q,1,3
A1ACF5CX77GJVG,1757,7134
A35UQHHFJH149N,5,15
A6H1A3RU4KFLP,797,2396
A2M0IU2W2VQAOB,22,66
A2Q99S028XJZHE,3,9
A1OVX41S8BUQ64,4,12
A2125F9SUQ6ZKY,1755,7096
A20UP8WRP9IH0T,178,535
A1T2IJL93H4731,12,36
A154TLR92W6NY6,1,3
A2P1NP92CTU4W1,2,6
AAH4FNN0OO7R4,1,3
A26DWYNENJQQL2,1755,7027
A3RKPR3DGFXB6Z,1,3
AN1FPVE3KPMTB,1757,7221
A36497S5E2I2MW,1,3
AFBL7G17F1JT1,2,6
A2XOAN19XQM64K,2,6
A1U9MGMSB5MH9B,3,9
A32EBDHLGC1EXF,1,3
A2T5THZEWXHEAE,1,3
A1DUPFUG526MVF,1808,7657
A1LYX8DU1QNUDT,15,46
A1BBBU2ILW570Z,13,40
A660VHE1GJ1JS,1755,7053
A2J4ORIGQ18257,1,3
A3A6H8SFKSO9ZC,145,440
A15N2BF4HIHW14,4,12
A2XFU52VCJ3UHL,6,18
A8MQNZK3J0UEX,6,20
AZVIQ5SU7XPD5,5,15
A2P6L70QYFPZVW,1755,7029
AUG2H7FYXUAC2,1,3
A2X5JWQJAZXQQW,1,3
A33DAMPX4T6K57,7,21
A24G7OXQ2RHW0X,3,9
A3CNDQTNDVEBXG,2,6
A2MGWSPO5THO18,7,21
A3MJ089N0M3UJ4,5,16
A2Z5PNFY8J6E0F,1755,7020
A2ZMKE5T8OQRTX,14,43
A3DQ5ISEE4QAIG,6,18
A3JZE2NKFYJQ00,3,9
A205483DF7XVDE,9,31
A2VC5G6CZMGYZX,1821,7704
A3B5KU6SJZCJQL,2547,9587
AE9C0UNXBV8CB,42,132
AG2T5C649LED8,1,3
A21MTITRA37SW7,18,55
A2GVCOJV1336WS,1755,7105
A34S9T53YV39BP,1,3
A2KAE762DDDV16,1,3
A1XAJOJ9H80OD6,1,3
A3V6SWDJXJMFKH,48,144
A3EYUH9NEO73YK,1,3
A3EC3GUQN99N90,13,39
A105Q9KX0PVR4N,1755,7119
A20ACI4O52VV0F,2,7
AXKTC9FEVLY0W,6,19
A33DQTULUTK8OS,2,6
AK5J1LLTPLNFS,1,4
A2ARQPDTTZMHRH,1755,7021
A25JBYKHEV402M,5,15
A21O36HLVW6AI5,1759,7388
A6188T3BS37I9,3,9
A1NKBAHNE6WZJY,103,321
AOZVLEOST0J3G,32,101
A3TIL1PC2ZE97B,7,25
A3GJZ7KI8BASIQ,1,3
A4M8QFI046NDQ,2,6
A1E9B4DTZZGZZA,33,99
A2QSLD0X2K5QIE,13,39
A106BM3TTAB3XK,3,9
AAD2KI8D3R2F4,5,16
A2AG3HXVGIHQ09,1,3
A3J297J0JZY9B4,1,3
AEN98ZFVZJAC0,12,39
A29YV7R4QB2V64,2,6
A3HEDNAVX16Y7E,18,55
AF64NAM5XBWAY,1,3
A2Q9V2LCT257NF,2,6
A17F1YM8GEOPZB,68,222
A1GFZNL91KGZIB,2,6
A2SBZZ1HSR7WSP,47,150
A1PJOFSVTQRG1W,1,3
A2755HSCUMPVRD,1,3
A39SV655A42VGD,1,3
ANT43B0JDUS88,6,18
AL5YF8ZADV353,1,3
AM54RRO1CZFTC,64,194
A1QBFUQPFIF42S,2,6
A2WCETVJ4JXMEA,1765,7067
A169H1I1QX67OA,1755,7096
A2M1N9VHFDMRJA,5,15
AD3XX96Z9XB1M,1755,7024
A1NT9DX4WG8FZ4,1,3
A3NAU19OVJ2Q19,3,9
A3P92TQ7TK0ZO,33,99
A1ZRXGT8QJXGET,20,63
A3DHJKFQBKI7QC,1,3
A3UO5CY63IWDW1,23,74
A1KOV23LO48WT5,13,39
A2N6X03RDBQ6UP,1755,7021
A250ZR43XAKXX4,1,3
A13NSJL2361BL5,4,12
A30O4S9S1B5AGK,1,3
A36LXYBEF7ZWP,2,7
A186O9ED1HH5R1,793,2379
A2Y9K206F1QZXE,1,3
A19U00LYI1GFIX,12,39
A2KQ6UHAHPC5G3,1,3
A1U3XZ1TJ6AV7Z,2,6
A2Y2OZ0AR359SS,258,860
A1L3BZ79GFXCL9,10,33
A15RTJWPG8OKOE,1,3
A2Y37F4E1LOHCY,1,3
A2SFO875EQ66AB,1,3
A27LLWLUGV1J3R,150,466
A3VPISTBNS66C5,2,6
AUSJJP6QWOFOI,1,3
A32X7BIJSA8P5A,196,590
A3SUV4W0VI9GMF,10,30
ACHI6PLIOEJTD,1755,7054
A1F6ACZQ05BOIE,1,3
A1RRSN84RIOWUG,3,9
A34A7P4N6ON746,1,3
A1ZNZDJMEB5GTJ,9,27
A3FCJNGGMONGWR,1,3
A2XDP13SS7VECG,10,33
A3I8V8TJ1OI6C6,1,3
AA0332NW92HW9,2,6
A17OZU16T6Q39B,1755,7176
A3O5OM8J66LZK9,3,9
A3OVZ4RWI2YS7M,7,21
A1KSEY3WTQEULK,5,15
A3N7VLUBMMBE5Z,1,3
A36GY1Z7MVPDXC,3,9
A2IFSHR0Q1N2AQ,805,2456
AYWM6UJGH9271,2,6
A1GZ7AMY2SJEYI,1755,7036
A137H7THVY77,1786,7359
A32PRZO086PVKN,57,177
A2CMX45JPSCTUJ,3,10
A2GHYL357KN5D7,3,9
ACZFE3N2Q322L,9,29
AA0HJFTSP9OW1,3,9
A13ZJIA4MOS2NR,139,435
A1DS2G2F9JZW2,1755,7031
A3IH31RVNYTLH0,1755,7038
A2Y5REWKC7TUHO,4,13
A1QVFHPY8418HC,2,6
A3BSZ2ZOO2E0XC,2,7
A2B7VX6R4YVCXM,1,3
A2ODM73874L4UO,8,24
A2K738RY3B24Y8,1755,7069
AJ5TUG6IR4T7M,10,32
A20TREFS849DAY,1,3
A21VBHPL1B8NT7,218,664
A3R3GE8P5Y8PQE,14,42
A9E9KTL53GIBN,1760,7214
AIFRDVJJZJS7J,2,6
AQIKAC79GCCQE,3,9
A2AD0ORBE1D634,1,3
A1UE1VPLFLWY1F,3,9
A3675E4D3JV5QG,2,6
ANUPHWDY23VZ3,4,12
A2Q8HEWTM998RT,6,18
A120ULQNJYWSEU,1,3
A17C6HUTG2JMNQ,1,3
A3PB1FI3R9V7PY,105,335
A2T639IINN6BTG,12,37
AWS0RZULXU30R,99,303
A3BZ54FLQFENNN,1,3
A38T4VZ49FAORG,7,21
AZLJ63E7DDK3J,1,3
A1QZ1ZN6PZGPGY,1,3
A3I5SPCX855ESE,1,3
AOIKPEKQLLOES,1,3
A1MS7MRI59J9G7,3,9
A1IQKLXLFKSI2B,20,64
A3RNEUUWTA78QR,2,6
A3ADIKQ8YE88A6,1758,7394
A2Y9Q058YCA6HJ,2,6
AC4UJHT8NI30M,2,6
A1PM63GUK0X7HB,4,12
A3C6XIL04CMBV2,1756,7051
A2P43BRUK9WGPI,2,6
A3D4ZPNGZB8RSY,1775,7355
AW6FQE5QRF2LM,11,33
A2WE1W2YIDTNH8,3,9
A2MPM6M93OXIJT,2,6
A195SXKILLJEDX,12,37
AWUNIUJGYTBU6,4,12
ASP0ZNCG34OSI,3,9
A16WCA7VK8K24Z,1,3
A36VN89J3IM7J1,807,2460
A3ON9HIKV7GO6K,1,4
AJJMW8KO9KAOE,1,3
A3GO01HQ00B6J,1755,7042
A1BR7C3SYGZDD5,5,15
A1MC973AJGHU7B,6,18
A1QSP919EID1G7,4,12
A3JS3HA7P5J4D,3,9
A1AUYR2TTTW4XW,16,49
AP86M5T0VHBH1,1786,7365
A2STKYO3NMZL3P,1,3
A15OGDJS69EUCP,2,6
A1RXH9W4TZB2EF,6,20
A3PE56SZDN41L1,5,15
A24SPLNZFDBKD3,792,2376
A2MIEKUZM7QRXR,1,3
A3PTH3E11CC8P2,1,3
A19LEE1KU5Q16E,41,123
AKXPGNW9HXIL8,15,45
A1AHNMGIFH0BQS,2,6
A10JBRFGUULBV8,5,15
AIL9DSLSAOPT7,791,2374
A2T5NGWT6NNSW2,4,12
A3L4HS10VNHANZ,1756,7057
A2H125R0JHKLWB,11,34
A3GEGJKDSJ8VB2,1,3
A3S1EFZV4Y4EHV,1,3
A4H4KYSM2KQ85,1763,7142
A2UWMRRYLL3BF7,12,37
A4FA4R8Y9G8HV,1,3
A21VHEHHJ1GBC8,1,3
A2L36AGL8CKY3D,5,15
AK3HZIO6VA8S7,10,30
A2BS13770IWS6O,1755,7080
A3NUT0MHQGXL3J,13,40
A1EWOXC9RQ8F95,7,21
A2C7A20K658BRD,2,6
AF3PB9KVKR7T3,1,3
ASQE6CIJXX6HH,1,3
A3S427BCFUGZ3H,811,2461
A1QIZC6SIHCDMD,1,3
A86FAW50JKWNL,45,138
A2FFTWGOZ74SUQ,2,6
AURLBJJP9B2E3,5,15
A14MRQVJ9P3XNX,2,6
AG69YFJ3Y3WIJ,28,86
A2X3HZ744V2ZGP,125,383
A17TPFX11NPH3L,11,33
AYTNDX0A3VPUD,11,34
A14W6D2RAIZ3ZN,1,3
A13UDAIB4TYB0C,199,608
A1M9BA7J07JEA6,2,7
AMM0WNDESCEKG,1755,7036
A1PSJDQNHGF03G,1,3
ALH5BPA9YOHFP,888,2728
A893ITWQSE2LU,3,9
AXJ19189TLBLJ,1987,8354
A2CNH4CJBQCTXF,1,3
A7LIHE4EQQR54,2,6
A2R866RP0RD39I,16,48
A365PMCCB79CNL,3,9
AH9D8RASC2CC3,2,6
A2RAMY013T87PU,1,3
ACNA8EHH92YP4,1,4
A13YMN60D8S0OI,1,3
A366GNGRR8UXM2,156,471
A2B3XQ4FCJTKHQ,1,3
A24S9WADVQ7FS2,7,21
AQYPI74P7P25I,7,22
A2W53FO894N8SK,1,3
A4B0O1DJ7TAZX,1755,7031
A3G6HCQFH5DE28,1,3
A3AFNPL8179FV3,2,6
A1M4R16GQLT1LD,30,91
A1R0JMNRV7HVQM,1755,7057
A3L6F7AUTBIOVI,15,46
AIYGTPLDBNVDP,839,2550
A9BYLF9I0DFK6,3,9
A2RWHTNM5P3I8Y,20,75
A72SI14Q2BUVR,1,3
A2905FK0Y4V4KH,1,3
A1KAFR8XIWIPXR,1,3
A24ZY5ZYTBQNZV,3,9
A1NS7569J443J0,1,3
A2JFGJZM5EDSOQ,2,6
A2FQX6ZKWQH9I,1866,7644
A31ZQ6TAVA5CW9,1755,7022
A2XHZPACJB2PDN,791,2373
A23UDJVTU45EW,1755,7021
A2OCZRJB4JHAKR,4,12
A1C30ES6EPCLTU,9,33
A2AN8V5AM1XJ7P,2,6
A1J8NSP8WD75YN,1,3
A1R8JIX9NIIEXH,4,12
AZH40KFHXVPE7,1,3
A28G2F4DOB8GHP,1759,7200
A1V7CXLA1UU8X,1,3
A1KHK2DZOF99ON,18,54
A3GG7QSSI58HJV,1,3
AOGI3TISX5IK4,794,2385
A3TFR17GPJIOQE,1,3
AENULRBQ2IE5I,38,130
AN9YGHB19DNVD,10,30
A36T0MYKF1TTUR,1,3
A3VE4M5JYX1B7X,3,9
A2HZEM3FBP6MN5,1755,7020
A2MD6815TK32I4,3,9
A2P2Q4BQ7J22ZB,1,3
A35KH53OQI70PX,8,24
A32LTI4BO7QQXR,801,2409
AOVO4V5FE4PY0,2,6
A2ATH8K5YVADDF,5,15
A31MG83CZDA3UT,1755,7032
A6J6BDVUO3OD2,1,3
AM4GQRQFSZQLO,3,9
ADRF0AU7KDG14,29,87
A1IV15BVL4HSSL,1,3
A1TRIQXZBP4VN6,1,4
A23BFO39SH8ZSV,5,15
ATIN4OXALT3ZU,793,2380
A2S7QK8I78V5AL,2,6
A13N35N39Z5WEE,19,58
A1SFME975RYE9B,3,9
AYRI6NP1A6OV2,1,3
ATJQOAUHB5XB8,1768,7230
A3NWOHW7NM4OGL,1,4
A19HPHWOCEAUBL,1,3
A3U3YXX4P1X59C,16,54
A2VKIPMX2U7KE1,1755,7143
ADF3CU4RL11QJ,3,9
AHOJEEMOIKMCR,2,6
A3ARPUKCI6R91Y,3,9
A1W0CCJY2094H0,1757,7201
A306YUQBEB2R9T,8,24
A2AMYCGVGY1XCL,3,9
A3KBBE0DTKSS9F,215,664
A2N27CS6KOENEX,11,33
A1FS6SA40R9IME,7,21
A1VHCO8RQFIGQJ,3,9
A3LIFOHFO6OUNZ,1,3
A3RXB92MPSD36J,20,60
A1GVDXRCOWBIRN,1,3
A1TS45JWJVOSSW,2,6
A22X07C27VJXT2,1,3
A3Q7YYRYDXL1GD,3,9
A1XP919OH7BPI1,201,614
A2GYX971VETQBV,157,475
A1ZCTH0M6DAKJO,2,6
AZ96M85U82KED,153,460
A2YPQBE4UJUCAO,4,12
A3SY8RG8CLJVAU,11,34
A1YRQMNYMN68E9,2,6
A3BLGEWPGORSJN,802,2416
APVLFUAI3IDF7,1784,7507
A387RABSFX2C0F,1,4
A1IZWX4EX2XCR5,2,7
A2ZA5SAZRLURYD,1755,7052
A386KVFXZR6XL8,4,12
A1BCRHGUE3ZWEU,179,545
A1GKMF4KTXM14F,5,16
AVLBALM0Z1XQ1,16,52
A3OG56ZWOWP027,13,41
A8ZSLK9YFZZYT,1,3
A20IIR0422G3A5,4,12
A3CVZRPQH1PFQ5,1,3
A3001KSAST39YR,1,3
A3AR9KMSOILGQG,5,15
A1ZX2O8581A1B3,27,81
AO3QUTVOEPKSG,2,7
A2EPWNEHGHIJOG,67,204
A3DWQW2L39RB1S,2,6
A1XSJ80M39HD7G,118,379
A2MUQ6L28GQMOL,829,2541
A1DAA0QXWXZLHA,32,96
A2WL0V10EV3P8R,25,75
A2KI91IR3RA7D0,1,3
A59G70843Q9AI,162,521
A2C6JK0DQDBUUK,2,6
A3S8PVEQGUSU50,7,21
AKLE25TB15G80,6,18
A1EAREEZ8YSK4C,1755,7044
A36RO7W9HO9A7C,1,3
A28J8W77WAK6FI,15,45
A2MLPTYFG1BKDA,1,3
A2GCDELFFFQYNY,13,39
APXMHKL96QFP2,1,3
A3AID9F7K2TC29,1,3
A3SB8FOMF5E141,1,3
A1MDPZQK5JX9QV,4,12
A2895CKKVDHVDM,2,7
A1MF2B4QLX2OHD,1,3
A2SUG35F6A6S3C,802,2710
A35F8F2T0QHIG8,17,51
A13CXLX8VV97IF,1,3
AVZVYIUW146YA,1,3
ADVPIWMX99TKL,19,57
A37KJ0QD8HYF7A,1,3
AXIFACDQMH76S,1,3
A1U0A4T19EPRAI,90,274
A1XO1MSZSAE14H,4,13
A1026NIXWTNN3O,1,3
A14B2YH83ZXMPP,255,780
A24SLLQ1KG9D3Q,37,113
AIKPOB4QT1JUY,1,3
A2VN4SHFEWTFM2,175,529
A2NAYNOE5996H1,3,9
A3TCVBCISWTXQ7,1755,7023
AHXNO9MT3X8AC,2,6
A3FFLJ8SAA6UKK,3,9
AT57SWNQ9P4AD,5,15
A1LB26A8QQH7IV,194,587
A1VBLI20IC5HPE,1,3
A1I1H95YJO39HH,102,378
A8578UAP89LJ0,28,85
A34YD8DS4RU8KB,1,3
A23QF5P1HKCVA5,17,53
ATV2BSOCBT2IS,1,3
A37YLTDIITPCQW,3,9
A2UAO6FE68LNMD,1,3
A2SH4EWFTVOIX6,14,44
A1QQNHELCCHU0,1755,7033
A1JWNNTR0SCC3A,1,3
A3W2KQ6CLTQ0ZD,864,2688
A1MHTM7B092FDJ,1755,7024
AX328RC0IAL07,170,515
A25AKME0363X6P,1,3
A2DLNX4ODXI44H,1,3
AK93C2FZ4V7ME,2,6
AWH2AY17ZU7W2,2,6
A237BZDL1V5DAO,1762,7199
A33CWDZTW98E4W,2,6
AASCUHX7YUC6M,8,26
A1A8Z0LWIUXX2C,5,15
AXLLGNFFMGCY7,5,16
A3G6BRUG74I8J0,1,3
A1DZDG9AT98298,1759,7176
A757XFFO7TT4P,25,81
A1Z1DD5R6H8YG,9,28
AVG95AEN2UP7T,2,7
A35I370B8ALAVW,27,82
A3932HO76B26FB,60,180
A3NRNJN4GAQ2V6,9,28
A32AY5I17FGBY9,1,3
A183MGDV077MBD,137,487
A17W0GXAL3ZIBQ,1,3
A130KQ596NS9PG,14,43
A246AIO7ZVP1FI,811,2450
A2D4J55CHOJABX,16,50
A212H5UC280SOV,817,2506
A1KYHLUKOZKGQZ,800,2410
A3NVX224XYUUBB,5,15
A32DX4ZMRJ815N,1,3
A3F7PV9KT8HRCS,14,43
ABOMRF34U7H7F,3,9
AUD0XE8NHK6KN,4,12
AE9F7KVDJ71K7,1755,7027
AK532C4Z7G907,4,12
A2Q6RDZHEES5LE,2,6
A1RO3B7O0E5KKY,15,48
AQZDDIET414BF,3,9
AK3BOJU1OHV0H,3,9
A2USNOD9NDY43K,4,12
AYCXN8CA48RTT,7,22
A2Z1L7ZNJK4HIG,79,245
AAH7PGOFBQMT4,2,6
A3RDS0DJ5EJGA7,978,3165
AEMA38V7TPRJL,42,126
A1NYHG06D44JUB,1755,7080
A3PCKS0QKF6JIB,1767,7146
A2TG8MQVTUL7H6,16,48
A1KDQLGNHSBYXR,104,318
A2D9QW4TY8CFB0,48,144
A1XEQGYY1IL8CD,1,3
A2Z7S8B5U4PAKJ,8,24
A2FBTSBF7VYOLZ,1,3
A1929P8Z5NZDUV,1,3
A1WRHIG7NPK6S3,56,169
A17N7RHGTLEKSV,2,6
ANAOLDUUS8E3G,4,12
A3QYW70AG6FIKB,3,9
A3V3QHPPTSZ6H1,19,58
A35MAXUMSQ2BY9,1755,7036
ABMBEWE8WEFNR,1,3
A48EICWVELGDS,35,110
A1ZDLN70X3C22L,57,188
AAA474ZYVJ5MJ,1,3
A24N5X8WNHC4C7,5,16
A1M957IA3QNX7X,6,18
A2NM6Q2X9KRLLQ,1755,7025
A1Z3DUB8B57X7F,883,2759
A1E9X5NB8JYU3O,22,67
A3KQXH63H20EV3,5,16
A2Y7BSQG9V3LNG,1275,4189
A12S91YS5N1JGN,5,15
A3NDGGX7CWV8RT,11,33
A1KW5MPX6ZE32D,45,150
A1VY390ZAUPFS,1,3
A3PFH77MFJXUW5,1,3
A2EV4250MPLXLK,1,3
A2IMLOJ2Z2QEU2,11,37
AWM40B732Z3DJ,1,3
A3JQMJR7XGSFBK,1755,7022
A33S1VKFVFLUE1,52,156
A24G2MA60OT489,7,21
A3IPMMKICWL5Y3,8,24
A3M3WKQYBU3PG3,40,121
AFC3TILQWFWCD,3,9
A2R9AEIATGE9NJ,2,6
A866O4H5BIY61,1,3
A3CAQMCVKGMCY,31,95
A3SHQD00WL6TDO,1,3
A1AA2WHOD833GI,5,17
A3FJ0TN6RR9CWX,2,6
ASSSN7IYO4RK3,1755,7059
A27ESRCIT7CIJ3,16,48
A1O7ZEQWW3PRLV,1,3
A28ULKOBRDM2AT,15,51
A1OHAHOPA4TD80,32,98
A8AJVDOV1NUX5,1,3
A1OGTL9EBDTK3N,63,204
A1ZKTQ0O7U3GT,7,21
A35UREY9K9M99D,255,854
A1R3ZKKEULE0CU,12,36
A1XOKZJZ2AN1KY,119,372
A1LU9607CVAMIF,6,18
A1UHV0T152J92N,2,6
A152965CETU4QI,1,3
A3RFWANBUVX4RA,2,6
A1MITWCTSR3JMQ,16,49
A1VYXVRSPIKZBW,9,28
A1GXWLMUYW76HF,1,3
A2QMNA0ZT6XMRR,6,19
AZSNT141WO36,1766,7426
A345WK2WB0IZ1S,1,3
AIYBXM6BY2074,1,3
A3U1C1E3TLCGRX,803,2414
ASU9BWKDR4EX6,1,3
A3DDDKAS16QCGQ,1,3
A1P3THYLW1NF3W,3,9
AUM1MTHXGCRDE,1755,7065
A3PGQF019PLVAZ,147,460
A3DZFEICHK5LF2,1755,7026
AKG3QWWB4BMTD,1,3
A21RSWTP6TWWQW,3,9
A2UKYO97VDXXYQ,20,61
A2F8KWLPC9KWQI,4,12
A1S66J0FXR8HHK,1,3
A350LAEHRVPHM9,2,6
A3DSACI80OC3OB,6,18
A1599G5W0DJK1E,1,3
A3HD0ZJWFF8W3R,1,3
A1BVEJW7SLVPWL,2,6
A1HXH54JAB4Q22,10,30
A2OBT4PQ1BY62N,12,36
A20AUE1B5H0ZCS,1,3
A1FX8728J4SEY8,1755,7047
A1LI445XD0LTQO,14,42
A2XW8R727HVU79,115,359
AXZTG38BW55YE,11,33
AN8VW7JON33TQ,3,9
A1Y9JJLWGGRNWJ,1,3
A165I7I8NCRKW,5,15
AVOQA0NJ44CRS,5,15
A3KJPQ4FKLYS51,15,45
A2BHAEL2Q4HR4A,20,61
A2VYSW6T63JF2W,5,15
A3C4D3KLF3RS17,3,9
AS1E6X67ZJ7WQ,1786,7328
A3RL1FEIJ16Q3J,10,30
APPS4SSPWZCBV,8,25
A1OX2N9DNC6EQT,1,3
A3PSSNOQ7IUNW1,809,2452
A24QX175S9FYCZ,1,3
A15TJKWK0JLP2F,2,6
ASWN54M6HH5OG,1901,7971
A1IJUCICSBF7LA,1,3
A1DTCQFZVRK8RU,108,329
AB3MJ8BA04KHN,3,9
A3DRLEPKITIK5V,2,6
A3LFX7R6BGQV4U,10,31
ASB40HB11ENNV,2,7
A3O4HV6XMHEPUC,6,19
AJJB874QI5972,1,3
ALWFLUHXERBJ9,5,16
AIZQIEOCIICLX,2,6
ARQK41MSSMJYK,63,190
A18L1ULRX0D1M5,1,3
AMH6Q7IF5TLU6,10,33
AEDE8DTYD94BS,1,3
A3I8ANDSLTD2V8,4,12
A3SXFP684N95P,25,80
A2ZRFHM4M0LHO3,10,31
A2XWUCYM9RE4D6,791,2373
A2GBY080KAA1G,2,6
A3KGU6LHBT8S73,3,9
A23OPVNAKUS8NR,1755,7071
A4LVV7KOYFSJS,1,3
A3W1UBJSINB7C,2,7
A3IZF3M92E7SI2,3,9
A1U910PDMJMAT2,1755,7063
A3SKBEO8JVCJZE,1,3
A1SIFCSFUO9BBX,1,3
A1QZPI7VUQ6UVP,3,9
AOIP7URVDQ45M,806,2429
A19KXKKHAQRRTU,7,21
A129ASSM0B79SJ,1,3
A318QK4W3I8YIO,183,555
A2ZI9EWWZTNUA2,1,3
A5FAPFMFXNYBF,1,3
AQ995BLXI6G1C,1,3
A3RMOUHCBO8RAA,3,9
A184C07ENWCRKA,8,24
A2U8L4HI2JCD04,1,3
A3PCNXRQZYUISC,23,73
A2NRBSI48KHOBQ,63,194
A1AGR38PL9AE41,3,9
A1EUV6SG5EHUMZ,2,6
A27T8OKRLXAW5L,2,6
AI51CQS9QYRYP,5,15
A1X1T6KDG95JXJ,35,107
AWC0AT1T8TB0Z,1,3
A1BI98RHENY8QM,6,18
A2ZCT2RGGP7MWV,14,42
AA6OW9G43FHI5,1,3
A29CT3MXKBWVQ6,4,12
A3KWC0DM38WTHU,9,28
A3MB9NMN7AGSAK,5,15
AQCEYR4ENSP06,1755,7046
A3NZJBGXKQ7MC6,796,2396
A2MDECH0KS44F1,26,78
A313TIMODZZ80X,148,457
A2QI5ZFAYJQQKE,2,6
A17NNZ12VNTND8,3,9
A54BADVAUWUK4,3,10
A13IKQCJKFAP5S,51,161
A24V8V0PSJAX4G,6,18
A1NE5HRWXV5EZK,1,3
A3CU322HD9H3Q3,1,3
A1Z8Z8U17QKZM0,804,2448
A2FVR6YZXA514H,1,3
A2YMC4ILF58T4K,161,491
A2CEBSFG4289RM,10,32
AXRWIUFZQ5KJV,1,3
A2YAXL6USA6MJO,5,15
A1KOKBC5113BV9,3,9
AZZ3WYDJ0XNZW,1755,7041
A1XV6LXEC77PIG,1,3
A1KRU5VWVV12VC,19,58
A3PUZF1UUCZ0LG,1,3
A3RSLZMFS6KK6E,1810,7686
A34BXJRQ2WRR1W,207,638
ACFBLRCKLPR00,3,9
A1MQ29ZVEBWY3N,310,1000
A1APEOUATWOQZ1,4,12
A1HAHPVY5LDEC0,41,126
A9MI2A9E3U4SJ,226,763
AXQHMD3KPUO4C,1,3
A2WAG03DNTBRA7,72,218
A15Z3J1M5B1Q81,3,9
APUG61DZ1XCE0,17,52
AQ8H1PGMMM0MJ,5,16
AJ6I1TC80TYPW,37,111
AWHL379EE14K7,23,77
A1O7IVRX2VPWR7,1,3
AR1WGPARRXMJI,1755,7107
A1S92GA01W1S77,1,3
A3GHRI9I7ATR10,1,3
A3FJCKE6Y5N5JB,1,3
A1YEYJ25RQWLZ8,1755,7066
APGLCZ0FNVKB8,15,45
AKVA0QC6GV675,3,9
A30TT7GTLNU9UG,1,4
A35CXZTQSGZXZT,3,9
A3SLGDWOO7SMN0,58,179
A25VHTWQ0HU25G,3,10
A20HEID734XSTW,113,343
A1BJ01BY4I0KNR,1,3
AG2F6294SBK3H,1796,7431
A2PR74DLHR4PIF,160,556
A1MA8SX2DYIPRQ,71,223
A20CXBCOFA5K7E,3,9
A2OUJTI80VZ0AH,126,379
ADIS4VUJEAPJ8,1,3
A3TBFKVTHXMQLK,2,6
A5VZ9ZY7HBUH6,2,6
A27SSFFO0VSCVW,1755,7023
A3RBEESTJUZQ6D,2,6
A2L2IX8EOYL7LP,215,733
A1TFVMI5EV10DV,8,24
A2ZFCDG67IAPZO,1,3
A3ARILCWC79P9J,2,6
A3DILTDN3BLZP0,67,216
A39L9JAGHNIJEL,159,485
A3MB7QS8N9K00D,17,51
A1AU03A5OM2SYJ,1,3
AII11SOLX6OY6,2553,9691
A9MVAMJHUC0QT,2,6
ADJXTFCEQ57R6,4,12
A1H08YRG5JWC4E,3,9
A2DVEJ33QVVQ1Z,11,35
A3CYLA4LUCM0E0,13,39
A3NF71VMR7Y7FK,1,3
A1KNUYTNY47L6J,1,3
A1M4IS7RVUIW62,2,6
A2WCVCO48R7SBF,1,3
A2XCSKMR2ADO13,44,132
A18X90KMZ6KZ3H,9,28
A2TYPUBABCOULV,798,2402
AW1QQWZTLMUBG,12,39
A20X52LY3TEME0,13,39
A2US3LOX0TWTHB,10,30
A3T87E4TY1OPGQ,1,3
AJNEJSL2LI0FM,3,10
A262YXWJ2DJ0C,1,3
A3DF9X8J51MFDO,1,4
A3O9K8Q6HJYTZ1,26,83
A22DIZQL1N0SBP,5,15
A1WRYXKWNTOOYA,13,40
A1V63V1H0OOBO9,2,6
A2B387FUY6EUVJ,2,6
AIOEZOF5VAS1G,7,23
ADEN9E7TJ8MEI,854,2641
A3MXBIRI3XUDIQ,1755,7053
APJF3WJ53VZH2,1,3
A21QQ6XRES95DK,802,2417
A37LL64Z0KE390,2,6
A12ZXJPQNRP7PT,2,6
A3TOHG4OAS2AED,3,9
A11YSBNHW9OAP6,3,10
ADWBZ6FC7E4G6,33,99
A1T4SOMJJYEFH2,1,3
ALVO1A5UB8DG0,146,476
A3SVE54YV0INZ8,48,146
A100S1JQ5XK960,1755,7020
A3IURSDK689G7M,306,966
A1QRF5KISDOKPA,3,9
A3VQUWY0ZRLFR0,2,6
A19UX7H40QFFN1,1755,7022
A2UYE434RFINE,34,105
A8AS5JOXAYB83,1,3
A53TB83WAEUWA,1,3
A1WRSXUGAKLKMW,1755,7056
A3BVQQ3A597UJQ,799,2407
A87O31RDVOEU1,10,32
A34DFU94SUMRKW,9,28
A1BTNPMESS99PL,1757,7087
A1TFCA4V5KKAJ5,2,6
A13GXA412RI1VJ,1,3
A3EZR8RHS1IZN3,1,3
A37Q6XQ6HTWUFJ,799,2401
AFIAI6LX6P646,137,419
A3SAOTJOVCQSM8,56,168
A3IMQRHC2WBG0G,1,3
A2Z8NSW3K634ZU,2,6
ABAGL2KWBHG29,141,425
AM8M5BAQRIXY5,10,33
A1132DK7KN1N89,1,3
A1P8TOAEC3D5B9,2,7
A6BO6N57G9ALF,1,3
A1KQ5A1Q6BNU3Y,1,3
A32JML2J0L5K5S,1,3
A18C5WMBEGSO46,1755,7056
AUUI1FKERRMV2,2,7
A16MWWU3MA0DNY,1,3
A2DY3VZOMIVSGB,1,4
AMM0YXZMRFZ6W,6,19
A1TM7TCLK1BVIP,1,3
A2GZ5OZEW6A87V,796,2394
A4QBL1K1RFNNX,1758,7237
A1K2DGRTZB554F,1,3
A3V1EV3SH18FVZ,1756,7138
A3AE0KPM3L0RST,48,151
A2PP8EAE71XPU7,1756,7094
A27SEH7FJJIKIC,9,28
A1SP2X5DSS9146,1809,7553
A1TTXVRB10WPFG,1821,7672
A1EZ9F014LZVKQ,3,10
A28P7GUCO3HSO5,3,9
A3D8JFV9PE2Z66,1,4
A1PBKTVJ3APDA8,806,2461
AQ33F3LS8I8A5,1,3
A2ENNTNHK2R852,2,6
A76BAK0SFS6RA,16,49
A2VH68NCU9XK0T,1,3
A15Z33HQL71GF2,1,3
A1M45GD9TSMN6W,2,6
A23KUMFUACY2JL,1755,7036
A1EZL66Q3F5YKH,1,3
A129SV8STBX7GI,1,3
A24FQKYEPUQBRG,2,6
A19VJJ9028ZPTS,931,2831
A2D5U8RCQ9R5NZ,3,9
A1XNJMS7TQRLZ,3,9
A1DEFSDYJ491Z8,1755,7042
A2F1GDR0EEVOV3,1,3
A340X680V6GRZY,3,10
A2ZYCPWVZ779CY,1,3
ASNMGE45P2RC,172,520
AV43OXJE8AAEG,794,2385
A1K6QR70KG5QM6,9,28
A36I0OT558VDAI,4,12
A1FMBQY7I457B,2,6
A1W8QG9DHVV0SV,90,270
AMZW6VO84CFQV,1755,7024
A3364EPKWJ2OPO,3,9
A1YCHQKVX2NNT7,2,7
A217PVRYH2291L,51,154
A3PWHUQF5LDFX5,295,953
AC1HKZ189RINU,1,3
ACHMXT93QHSAE,1,3
A2T850DX2LE447,1755,7119
AII224NFMYN6I,1756,7042
A2RXS1LUBR1RPY,3,9
A1G8DLEKJ3KYTO,26,78
A16Y9KZ7B3978F,2,6
A16BZCN2JLP22S,2,6
AHFZYS8HYS8NK,49,148
A3MM497D0SGPS8,3,9
A3HR0WYF78HU7X,47,147
AKRVGYMLQI6UX,51,155
A22Q76FZPCOPVS,1,3
A26L1SZONF6XXV,32,96
A3GP0OT1V0LFEG,23,71
A12WYUFH25WKR1,796,2401
A30AAG26RVZSE3,1,3
A1EIQLMJ3K6AFL,24,75
A362LPE6NVCCK0,1,3
A35BRGQ1TP3R5F,31,93
A1YTAU82VQGQA6,6,18
A1QP4ZBX4VBYLN,1,3
A1S7OESGEQPM6O,1,3
A1QR87W5B9YOR6,4,12
A2K3AF84EFJ677,805,2430
A1Q3YCC9RNCHEZ,1755,7022
A1JOLWSTY96DXF,117,431
A1V5NWJQZ5QBL4,2,6
A24EXXZNRFZ03B,1,3
A3T8DS7DT7YHOJ,24,77
A1LQ8W28B248H7,1,3
A29SP4HG3FY4MN,2,6
A21HMWUWO5I2W6,1755,7039
AI41R3PRWRQ7X,4,12
A1NTGW5X49AM7R,18,55
A1J9HY0AG5676,3,9
A1BOSM4G33D3G1,25,78
A31KJ38FDSVO4R,2,6
A14W54V83XRTII,2,6
AN782R82FYCCK,1,3
A17B6RQF693UGJ,3,9
A1WKEAS58297E5,1,3
A6UOSDNXGSIF9,1,3
A3GKVXSOG58M2W,9,27
A2GZ4WL5SUSJ0N,1,3
A1IW90D6IPMNTX,1,3
AFDAX6SQG0GZI,1755,7020
A2H3FEOWJCYZ06,13,41
A10J0SH3CWASA0,3,9
A1YQ3H6O9676FE,2,6
A1MM6P9PLROZY2,1755,7031
A3FVS58OBWOT01,5,15
A1RAMZRB11MRZP,1,3
A2UZCAGLFTRN3F,13,39
A1YOLMONF9LIVJ,7,21
A2UJJN3OMYGHQ9,1,3
A1735D1ULD3378,4,12
A11B9AZMKDEYE5,5,15
APIW824JAHX3M,791,2373
A27U09PO2TJL3B,1,3
AQERGSL9L1S1I,14,43
AH6BWZKE4FQ01,9,27
A1P9C24PB6NMWA,1755,7029
A2JN8KTQJ5SCJ8,7,21
A1J87SYB3JPQWH,80,263
A344EK7LU4Z77Q,30,99
A3G6P4SJ8SYH9F,412,1353
A3SHSMX6HRUNBK,1,3
A114SBQP6WX1UD,1163,3763
A3ADJ0YMAYWQTP,2,6
A3FVY7RSFBKQNQ,1755,7089
A19JA9J3BFBKNO,1,3
A1DEJHWXOEW27M,1,3
A1OTJBCV7FEX1,18,54
AQ6YTFVC6W064,1,3
A6MCZ3ZYMTNP,3,9
A1UWK8RS4RMHYI,3,9
A3I7JPL0TB8B6T,1,3
A2ZFBTGPDP6PH6,339,1134
A1VTGW0K6SI9LO,10,32
A3BSVL6UF4ODSJ,1,3
AXG9N4QFS4QYP,6,18
A2IY5WS8E24JNL,6,20
A2I2Y56H9WZM3Z,6,18
API7GZYJ9QGW3,4,13
A2I5JPXJDLFBOY,1755,7035
A2RU0DU6B40A8P,1755,7041
A273HV1V2MRVG8,1,3
A3EYQVFRNJPRDV,809,2464
A1E89Q4ZJC2ED6,14,44
A3ML30U8VI68L,3,9
A3N8173903CW03,871,2717
AJISHIPQ08CNN,8,25
A2YKWYC3WQJX5J,10,32
A1HQTQQXV5P2UG,3,9
A1OWVGITESLICZ,2,6
A1LS2UXHG1BYRG,1757,7217
A14FNPHPBHTMO4,3,9
A1MUA19P0NFC3,1,3
A3IDZWRVPBL8KW,1,3
AEVSRK7S3K8QU,1755,7059
A19OUD4O6SSY11,1766,7430
A31A31CWGOVXCC,1,3
A1HFT68GJ42LTM,1,3
A2QTRPQ8MX7FGN,1755,7026
A342V5ZAS86PXI,1,3
A2C2U7QRN8JYPQ,3,9
A2XVLIU9C4AVY1,1,3
A33PZZ6WXIHMC0,17,52
A17C07INVUJFOZ,156,468
A10BMHSLDHDLCL,2,6
AW5LF0WJR9BS6,1,3
ABWVOSWW5MVGV,113,345
A23R2O781N71SX,7,23
A3UZYZTSIRY16O,1,3
A2JUVYMES9BC9Q,11,33
A382PVA18CAOUE,875,2756
AOPFMCP5DXUK0,1,3
A3MFERAH2K2NCH,2,6
A3PH800P5YLYKJ,2,6
A2WYCUSBPK784J,796,2389
A8B45FJRCP29M,1,3
AH3ADV6WL8L0P,13,40
A1WJQIFJNEFJCZ,2,6
AB4QHAOEJ4IIG,803,2422
A5X1M11QU9PYG,3,9
AWCCJJRCQ6112,5,15
A1BQGPOIISE7HG,1756,7048
A27YD15PPA3DJO,1,3
AW1YCQHPVSF6H,2,6
AQ0K3HDM35NNT,3,9
A37PKCYKT72QB9,2,6
ACZB1WWL4722H,1,3
AN9LO63LJJX9D,1755,7101
A2U2HX2D6KAWAX,26,80
ADV7T07HZZHRN,2,6
A1J89RC2RUKFCR,791,2374
A2H3CDD7NEF2GH,123,375
A2X68NVO0SGCMC,12,37
A3PR7MVOYE698C,8,25
A34QHL6I85K3V5,92,282
AC14USMOH4UXT,2,6
AJ7KUGHDMM1A5,1755,7052
A1WS5F8YQSBSBL,880,2741
A2ISLQSRBMEAEB,993,3205
A127K5WGHNUUH3,1,3
A3I5IYXVB8LDZ,20,60
A30LVIN04X7ISM,1,3
A160YOPLHCK2X2,1,3
A1UMN04FQ6H32D,15,46
A3ALSCQ9851A8Q,1816,7513
A395N4YTYU0UUF,27,84
A3VVT9FFZHXCGO,20,62
A3Q3YHX38MN6QI,2,6
A41MJER3A6GTF,1,3
A2RT1WTL9972MG,1,3
AJFN4T0TI907M,2,6
AC6JVNRVED2EG,23,70
A16B3FWHAFON5W,1,3
A3S8UN4BNPRCJ7,10,30
A2BD9V1735PE6Q,1,3
A26TJTN6GHF4GP,43,134
A2GKOLNCJ0C6AB,1,3
A26FCJOZ64SNCK,22,68
A2CJJIEM1DOFPI,134,428
A1SD1C8XK3Z3V1,2923,11673
A1Y4YY2NDHVK0V,3,9
A30SVTMTZ5WHWY,1755,7028
A1TR9YH9I5ZGTK,5,16
ANM3G840QMKPO,4,12
A2D4VQNW1GHRJ6,3,9
A2AZFQ8ZCX2WV7,91,278
A24UGH7K3XMZJD,14,44
A1O8MBEHH6GI6P,1,3
AQ65JAHL5PYMA,1,3
A1AEF2IFPVD0C6,3,9
A2QDGEWXBQ3FH3,808,2443
AWECWJEQHY0YF,1,3
A18A2UEVTHRZQR,3,9
ATBQU2GNAF6YF,3,10
A11ZI67PUTF7SL,1,3
A13XV0H0J553SM,1,3
A1UPZM995ZAH90,1782,7337
A1PRY0ZQS9RARY,4,12
AW7KZSHZBK75S,1755,7048
A3R4KEQJD62563,2,6
A3O2ECPXVDASX9,1,3
A4R54UWNZDGCQ,1,3
AC0MXW2VRH31M,3,9
A7ISTG9S8X5MX,14,42
A3C32CSB2G3P8T,1,3
A2000R2HHUWC1R,5,15
A1NRBQIRCAGE9R,71,214
A11ZFAABPKF3KP,1,3
A3083OX3ZPBE93,112,346
A347K94NANZ2HA,18,54
A1OOV281NT4OM4,2,6
AXNJ3UZT641RZ,2,6
A2J0U8NK072JOB,1,3
A2FPO9991YUBMS,1,3
AS2K6DARJPMN1,1,3
A1LCPSH9KIPINR,28,90
A2LPWX7F23H10F,1755,7023
A1JZIOHX93S5G7,1755,7155
A1SQ7BH9C7V316,1755,7030
A2ZMJ0TEQYZMND,7,21
A3935CGU7FV8MZ,4,12
AB2CGCL4CDLBZ,2,6
A1WVO9T5U1LFCB,1,3
A2QEH1K92PBWMQ,29,92
A3LBEIXA1JL28I,7,21
A1MT6X1LTGMZKN,1774,7295
AZYCGMFCK9AIM,1,3
A27TXR7VCI5FKS,1797,7536
A33KVHOHK8CXUS,1,3
A2LGPDC2UMSK8E,1755,7117
A2DGHNNPG7LC,355,1114
A367W530H4IULA,1755,7041
AN886YAXWD1WE,833,2550
A29QYEEE110OWO,13,39
A18E5ZWX6SLMYC,5,15
A3Q4V404S9KTSI,12,36
A3OXHLG6DIBRW8,300,967
AI6ZHRJAX6IRD,1,3
A2EPUY7SKGR8HG,1,3
ART22XD9HEZXF,189,631
A1M27JAMAK7NWA,2,7
AR2N6KLCQIR6,1,3
A2RKUOA2OBZWYF,1,3
AHJFGFUQXOJ95,814,2481
A13NIA1DSNNIUA,3,9
A3VYW47RYSS3HU,13,43
AAGD3GA9ZVPLQ,57,181
A1TH1PYPDBT7D1,1755,7066
A1M9L6X2C2Q8RA,7,22
A27JK3Q3RT8MBV,1,3
A304BT4B0J3JM1,5,16
A15A6PG10R876X,1,3
A37A41GWQFMK3D,242,766
A2JU3Q7GRK3NH1,1757,7155
A244TGA6N5H818,1,3
A1WH7W4ICW2BC1,138,427
A2LCZOXLSRQJOZ,3,9
A14BICJ93WO926,1821,7705
A2B6DOIHYDAPJW,2,6
AFRQMU1KL3XWQ,5,15
AX6L4X3Y2008U,45,138
A3GQXY6ZVDDHLW,875,2751
A3FSZX8JVUWTJT,29,94
A73QXXU78JTD7,154,465
A3J3ZJYAINRZM3,1,3
A1XN2ORFU4W0SY,2,8
A1OSGWVEVRB81S,1755,7022
A14ZWX8AOLJ00J,3,9
A1LWYVHPDQLIW4,1755,7028
AIVTC720YT3ZL,1,4
A6BDY8JOCTIAA,1755,7046
AO4LGZG6TYW07,2,6
A2RMGINJL6Q16E,14,42
A2BC7Q2UXWCRYT,8,25
A3FR2BC3KUPFDZ,1,3
A17EOTC7REOQKA,16,49
A26N6WRMHKL6Y3,2,7
A2EIV862QN1JYQ,250,779
A3MKGUUWT9OOY6,4,12
A1PD8C0EJ2G3U1,121,372
A1CKCYP27LNCLC,2,6
A1K15H9V5FDBCV,1,3
A1X6RPC3CRETDA,1755,7026
A38APLA4OHH0ME,4,12
A2VBV1TQH7B3RJ,3,9
A14DZY6S9MLJB0,74,222
A3JLUPIEKL26CN,1,3
A6YCFDTFNHK5G,3,10
A34GYQW7JKB1N1,1,3
A1G13QMMHGBWKA,3,9
A10C7AR9HQDX8E,1,4
A24M0EYT4P3IAX,1755,7026
A14ZCXS3G7SIXR,21,63
A3MDQTWO6NOV1U,29,88
A36378CQKPA2G,5,15
AAMN4B5WGG9UV,6,19
A3LYAEH6HDDO24,1,3
AC7CFA2Z04FM9,2,6
A38AEKEKLJ4UQ7,865,2723
A20R17C1545NBD,1,3
A1VKII5VRZRX4L,1,3
A2TL4HG12TNKHJ,18,54
A2YW1MG1GKU8XD,97,295
A1VNC6K6L1TTOU,1,3
A3O3PQ3HA46DWM,1,3
A2L5QJ9ZSBGWHN,5,15
AZP5KBV96OFCR,1,3
A3B6U5U1EOVENW,36,108
AVD77QWI7VR39,12,36
AQF42UFHSOCMD,820,2496
A22KKH8J5IF0PO,1,3
A22M4VXWCVSTWD,1,3
A23HUK5PSS7FN8,1,3
A3674MCOVZ1916,2,6
AAILISG5F649U,807,2434
A2SX99S57RP86F,1,3
A394SBIRC4A8S9,297,982
A38JSYLL6IG5HF,8,25
AWHSYOG7EU5L9,4,12
AKJFX9GDBOQBO,1769,7425
A2Y15VRZH83JYG,1,3
A3FOGJQ9TBEOE1,4,12
A3KIOG0NDTJ32D,2,6
A2CLFJA3MY29LR,145,447
A9MPO2MTB83J,2,6
AKDE1IJVEJGYM,2,6
A3LQLVIJ6DMSH7,136,413
A3TO75YBKYB27J,2,6
A1TVFEIAK9EMID,1,3
A1C3BC3RT8WO2H,3,10
A23EAXITQRGS8G,1,3
A17JRGKZIPT7RK,7,21
A33ZVRR1D0GL89,2,6
AENRHAKDM5GMP,1,3
A3F8IYRHQ8T3R5,1,3
ATL9LGC00BN2K,1,3
A2HIRKOAFQQLBE,4,12
A3HUPQJVV0WB1G,813,2458
A3VPD286DDWCG4,2,6
AX2X0I6NZ32ZQ,1,3
A3RBS400RQ30GJ,227,692
A32GJLDP8NPQVH,1755,7040
A2W01PTQPMBA7H,1,3
AFA7CFY00YANP,4,12
A2FA2N7JZK0AZ9,1,3
AUTNUEMZI19Z5,1,3
A370917HX3FIE5,1,3
A1V8D3OSSIRZD2,4,13
A27FPXER19EIHE,826,2520
A3VH6T6M5B4DBR,8,25
AH55VMOLCUE22,20,60
AIBFHC1WKVVQE,1,3
AR80LTU5F40HT,1,3
A3N549QT7LRX0I,4,12
A3KIAPA2Z4L7HW,7,21
A25Y99OJ59YFH9,2,6
A1G5ULD1TW22I3,1,3
A167GFQUKHX7HZ,1,3
A30D8DNLD8VVHA,87,266
A32L1WHBU3BA7H,94,301
A2S4YGVFA5S0GL,6,18
A2Q9TVY52G6J8X,8,24
AVM792ZT6JGCI,1,3
A3C6PK3H8FS4CB,9,27
A3SIDCURTDXSYD,792,2378
A27WQQ5EHW98R,4,12
A1PJ1AXE3CP21D,1804,7616
AHF7SNSZPRNCE,19,57
A1T94YE76C3NM5,1769,7297
A1R4L80FGF0MO8,2,6
A1RIOSZZW23QUH,7,21
A3RY52TJ2WFAPY,804,2422
AQES9A9BCJ7CV,6,18
A33E4P7ABVP5RQ,15,47
AMSW8CRDVAYPD,39,117
A12UVLHMJIJNWR,4,12
A1DY9RIVIL3HLX,2,6
A1UM0RA94H9ZPF,1035,3338
A3NL6488FAXF0Y,792,2377
AKAVVQMXSAIGX,2061,8738
A1MHLDP3MHV3CL,1,3
A3WNIJW4JVFEB,4,12
A34HYXA3MWS4OO,16,48
A2542JORVF514Q,1,3
A2YOGZXERQPS7,3,10
AO82FVJPK0XKL,2,6
A3NM43K7CMAGR,86,261
A2SZ5LI4MMQL62,797,2405
A1MM6YE01RVS2D,1756,7094
A1GJA4JLBRV1NN,2539,9644
A1Z7H03VVL3MEK,13,39
A16HNDFO2TYX03,10,32
A3UXZHSPOF7EMH,1,3
A1QXXAR7PIGHO2,1,3
AHQM71JXBIUPY,1,3
A3QBVQX3IXGIKI,45,139
A298HLZ2QHOYS6,1756,7082
AM9KWIIWVTX1K,1755,7020
A1BVU0B84BUYCF,143,437
A1E2WLJ4S5QW34,1762,7397
A1WIB0YFI2EDSU,1,3
A2ZJE0EV8S6G9U,1,3
AVRRUV067OF9O,55,166
A3CLQ56JS04DRH,10,30
A20VWPIRG9KGOC,1,3
A2O4KCGF2ZZN8,1,3
A3TGGAQR23EZFQ,1,3
A1KEW6Y2GW5NZF,66,206
A1KYRSO7Z44BTO,3,11
A3UE62HLXB8TR5,3,9
AER3E6H8M0DLL,4,12
AU0Q6LA3WY65B,1,3
A2FRQT7VZ8MB98,1755,7021
AAS9WWKA3Q9XX,1,3
AGVB3UZIPFHEF,5,15
AS5RTYAU2VCGR,142,502
A2240TUU5U4MPV,48,144
ANSVB7OYSXZSL,19,67
A29Y86FIEXKPK2,3,9
ANBC2QBZC418R,4,12
A203Q3VIFANQJW,19,57
AQXJP0OB6DPPI,25,75
A2081JMF7CBEOM,1,3
A5ZWUWLXAS2LH,12,37
A2T2PJ8BWUO7D,14,42
AEH6RQK338XUX,17,52
A768OB1LNE356,13,39
ALABRHJUMT4PC,2,6
A28A8K9NM66WS3,1,3
A2SHWIOE8TVWJ2,3,9
AXIUW33E70945,1,3
A1EFL0W7WFO0UX,2,7
A2ZD41DW6S1C6J,2,6
A2GKM54OCIBU1C,1,3
AWZLVPE8Q5JD3,2,6
A2LFFIR1UZZHYP,2,6
A31KV8KGHQF38W,1,3
A11SY8HZGAGGG8,792,2379
A284C53JPM101O,1,3
A24EZZMQFVWLYZ,1837,7720
A1L2S18BTJE1BZ,11,33
A17JATG38DU0H6,3,9
A3H7XNBOIOCRHK,815,2466
A1GZXH77ZII8P0,2,6
A3LU5CZ6R4GJDD,1,3
A1K9D1WIS6HT6F,1758,7150
A2GUXDRMJS8RYL,2,6
A2KXWFHN1VNLR1,14,42
AZ1CE2XUHNGAW,3,9
A22810LZ1TDWH2,66,200
A1T62HDBC9V7PV,2,6
A395RVQDH28EK9,9,28
A2W0W30GBMIONS,3,9
A2LES6TVC2FPHN,1,3
AFUXETAHFUXFE,312,1037
A20FNQEUHFBF7S,1,3
A4JZ4P4U8GZPK,2,6
A3O9JAQME0YOB0,5,16
AUCXFD552GAZK,1755,7098
A3OU0AQ6RB0S8Z,1,3
A1DDL6AL54VTFN,69,207
A1VR8TKY9QA3YK,1,3
A12IDR2TVO6KYX,7,21
A2QZO7NRW17V4W,2,6
ABAQQQ1CNIAGT,6,19
A1CIICXTHW66HB,3,9
A3BCVMFXC4MD21,1,3
A23JMHRQC936RQ,1,3
A31R2XD6O4ASDF,1,3
AWKVQQZKTRFAL,811,2458
A5Q93ICAPU981,1755,7102
A2JW3IM9U6O5BH,798,2403
A1SCQA2ALO70CV,211,641
AIO00LM9IL7FA,4,12
A2PKWHEJ4CF4FR,1,3
A1DP5SUNXHYW7V,4,12
A1WH9Z5S1J1VA4,36,109
A137EAXKXYN617,1,3
A1YCDZ4K4G0CN3,1,3
A1CCY26OZ9ZMBG,15,45
A2BAZP9QKC54W9,31,93
A1864ODA2IBVV6,791,2374
APYPCC9IW0525,5,17
A3RQTV2HCYLMY6,810,2457
ADP6XSD5E4R4G,1,3
A9YM0EVJYEHA8,16,48
A2GY5AE3760YQR,7,21
A5VIWUA9FB83I,1,3
A35FY17H97T5JG,2,6
AZHO4T28XJPVI,16,49
A18UX27TFQ9BFN,1,3
A1ARIIDS0IPYLC,1,3
A2173KL6L6JDZM,48,152
A2WV7PFHD06XL,14,43
AU2TEZYYXKLL,5,15
A2KCDXJCO40RHZ,21,63
ANJ5YBALRSG7I,1781,7317
A2ITNKQMD3JFQI,2,6
A1F4HU1EVAFB2D,1756,7091
A18DBN6BBQK13J,11,33
AV7RNE4NMV432,1,3
A2T2SAJS88MYU4,157,479
A39QT6UEO3XHGS,792,2381
ADNV4SOGOMZXP,1,3
ATJ2TD5F4O1X1,2,6
A5SRLPK9A3LG,286,894
A1VH6QWC6JZRAC,1,3
A1NE4RNLXPG8MG,1755,7046
A26OUCJGPPISJ0,3,9
A1N83EOEQT7TMT,1,3
A177KOBV19LGSZ,1,3
A2PGSG65UJ7X03,9,27
A2L99VOVU89BIS,9,27
A3N3ZJ34MFE3NQ,1,3
A3HH340REI4J47,27,81
AD3WGYIEQ65JM,1,3
A3O4SQAOOK5DDY,1,3
A1BUKPN5HS5AO7,1,3
AMOE0JE69TBLM,5,15
A3VGDCE1OATWXL,1,3
A3HP6W0NLNA6US,2,6
A29ES5PXIOSU9H,1755,7046
A1I8Z5JI3CFAC0,1755,7021
A3DUJWW540I9NF,1,3
AGDZMK38N9JL3,54,165
A1EG19FZKRLV2F,20,61
A217P3VED5LG6F,1,3
AOUKJWKB4BJV3,1770,7431
A1YAQRM3V5UVQM,2,6
AOJ632G889T5C,4,12
A2FV4F6LMKA7RK,1755,7025
A1524JQWCRZ0XE,3,9
A38044O77EWE7Y,1,3
A18RNA3H35GCHV,3,9
AOZMK9XVC74QF,2,6
A3O2HO6R9C32CA,1,3
A1CIGBYP5OWA4Y,1,3
AU4HQFUN58YIW,13,39
A3QH9XQY68M3E3,1,3
AXFRTZJ4EBSM4,2,6
AUSZT82ZGLTHX,19,60
A3J478XY6J9FY5,1,3
A1QRS7AHEOOR5L,14,42
A35OEV55Z6DNAZ,188,574
ADFPMVWPG4U2P,1755,7025
A2VX1ZVOPQ5WJY,1,3
AMEZJVXMSEPY0,1755,7049
A1L4JT3B0GRK01,14,47
ADX51B11I24GZ,19,59
ALMG59COYBDPV,2,6
A3HKVSY4TPBUW8,830,2533
A6QR5IA29AEHY,5,15
A3FMCS92OIX67F,1,3
A3M58BO61645D5,1756,7065
A3LKAWO2CN2CS7,41,125
A2DGTXMXB44JF6,1,3
A2AGPLZWVG02VW,1,3
A2S5KKKGQKLG9B,7,22
A1QJMSD9ON1H9O,1,3
A2GMVCX5PBX0M2,178,535
A1ZXJZI2DCDQHQ,1,3
A3CMSCWXZIVJQ1,13,39
AWG58803KO9D3,1,3
ATJ8ZZ9CBH1RN,99,306
A31E4HVRZLEK0P,3,9
A1G4KB0JGQIS09,14,45
A341VBF5SS0SA1,3,9
A3I00631S4D23K,2,6
A74IPVDZEHJT8,55,179
A180X7RVOB6Y41,282,866
A2XF1IANVPK7F,23,69
A26UD77Y6FF0VE,1,3
A21Q29J3ZWPDNP,1768,7335
A3VV1OH18CFIKQ,19,59
A23IIT7RJKVTVU,1755,7066
A2C866SST2Y1DN,21,64
A1XROT6RB076EJ,114,345
AKDQONDXN72MW,208,645
A7BOSOXRFM165,3,9
AFVEXGFK3UKAW,1,4
AH8T18KU88TXS,13,40
A1GBK442FMSGRN,65,201
A1YNYP6PQJKXHE,6,18
A7EWNH91ZJOFD,1,3
A2FIHIX2OGYBUE,2,6
AT6BT72SEV5T3,797,2414
A2L0OTLMCHVYBJ,215,726
AQ1IWREZUHNLN,3,9
A2JGECGXTECQ0F,5,15
A2HIPFRJKDJ3XU,5,15
A2KVEWIM36L9VD,6,18
A1ARTNGCZUV6J1,1,3
AZAYBFPLEDFL7,37,128
A2QUWMIH4K6DKV,1,3
A3FJOEQTHXCB3Q,3,9
AY1PBW0ZWIE6V,43,135
A15N31K8F1UENK,1,3
A26M5O53PHZTKN,822,2486
A2QWRO8068XCYY,2,6
ATG55GGD7I20D,8,24
A8L6Z9U1TCP06,1773,7289
A3OMLPJA2BZOUI,1,3
A2SS4R4VFD42SX,201,618
A2BRKLV7FQ1HVS,11,33
A2KTH9HEFSON6A,2,6
A15DSKPEVSNDX0,1760,7163
AT01FH4U3GP0O,8,25
A24VMUKKISK6CJ,1,3
A2ODHZQEABHO8E,4,13
A1Q94IXHEGQDV7,1755,7178
A5OFFCUVV6U18,1,3
A2PIMM3KERIMU4,1,3
A1N5COKWZ7CR6F,3,9
A3R4MKUHADX5ZQ,17,51
A3AKV59XI2GQHX,1765,7185
A2QMBYJ4CVPMV7,31,94
A1SNC0VGAY8F37,1755,7094
A3PYKJYRH7LFJY,1,3
A1QT4U10DUPX2,1,3
A33VO4F87HEL8D,4,12
AR8MYP87EL60Y,828,2531
A163Z1B09PF4DL,1,3
A27GHI41M4VX5I,1759,7083
A110ZEDSNASVCO,4,12
A1RY961AEI67NT,5,17
A3Q0R3AEZAMHIX,1755,7062
A3J4JZYUPM52OK,20,65
A3JTK9G6URXX8X,12,37
A2T9EY79KGLB2N,56,169
A3JN13GK20MILH,1755,7020
A3SMT15X2QVUR8,23,75
A3AK56N2F4U9Q7,1,3
AMMIEQ2ZTZRAI,794,2389
A1E7NE6PMLB2BK,2,6
ASK1PIKF3SORO,1755,7063
A2XQT3TV0MYRNJ,1755,7106
A3G79ZEL5LHKRU,27,88
A11212PODKBAX5,1,3
ACXL1PWXTK8HI,1755,7027
A2HPFD2AG666M7,818,2480
A3ADSZR7QAQ5U,398,1291
AFOZ2DYRE9XJ6,2,6
A3S20N6TEF02MV,1755,7056
AO9G0BSJ80V10,1,3
AXWEQHTXQWR7Q,375,1200
A1YMIW8FGBD9U6,794,2383
A2SBFQ3KSDWUNW,4,12
A1MBEL1HNPHOE8,798,2401
A6KYDNP84GGGJ,835,2559
A235XLLAYPPM0G,2,6
A12D54UI6GZV2L,1,3
A2OSWBBI557NXZ,173,536
A1TXQEG79JAW1M,2522,9464
A1VAWVNYMI4X4T,2,6
A1MCMSRNN2AS1F,1755,7139
AKALIDNS3NMZ7,792,2379
A2YTHWQ65JRAJT,1,3
A1QQYD90FB5ZEK,6,18
A1TE50SI4KLWV9,1,3
A2K5IZ8UR8GVXF,1,3
AF8QF5B4VCKFS,5,15
A25B05CE3FO6UX,7,21
A1HFS98V8L8EZ2,794,2386
A2XBVG6WF35O08,21,66
A3JCD6SCSSFLQZ,44,135
A350HRB16YUX9P,2522,9494
A3NI2W3RCP9VCB,1756,7081
A14JIZXOO0KY1,1755,7373
A3NKPREAAYLJOP,1,3
A2O88RPNKJGF9J,1755,7063
ARID6HRKRWGFW,2,8
A3KSB1V5JW1QS2,1755,7046
ARYOS2GDH5K5B,18,54
A1GBZ35XZ6B95N,4,12
A1UUCIQB2FJIHN,5,15
A2OTSI6BXB4CT3,1,3
A3JVG9GC7QDJYJ,70,217
A2685CX7HQ44ZU,791,2373
A2ISO2VMLLYM5U,1755,7022
AAHWEXO3Q8T7I,1,3
A1UOZNJ1W7JFSJ,808,2439
A2XYUNWR9BTD7Z,46,146
A1J8J8FQEMP8E6,1,3
A398B1OVYPTLY,12,37
A127PZRDWQV42J,2,6
A2BWBZWCK9TX76,1,3
A2I47UG6WAH3HI,1843,7736
A1L3DKKS78WA0F,70,279
A3DQSVJSHKVVJX,1,3
A10C5CJK1YKGV0,1756,7039
A1Q13JDR48QIO1,9,27
A1K2Y5PR0BSL5R,221,677
A3UD50M7M72150,6,18
A2N1BLDKP9VTE8,19,57
A36BHUCH4DVJFJ,14,45
AFO88XFI3LOEX,803,2425
A2E68461IR4L25,154,463
A68UI78MF1VE9,1,3
A1QTQHWMT96ULV,1,3
A1D65B0YVKP1R2,1,3
A9WBRBLU8A5TK,2,6
A222KW1XP6TT4K,1,3
ANDICLPAIU1L7,1,3
A3SJP50RY6PNM1,1,3
A2BLWDRDGQJ6Q2,1755,7027
A1TG12OSOHVKFD,5,15
A2QJRGXUJRLLSU,1812,7709
ANOD0PV6D7SEO,2,7
A1UAJQOVGIN192,6,18
A2UG6A7AZKP3EW,1,3
A2F92AOWTIUIB,1841,7730
A33EQ6SFVHN8GZ,1755,7022
A3DBZMIQMMZJEN,14,44
A8W1G0BMJW4OU,75,229
AITAWHSV9S5NC,800,2408
A2D0PI4CACTE7I,1,3
A3HKZSCGFU9T2A,369,1199
A966Z1RVXRLS7,1759,7150
AIXVE79WLDJA,2,7
A1ECDS77KEUVMH,11,33
A1O35JXR3CWD8W,2,6
A1JBMCV8K835AY,12,37
A2L8GVAZ5GTR4C,805,2426
A2F9I7CI9GWANO,1,3
A2R9Q1VFWWE0ZJ,1,3
A2FL70PMR394A6,3,9
A35QR07ZW63T65,862,2671
A150H4GRFGL19X,1,3
AGY6LW68X50W2,178,542
AWT4RE7CDDV24,64,192
AQKYD15CCS8MG,1,3
ABUOWA7815DCI,12,37
A1X6XCDLX87P1F,10,30
A1CCKFD3ZTGT3K,18,55
A11P7PDFFZFVWO,822,2497
A27SKPJ5UAB2VS,1,3
A2WJRYFPMI1DN8,2,6
A23OS65FDCSSUJ,820,2506
A2A9OWDFOTQZP3,841,2593
A1WS3Z5H3WTIZG,1,3
A1283WS6KB82VR,1,3
A1L2A9XCIQ4VNO,4,12
ARXGQZCYJGM5R,16,51
A36SHII4GE07JT,6,18
A2P6P7JKEH6LWS,153,459
A2Z5AV1BLMYNZ6,2,6
A1NAFKRTKUA19G,1755,7025
A7F3I7L3MZJWI,1755,7368
A1QR0RRXRCTSDA,2,6
A4JMGDEMJ7R01,1,3
A9MZX2IT4GPOC,21,63
AB0V1FWILVXTB,18,58
A1IB8DLGO4B2VV,3,9
A2JND2CWSQC2F2,1,3
A2E1CFMBSTAI6,6,18
A1JCQJTUERHNPN,1,3
A99C88T0M04UQ,2,6
A3TJ5PJXQH65PO,82,251
AV71PN7TRUJT0,1757,7099
A1E2ZB5UFV2RW1,4,12
A199UZUB12RAKA,1,3
A8B7W1LL9JF62,1,3
A13798OPDBLDCO,1,3
A1VW19Y79DC0GF,3,9
A15JBTPJJKRTEJ,1755,7047
A13R90DJRTNKWK,1,3
A3JNLWQQV8BOYL,807,2460
A13TTA3W745OFP,1,3
A2LOB71S82MKWL,1,3
A1QFXPI7Q4PA95,1,3
ADSK8P9CNBSCD,1,3
AFA4M3521JKBD,41,127
A1REYVCV9YQRJC,2,6
AQC9HSJXMQ9YA,1857,7811
A3DHRCV6CWPOPA,2,6
A8592JK2YPZVY,2,6
A272EFV0XZ42PF,1755,7020
A2WJ6Y2KOXJ6FD,1,3
A215GPS2IFRI7G,11,34
A12WYA15HUDTZS,1847,7501
A2CDUT4TIIN1YC,163,567
A1CUB0ZXLYIAFK,22,67
A3U0FZ2EPGIXM9,1755,7021
A25KUYW5K9EQLM,9,27
A1GG7TM6JHDFJB,7,21
AJD7PVQHR03YC,1755,7061
A1IETQQC4MRKE6,73,221
A2IHGW4S28L89G,6,18
ACIK25KGJXSEX,2,6
A2UXFI0HV0TBHR,4,13
AHYVFHLN5KEP4,15,45
A18LZ6VHS4DK69,2,6
AMRP07TPLU9LC,1755,7037
AXLRGVI3R5JDC,794,2386
A1MLO4K906F77M,1,3
AVNBFUJDKPX61,1755,7020
A2BXXWHTCUF1RR,2,6
A2DDXR4PK7I2ON,6,18
A3LQI6DLFEXOVJ,1755,7170
A2JUE1CMF3C11X,1,3
A2PJ57G6PXKV6,3,9
A1NF3ZPGQTZ30N,1755,7070
A1PUPMJNBKHZ9Y,1788,7336
A11A9U6FM9FVRT,30,91
A2CE4IBPCEM1KQ,80,313
A25GVBAWJBWUW,1,3
A1QY0ZMWPY5WFK,2,6
A1VKMZFB83DAIL,1,3
A22VTD4S07QURU,3,9
A1X2WKMIHE36MS,22,68
A1R9W26DA69PII,185,563
ABN3XP8MGZTV,803,2416
A7P4M35WAQDDB,4,12
AJ0PG46QD33RD,6,18
A1NG7JEDB23Y06,1755,7046
AVQEN2UAO4UU2,6,18
A3CMXRFIWQCBKQ,2,6
AXVPFCA3RL9O6,2,6
ASBVN0A36DQJB,3,10
A25KD6M33JTWID,35,108
A15RHB4ZTXY117,11,36
A1V8BX6I4HIXX,1,3
A1QFX86GY3TSM7,1,3
A1NQDMZ1AVZ5AQ,4,12
A3CV9IPTNT34GP,6,19
A3O1R924VJEGSS,1,3
A1H9TJJC11DNNM,1785,7489
A2VJB0A93BQIDB,2,6
A17APS7G23RGQB,11,33
A2R9V9D293LG8S,4,12
A2OBNNSB9MJANW,11,35
A2P87HZK9LE8OR,8,24
A2RQJV2X1YU6NC,4,13
A1FSG5HBSGDERR,3,9
A2SVJHXR6T8LVJ,1755,7096
A4P884JTITD2U,1755,7022
AAON97IT5IHP2,72,218
A11G9OKW1Y0ZUS,31,98
A2R0VR997LNEXF,89,268
A2PWD6VI0JI4T6,1760,7289
A3MYWQBS4YKCCE,1755,7137
AOY459LVUBKLO,2554,9679
AVYQDFUP1T1L7,1,3
AWNEUA33SAJZK,4,12
A2DL0MUFK6KQ1J,1,3
A1RNQGYKE0YTYG,2,6
A2BC2I5SO1WMTL,6,18
A3D0UHR0PZFAAE,5,15
A3RTD3FH5ZDVR8,32,96
A3U2IJW22BMLTO,3,9
A2A78MLDTL7UTL,35,108
A1HBR4N7VODBDI,1,3
A2T4MD1M3QHZSQ,798,2396
AT8JKLL6TPA7Y,1,3
A31WWCSZ3O3RMP,9,27
A27B25H1OX2ELP,1,3
A28X8QQ97HM6CX,21,67
ACFS8M60BMTRQ,2,6
A368LY0EVS8I4S,13,39
A3SYZBP6GY7YBT,1,3
A15DCYKMQCVYMK,9,27
A17RJO3MUHTVHV,5,16
A3A395RSMN9PFH,8,33
A1WBYOXQPMJQS5,4,12
A303LCIPYWC8FR,1,3
AHXIOVAB736DB,6,18
A10NJEIG56RHN5,4,12
A2Q9NLR5VU1J8D,2,6
A2H86N27XIMI24,1,3
A1YKC2VCRC98K0,43,131
A3IKLE4JAIWMRS,812,2470
A1TSUPRBEMV1FF,2,6
A27X7S5EZQDGA8,1,3
ARO25A9PGF7XW,3,9
AOCZCBSRT1STT,3,9
A2IC840MKTMXF4,12,38
A2HZFCVGMREUQ1,2,6
A3TCZBB5846K9H,1755,7023
AVQBPEKA0U414,1755,7026
A1I1UN6ECRWQ7W,1755,7024
A2U07IGR69TON0,2,6
A3BFTUV5VOQUMY,107,325
A2EOIZT1OUPFB7,95,287
A9D4JNHCQD2LM,4,13
A1JM4L4Q8IM4C1,1755,7025
A3MTFCLWPKRYD0,840,2574
A3241I3E0VZU0Y,3,9
A3FA4KYVXG2110,30,94
A2PN3GY7I3EKC1,223,712
A2OID3Z6MD170X,405,1352
A1KF9HMAJU2EWG,8,24
AHS5O6ZEH7BXO,19,61
A1AZ7G19GEHCFB,2,6
A5P9AG9HYT91M,1755,7030
A2OLKGK3LZE8P0,21,65
A3FD3HL2GI7CK,1755,7034
A17O8N8T4WJYH2,3,9
A3HKKN96CD2UAX,2,6
A69AR1PDVG0LC,6,18
A25XPMB533XGYF,1,3
A33TM5LKTEMDE9,1759,7182
A15MN0FUBLDN46,1,3
AQ9K3SUDP4TA4,2,6
A571VQO63NQWD,1755,7020
A1K91RACN52JH5,7,21
A36N39W2U9UYOV,10,33
A19PTO4DIC59WE,163,496
AORZU881DZU1G,1755,7022
AV23LS2HRGERQ,1755,7074
AJKDXMNYPWT1M,2,6
A39GCOOEXQ6QQD,1814,7375
AEUT4MUMNT2S8,56,177
A2Q9IED9FVZ7TH,794,2387
ALQSLK948GGFY,1812,7666
A3LU9NE92HQJ5G,45,135
A265SU6RW4ZAPY,10,31
A2AIFWGX6KSUHE,20,64
APRLJJUO0LT3E,1,3
AL6PYFT4A17BI,13,39
AUZ9IPTKJKFDK,3,9
A1TG9X3Y0FVWWB,2,6
A2SD3INKLYHDQG,196,590
A34VZEFXQJJ7AT,22,71
A22T4H0CPT6UJP,1756,7074
A16FCGBFK31BWQ,5,15
A1Z3E1A2XZ5BK5,479,1601
A3DPQCDLDEKANL,1,3
AFM3POSLJQC0J,9,28
A3QFQ4JILKR6B,1755,7035
A1PUKRJ6UXB16U,793,2389
A3FQ7J1M02K4L,1755,7027
A1HR4TQ0HAGU8T,5,15
A24Y782XCAQNFJ,39,121
A1LKZO32C93INW,7,21
A213GT1IEJASV9,1,3
A1UQBFCERIP7VJ,1,3
ATXHIE1G3CL6G,1,3
A2AH7HRHDTQENH,3,9
A2VEC4WL9WGCSH,838,2634
A3D2YHVYA7SXRJ,1755,7040
ARYLHW092C2Y0,1,3
A77Y98BDW8UAK,1,3
A2XGLL8Y8CWGWE,1,3
A1WM4A1D0PFYIL,1755,7044
A24ABS4XCS863E,1755,7026
A26EE0PY58UWS9,4,12
A3BM9QEZCTYFGG,5,15
A3W2VF6D09B2RN,1,3
A23Q9IBWDVDJ6W,1755,7031
AIKXA433WAQO,1,3
A35F122I04CBN,793,2381
A2H8F8VUDY8M7M,16,48
A2JBOH9K58W7ZD,1,3
A1P00Y7RV0UX93,1,3
A29RO6SFXWOFAD,4,13
A1A39H6UHS0IK3,1,3
AED59JXKNJAUY,14,42
A30UN4ADTIY5AO,2,6
A2AQ9GBS8GKSIT,2,6
A2F0TEK5I15QK8,172,531
A1TSKKBNV38E8Y,818,2486
A3UWPBJF68VJJ2,799,2410
AZMZ4P49835F1,16,49
A1QVJOLW0E85Q2,1758,7169
AJO5UGNMFVDJN,12,37
A2LCU34580LSBA,926,2795
A35VT15DH67G3D,1755,7071
AH0XON4XDOF2C,11,34
A1GT6RG6VKB8X0,1,3
A3W0T7YG8F9J0H,21,63
A1LLKRI07I04BP,3,9
ALAP3EVYQ7IL7,10,30
A2A0V1METFBH1W,6,19
A2Z15UQEUTE3T9,1756,7186
A344PH1Y1MJYWN,2,6
A14V80JV302W8R,1755,7021
A3NGJKTSJ3TW76,18,55
A3ROFDX81WN3VN,68,215
A3JWIHS7MSVEHQ,5,15
A3RIC7WLCYM39,5,16
A33UH4S1YS9XYY,4,12
A2VZFLI68PPSLP,1,3
A3MY4TZI3R7A1L,7,21
ANT6G2T9E2XU7,2,6
A6LZQG06JCQIT,4,13
A1QCI5CDHTFKH3,3,9
A3GPY8E4MPUQKW,2,6
A3EP0Y5HIQPC8M,10,30
A1MEGWMIL5FQOV,9,28
ATVJC6KGQUK6N,6,19
A3T13HE047NI26,1,3
A1XN956DV5MVUM,11,33
AW1VA3H8A5N12,3,9
A3DFGN57S6ZKOT,2533,9537
A35FRM3KORVSTY,1,3
A1JOANG98KBFKU,2,6
A2K32YNOHNHFKL,14,43
A2RUGSBYLJ261S,3,9
A3MDS5YJTG17FA,1,3
A2P4YPMER0SDQJ,1,3
A29F4T1VXNA9AD,22,69
A151PZUP8Y7WP8,7,21
AAQKJ96POXBJB,14,42
A35HTG0YUEKFGM,833,2547
A36KAD4PKVSOYT,868,2708
A19B9COPIZO9E,3,9
A3EAVE96K15COX,26,81
A3TMOSSW3812M5,1,3
A360J571TGZ2VU,1,3
A2LFZYO2RBF7SK,4,12
A1GXEW36G01NYT,7,21
A28JEUI94PMR4W,2008,8561
A3QP7DCWV3N3IE,4,12
A2IM932UE9I6SL,2,6
ANFNP4IJCIPQ1,12,38
A21VI6TKFRAQXA,837,2583
A3NHUK1ISMZCFZ,4,13
A26ZQE4Z56AAHL,8,24
A2A9C4SSNFA49S,35,106
A243BFG3Q0SR26,1,3
A133OXVDW3GR47,1,3
A23YGAIIIVTXEJ,813,2469
A22QT6HM216EYX,2,6
A3NIZ8JO0QSUYE,1,3
A16GOVMQSHGUG3,2,6
A119WOT051SZNP,1755,7053
A3YVD62FSVIUJ,536,1994
A2VV2WRLTWTCUM,816,2471
A3UHTR5LONONG4,1755,7051
A1X53YO24OG45S,16,48
A15KT5NFZY1WR5,1,3
A19QGXZ1YSHML2,4,12
A2CVVR1UA947XN,76,234
A1LS553NIS5E09,1755,7021
A171YJYF16MUU,7,24
A34KO3JNKTZU6Y,5,15
A2HPU54JSUKL0P,791,2373
A2NWRAVRQ1ASXK,92,285
A2B8EH0WIVQXNB,1755,7020
A3BUN5KKKUMUIH,871,2724
A3VYWZH10P32E0,2,6
A3NI0EXVV5SFA4,813,2470
AQTAPB1LFPDQN,1755,7029
AN04YCDJ4PQQL,1,3
A38U7HY8ARYC73,817,2473
A37HGL1XGAIF1F,1,3
A3J4HOQK82LKDV,800,2411
ANULG74BFCQI3,56,176
A2E2CJWPL1YMAR,4,12
AD50SPGUJG60E,9,27
A10APIDAZISWQF,9,27
A1TMNDCYOTNO8F,1,3
A2GA2GM4LWESIC,88,272
A1N883KAZECGRP,1874,7895
A2XH1OGUZSG42V,2,6
A13NSZ1NHUQ670,3,9
A226XCN8Y2DMO6,61,183
A21X4AJJG3HZZ0,2,6
A308FNGHIS0CC2,2,6
A3O9NLOANIKGVG,7,21
A2CYDOCM2DAJL,7,21
A1E8O5HQ3RF08X,824,2536
A1L0ERV84380YQ,12,38
ALITQ6A99A8LN,8,24
A8QLO84NT048I,2,6
AYM76JWI220Z4,1,3
A315E3JVW4K493,1759,7189
A304MYO0Z3MYJB,21,64
A2J96TR10FU6XZ,19,57
AF4L87O4PVENA,2,6
A2FJX1S4PN788U,102,375
A2ITZ5V47KU2CF,1755,7030
AZQIL47UT2WV5,153,542
A3DSNTLRYKZV8S,3,10
A117MMLJT5VYHS,1,3
A379X45EOCRXOQ,1,3
A1U7RNEQX9DLZV,1,3
A152OV1YVQDU5W,5,15
A3DKK1R1CLAXPC,4,12
AO8SHQ1S41GF4,2,6
A2JZ46BOXEGY0K,1,3
A52REIMRM97HV,1755,7094
A3D0I5TLNFFXWZ,85,288
APY6XOHITM0J7,1,3
A2T1JT716TLELI,104,314
A2RQOO8VYAEZZG,153,463
A68A55YBXM043,3,9
A15S5X97UKY6H5,45,141
A28BQFEYMVJE3C,795,2389
A1VIHDS941MNT6,1755,7033
A4S0HN7GY4WOH,2,6
A2RLK5EZHLFRH9,1,4
A3VNNC6YER083I,17,52
A31GXUDTE66QK4,15,49
A2HAP6BLLT4D9X,1,3
A2PXI392DAYSX3,1,3
A1NOLCRAHYWJGF,1,3
A2CQVHW11QVZPS,87,276
A2OE96KWTMUZ1G,1755,7060
A2XD36ONYLNU5J,1,3
A7EU2BWLLCJY2,13,45
A2JQX3TWT2YI5P,24,74
A2Q12SKP3A2W3E,17,51
A39JMLMY96E8CP,3,9
A2MGKSKF1PC5PG,1,3
A1841Q7OEHIW6Z,1755,7024
A2EZBKKBVLNXQ4,3,10
A3TX9SZ4MI5QTU,1,3
A3B19EGF9MS1XP,4,12
A10HHM1V8KAFZE,4,12
A3FV6ARXFEAX5Z,27,89
AGHMAMHIW4CDQ,18,58
AG8TVPELQ4S41,1,3
A1MXH3BYCRQ6ZU,5,15
A2CO7EYXWCBFHA,1,3
A19HM6Q8POAIQM,1755,7037
A1350SO0ITKFVJ,1,3
A1PF76P35UBZDZ,35,115
A3JD4EB5FUQSC3,2,6
A1AV8XFQNOQTYH,375,1238
A2N1QYP0EBFVRM,2,6
A13IN8JEQJAQSD,981,3127
A2L9RRGLE2I644,889,2790
A155S4RFC0PQZ1,791,2377
A28X0LT2100RL1,4,12
A1UJX9NC57TW5N,10,32
A22JD53Q7XKYUN,1,3
A2BDEEBMXQUR54,2,6
A2KQSNZFPT8PCV,1755,7031
AL8SPCIEG7UQV,3,9
A2W3H4MOONCN5L,1,3
AL3G7RTXMGLDQ,22,71
A32WSJTH8ZWZC4,2,6
A27IKDT41PMFAR,1755,7020
AL1PNYDIILV4D,11,35
A2GBMK5GEWSXDR,3,9
A1Y94IIMYPGX1M,1757,7085
A2JK2ITE138P7Z,21,64
A1SDYOYB01Z7O1,1,3
A1F696DOXJNBTX,1755,7053
A2JO8OK398EMI,1755,7027
A10ZZKL69LGS3W,811,2450
A3SWILFZNIU1HO,1,3
A2LFI5IVQGTL8T,1,3
AQCPTKTUQXXQQ,1761,7264
A19TWTL8NZ7JT,3,9
A3H68ZXQRTV2N7,1,3
A2E59QICB3B7U9,2,6
AZHVJV0VV3PZK,23,73
A14PK4T3XW0OEP,2,6
A3OZY3X7Z13JR4,1,3
A38222SPT4BMWK,2,6
AE8MG2D0H5CL5,1,3
AMTHO44ZEX51W,9,27
A3QGUQ49W37IFJ,1,3
A1YOCBS6ILXP22,1780,7468
AA4WKCUAGPBSQ,17,51
A2VYA8ZW0485GX,10,30
A7MU0SNVW1NIK,6,18
A1ERFG955PIDTB,171,515
A1W3CEEQBJ4GTN,2,6
A301JJZU98FLK7,1755,7043
A1WVO8UTVERTOT,2,6
A11CUP855AGGID,16,49
A3FOR7FY2T74EG,8,24
A3LQZYAW9J8OHI,5,15
AVHUD5I1TN8IG,1755,7021
A3JDP3IVX5P1TL,10,31
A27U782TYAC9HH,5,15
A1MUSSKSQ5AJA6,3,9
A2VEGSU4JFNXRZ,4,12
A21BSLDCLEE6TN,1,3
A3EDRR74FV64L1,1,3
A34XN3TM9ASKLE,1,3
A3KJEXV2AYFVGX,1755,7026
A275FBMMH6E405,164,511
A2XDJEHFLGVP8K,8,24
A1HJA6LQARELOH,1758,7130
A1DUZRTF7MADE6,2,6
A1AEQ29OF6KKUC,1,3
AV8MDYLHHTUOY,24,109
A29VLPAVCAQOV2,962,2971
A1J1E2BBLI80LO,1,3
A1365RYO0BLEMI,14,45
A3PCH9IA8EH6LI,791,2373
A1DDH0FUBE1XMJ,22,70
A1H2RD4UOB9FCZ,63,189
AFBAO737XR5TJ,9,30
A27UAE2PME5TRV,58,179
A2PMEERMGL3AUD,10,30
ANWVSM3AZ7ULL,2,6
A1Q069TNHCMZKZ,1,3
A3Q6M1UREWVU62,5,15
A2LHS0HKPHIQ68,4,12
A1RAXV36WMS9WN,805,2434
A46HAHPQ60YMU,1755,7053
A21TLMGWXIKWK4,4,12
A2GZ2LYDM0ZLNV,162,487
A2V27HHUUOCOS6,1,3
A1IWBA6Z3PUYF2,1755,7042
A3JY1DP21DLJRI,12,39
A3G2PCMVC6FMQA,2,6
A3T9A3J0BZNIMY,9,27
A16Z3HTUIYPDH8,1776,7188
A3FFKU2MTCOBM1,3,9
A2WKXNSHTOOIWL,3,11
A152CKXS2TXIGY,795,2391
AC14O8CFLBX26,43,132
A178O10M2U0XDC,134,413
A3S1LSTRW57BP9,232,732
A3Q8CTLS6L7OQV,1755,7020
ALYI0PHU22KGJ,1755,7069
A2AACL05OG611Z,145,437
A12D965GUIR3HE,3,9
AFBPONSAHD32C,791,2383
ATIWRV9R5YWJC,4,12
A3RGY6UBZIA12Z,3,9
A29LTLDS2ZLTUU,1,3
A31R8M64SNZ62I,178,561
A3MZWM75KSM1P6,835,2551
A4A75654P6NHR,21,66
A2DHP4EROXI2YK,5,15
A3BMX4JT6LH9HQ,1755,7021
A3L7A51B8IXWYB,5,15
A1R7TUKPIK81T6,796,2390
A3Q1Q5U1WU0WOH,9,27
A2RCCN4KEXZGC8,45,136
A3Q9NUMXY91MIP,1,3
A3KH8VP2TMSK3G,1,3
A1AWXXBQRQN13I,2,6
ANGA83ICLEV28,792,2377
AY20S8XS9799P,9,32
AXXJ1LHG4Y41C,1857,7764
A1HVD85HGVA0DI,1,3
A34HYE0XIY0S2P,1,3
ARALHE05AN2V0,16,50
A3PPJ086UF1MWT,8,24
A21DER2RMJIDX7,39,124
A1DXBEKAZ0K6FI,32,102
A1J3M3ZZQ5RRIR,1755,7021
A9NX8LA3K54NV,17,51
A284KZHOTPCCX4,1,3
AF785NOYT05T3,2,6
A3FKVO6IW9NIHM,1,3
A1M6HYR0N0B0V6,1,3
A39AYHV93YDOC9,806,2437
A31B6K9H98GZMO,4,14
A1A54OJMXYAEGL,1,3
A1QIT9HX39HLI0,73,234
A1SAK0CYBIJOKX,793,2388
A3M5CQA6P9B2SK,3,9
A28L7RYP6FYGN9,20,62
A31V7CAYDQQL2J,1775,7278
A3HJGWV3E5U502,1755,7037
A32WXCYGQ2J7LL,1755,7063
A2V06JF8UT15XU,167,501
A3IMDQ5Z59P40T,1,3
A13PALC7ZAGU46,8,24
A1HF8EH9WHM1QV,10,30
A234XEL20TUFB2,12,39
A297T762T5DH52,3,9
A335YA40R7TAGS,80,246
A1F67QIHV2A12T,2,6
A1XJE023B81OYF,34,102
A3EZEP0FX5BC1P,108,397
A3F9DJSEMJBDE5,15,45
AC5Z3SJOALBN0,803,2418
A3C4X9VKI6ZM7G,1,4
AI8EMB0HUC6Z5,3,9
A1MDX1K5DESFJD,7,21
A2KW2CYEFOG5RV,13,40
A3NJY4G6XB9LG,113,341
A1ONY9P97T6L8R,1755,7051
A3IH5TH6AKY6KR,1,3
AYEFH99QWGX61,4,15
AY9FMLB5VGXXB,1,3
A16I4EAK43DI7N,1782,7186
AXF86QVFWFE4L,1755,7053
A25Q7KSWVP36XI,4,12
A239DRRHUIZT5F,4,12
A2EIAFJPQBZX12,7,21
A1MJGATLJM2Z41,97,367
A37U8NH2CD9EDX,11,33
ADETB8KEATML7,86,278
A2U9OJO2GLVEEC,122,421
A1UEX5M9XR3ZCO,9,27
AJ6SG01KQAYPB,3,9
A1L8UPD4EPOFH5,2,6
AF05Z42ROREV3,4,12
A2Q0FC2IKT51PN,1770,7286
ANE6X55U3DK48,75,232
A2F3ROFHYPL9QK,2,6
AJGIN15VFGXBG,15,45
A1AJYZ0MSDQ3CR,2,6
A1277BPK5C9RSV,2,6
A1Z3LIEG4O3SVH,7,21
A2VGY0E83DVP6Q,3,9
A7COQMFYPERHR,2,6
A26QVWU6AL85TN,2,6
A1GCMPU4GTY79A,1,3
A24H1KWT2YM078,2,6
A2AFTS10V4SA8K,2,6
A28KMGSM99DQAV,27,88
A2Q7Z2BUHB71OM,4,12
A34M1QZI3Q2V05,1,3
A1SXEDSJXJR0PH,1760,7394
A1ZPY91VE3IDN1,1,3
A327G8U1H5USIX,160,560
A1CDSXWJE1FO3,6,19
A1HYZ0T0FSD2IU,1,3
A36R9WKJCFDIAH,14,45
A1UBBQ99IOZCT8,1,3
AID06276UL8QH,1,3
A2EOPM94TY2S1X,1,3
A1BX81N79C9BVT,105,344
A295J6QD88DYTU,1755,7026
A307Y5ACUY4RN6,8,24
A3KL4BLZW0F08D,10,32
A3LHUKP5G8AFWS,47,141
A3JZW36UVMAS5L,791,2373
A50A4PEG9D34U,1755,7025
AZICZ21T0UQT,4,12
A2MSDNXWBGVLSJ,33,99
A3OQADY2V0SUIJ,1,3
A158SD74MLYAUN,4,12
A1W3EYD0QBOP88,7,21
AAXTW47OM09XH,1,3
A2D17JP20FX5OO,1,3
A23A0H84AFYTHP,2,6
A3B95R2D2H9QE9,21,63
A20DN8P64UH8WS,1755,7035
A1MISN5HC28N2R,11,33
A2FJCITRT7GQ0N,1755,7023
A28UWH8ZKSHBT3,1755,7108
A2IFKH3TJ10387,11,36
A28CNSXTQ82ATA,1755,7059
A1B99PZMYLS7ND,3,9
A2IUMSAKN3O1XT,3,9
A2U63LQETMZ7SH,2,6
A3HVBPI19U4BCF,158,477
A2S0ELMJSB4NKH,5,15
A36LJ3SYZQ09JK,3,9
A26KNE4FDKLWNX,1,3
A2FXNVV1VVVDMD,1755,7024
A1S3ULV6ZC1HPK,2,6
A1J7TNASRMM7RE,1755,7030
A2R1HUYHXV7H18,1,3
A1JGW4QEQG9A7N,1,3
A301L8VQITXIR1,7,21
A24LIPPM7RC8T6,1755,7037
A18ZC4NAZ5L5UR,1,3
A1FTSDFP79VNIC,1,3
A1N7X0VKBNQ8YE,6,18
A17JRLSSEM75GK,2,6
A2GC5JELY3N07V,2,6
A10N2V0X058WJF,5,15
A1M9W13C6JIL7S,2,6
A18SBMTDGSWG7O,1,3
A2EEUJ5SKBETMP,2,6
A2NKYUJTCGHXZZ,1,3
A15YQVJXVIS5ZH,1755,7043
A7GVN0VGQPQZL,4,12
A1431CD3MMIBBE,25,76
A3KMHXUBZ0BML0,1,3
A2J95UYNQNET01,1,3
A16ZWKOKFB0UTP,2,6
A1BJEOEVBEYI9U,15,45
A3FXFSQDUMFQQK,2,6
A26PIH7HWJ7UZ,1,3
A1P485AV5ZPIR6,73,225
A243R4YK37YLK,3,9
A3F8AWBJOD2YW2,1755,7028
A1AJWL0YRYR83K,6,18
A2PB1T45PWRIOT,1755,7031
A21XMIU3RCEZQ6,7,21
AKXMNZH6RM38S,4,12
A3B74M1KB1F5LZ,1755,7020
A3PD8JD9L4WEII,1,3
ACFFLX59QHZD6,11,33
AKS3TAF2U6IB3,12,39
A1YBTORYXANL9Y,1762,7193
A1RDPUMHQWA6X1,101,311
A3ECHEG5VM1ERQ,9,28
A34SZQC7V08WEI,1755,7065
A1A9ACJYC0WU6Y,881,2793
A14YSMLYLJEMET,2,6
AFD4MRGEC3KD0,1756,7099
AFVB8SDUM2WCN,3,11
A34YRFDBVMO68Y,5,15
A3T8WOFS5RD2IR,1,3
A3ROCURKQZE1K7,40,124
A3N13JJW2KOIUY,9,27
A1287SAFICDMLN,1,3
A1IR4OHC8K0TSV,10,30
A2M5QX5S2E9U24,2,6
A180OG16NM4QUU,10,30
A39PXL8TQKMNRY,1,3
A1LBF30159YTSS,1,3
A1U35YEF3XP08U,7,22
AT6WZR9B65SAK,1,3
AGTM3LQNUOHMH,16,49
A3R28WLVRT02UL,1,3
A13QQ3D7VLT6O3,29,87
A33YQJGA2G60OV,833,2602
AY6N87AZASV6B,11,33
A2T5LK7LMAS2ZS,80,316
A2UU1MVTRSBNYT,11,33
A37UAMRL2995F1,95,289
A20OTSRQO2X1VH,1,3
AIM8WVC3CI3XE,4,12
A1GOI0YEMU8JCM,1,3
A2OLSP6F3DY1O7,1,3
AG1AB9ZE6SRVB,1,3
A138IPM0J9BW5I,1755,7023
A3TZXMYS3DSYPQ,1755,7030
A3BUP1WZWHZ921,1,3
A2CR2WN7RUB43Q,3,9
A1WL1TO36EBLFA,1,3
A3AB7H638B6MK8,1755,7035
A30QUKWPNO83PO,1755,7020
A2029PSXBFZB4O,1,3
A650B0DTFBW4E,2,6
A3K9OQPCI8UJE,188,603
A39SSIZA5FVCD8,1766,7263
AWCJ12KBO5VII,6,18
A94QU4C90B1AX,1756,7180
A2XUCEM6VQQVCZ,1,3
A3GO7XQ2135QSX,791,2374
A25BD9MLCJU5UY,794,2390
A2XMXDTABKTVCS,13,40
A3EI5303A0SA7G,25,75
A1O3P80RRDUV5P,5,15
AIJQ533DHUFU,1,3
A2VOSHKNCL554X,1755,7020
A1TWQQXA2RA79X,10,30
A2SGGVSOZI2T7G,1755,7043
A3SYXUKJAXLB0C,1,3
A12B8H0CHWVWOS,1,3
A1VU51HBF6KIYB,2,6
A358JDDD9BMFN6,1,3
A36GHIN6EVSIVK,18,54
A207C8GPM7JREH,2,7
A1NAW6JV0E7XSV,40,122
AEZVX5AMI9BE8,793,2379
AYJ1T2CL4F9KI,1,3
A1CE0FBSS3BURR,152,456
A1QR3QNV80ZSOY,821,2499
A3P3GEWCV47A9Y,19,57
A2BF70K7X1XH9S,1,3
A3621QMU492VV4,1779,7195
A3J9BIWN5NGBSU,2,6
A2XL3EZQY9WO2T,1,3
A15GH7H2QMKDTB,2,6
A2VLXLU9QP6YJ1,10,31
A1HDUZAQFNOMXE,1,3
A1DOFNWTVFM8M1,64,195
A2WZWY5MQTXO0R,8,24
A1DYLA9NATDJOL,1,3
A2S6EN9PD877AF,1755,7026
A2RTEJI7X3USLZ,1,3
A15QU60R43N0H1,1755,7024
A2Z65GYYMPPUFB,28,85
A291AIPG3HOWZ6,1,3
A333GTJJ1YE1UV,1,3
A11VLO7DX3JCXP,1755,7118
AI68S3DVTRC99,1,3
A3PPR7FVXVZ1AO,1,3
A2FO3WE9MBLDY2,7,22
A2ZX8QW6GU07OI,18,57
APLU13SJQKRH5,34,105
A07936821FOVJO6NP4Q8,2,7
ALVPGO19QI1SC,2,6
AFWX27SWTNBDL,793,2382
AJM93YC21S7C,2,6
A2UI0LO7YIGF5B,24,79
A2RCAS1WJ5Z8VI,1,3
A3G5W4Q9HGG6FC,1,3
A3MA6EDS19YZMI,16,53
ALME7G69CWGWY,1,3
A31NW12I8LSLQX,55,166
A1B1SGWR9VK8XN,1757,7381
AT6KGLH586HIG,11,33
ALCQ9LKKUORA6,4,12
A2AOX5SPRMLRUU,1,3
A3HCK3UXD6WS4G,1774,7251
A3KL6JFZN7GX03,5,15
A340XWOORODQK3,1,3
AACGCOHLPRN4H,1,3
A2B28UJMQQG95L,3,9
AOZ34IPAYZMU8,3,9
A2MP1Y8B7RY89O,1,3
A263G5WS7JFRY1,1,3
A35VMGPQ8K28KZ,2,6
A1AL5T9C08J1CY,1755,7049
APV4IG9HOH3ZF,833,2602
A2YVP290KCGVI4,1755,7070
A16HTHZMOPF7DN,2,6
A21VZIAAGD343T,2,6
A382SY2PGCC4QQ,1,3
A11V1NUWQTX5KG,4,13
A1U4M7IQ6AK6GC,27,82
A10VDWIYB0BVTX,841,2566
A16X2EYAAL7K77,1,3
A16UB2FLWWOTRG,12,37
ARA31S6HHCW02,2,7
A38TYXTNN72TK8,587,1958
A3C3M4T6Q8526I,1755,7096
A1AQVSUNJOMGO8,6,18
A7MXLB1439RMA,4,13
A1XDIC6OQKYJXW,360,1207
A2MY6M41FSPKQD,5,16
A2HID42GJMKI5A,16,48
A36GHPG0M9ADD4,1760,7123
A2ZGG6C2CFB2S2,800,2417
A39912UWNCR8ML,1755,7090
AEITAJQ5JN5CF,1,3
AN5QXK8A9F8LH,3,9
A3QNHDUBMA6WQM,1764,7244
A31JTYOQ8PSHUH,1,3
A2NB1X2OILB945,2,6
A2L6CDQC4L8LJ1,1,4
A3LD23Z6C5LI40,1907,8092
A250UATLKI66SC,1,3
A2L8GTHR1QMA0V,1,3
A1FI4UL6C50NZJ,1756,7085
A2KBZHFQGI39MY,12,36
A3DX4Y8OAF2Z7Z,4,14
AGF9GC794AYQC,795,2387
A328UXDFQBY6PO,40,120
A3B453GANDJNOZ,1765,7159
A2WSYI1B0JI451,1755,7043
A33PC0ESCGNGI,2,6
A2AK1JEJAB9B8W,797,2395
A1USL5IQJXY3JL,1,3
A2CNAUJ0SV67X6,1,3
AOEZK60W1DUQZ,1,3
A9EVXLU9KKYB8,3,9
A37H9DVK8CIWOT,149,447
A1YAWI5760ZHNU,2,6
A3Q2T8FF7QRPKA,1,3
A3M47Q7TVTYMQ6,20,60
A2JD4LMAKLYR8G,1,3
AFPWQY2N5LMHV,1755,7023
A2S9CV5YQHJJEC,4,12
A3L82PYMC6FU6,1,3
A195TE92PMQTJ5,115,348
A2WP6HUL15WKNC,1,3
A2JTOULGH8S3D7,8,24
A37Z5T29TK5KKO,3,9
A3I9YOR5DTRDBO,10,33
A26KS8D1HXQO26,3,9
A29D0KXIYLY6C7,16,48
A1WRIM0Q0WXVVO,1,3
A2JKCA8QF1NC5R,146,465
A17WHO1EMQGTME,924,2787
A3OHSHXQYORL47,99,300
A3A07AZILJQQAC,17,51
AXAV5D1US9ET8,807,2441
A3O4ZM66RUOGS7,1873,8053
A2C6Z7M3RMUG45,18,55
A23PMZ337B8UU3,3,9
A3D89T4VAPAFXC,794,2385
A1RKDTQEVPPPWB,1,3
A1TH9NXOOLT7FC,5,15
A2HIOR648192E7,3,9
A3G9FZJ3WMNHA4,16,48
A3U61G5YTYITMS,17,51
A1VOONTYYM0SDA,922,2919
A2P56OD3CQJWZ5,6,18
A317YFE2V2RAZQ,1755,7044
A393YAD8L0EW08,96,358
AFHWCCO5NHEEQ,1,3
AT2JIQ7C15O85,1795,7533
A1SIKP0VGQALIV,2,6
A1BY1TGMVBLN3S,342,1126
A222KCMJ1XOGXJ,22,71
A3E67Q302BITU6,1755,7029
A3QAILPOPQI3TC,1757,7126
A1ALILVPKC9MJC,2,6
A3RVEFUV12CS02,7,23
A2LREICOAVZZNP,1,3
A2U79M5X158E6O,3,9
AQ8ATBOM7NSQ3,1,3
AKIOBWNE8VQXC,1,3
A1JBZ635HF1SVO,10,30
A29A0W8SPCEN53,1755,7054
A2U1IW1Z71YBZC,9,27
A3IX3FL5PHD7QY,1,3
A3PS6TA0C43PQC,1913,7999
A3KAKOQNR2WCMS,30,94
A1QTQZ6FH859VD,2,7
A1515RYM86ZU62,27,82
A3RGV9LEV2KACK,1,3
A20NMOVTW36E9G,2,6
A27EBTIQEO2XGC,1755,7076
A249A5Q0XJ7BQP,26,78
A3I9O44PUOLBTC,1,3
A2LSL1EUOC37LN,1755,7020
A2ZMDEEYS62RMY,9,27
A3O1RY4C3EPRDE,2,6
A39LRO2GAFC6VK,3,9
AK4KZ0ZGTZ5UV,53,160
A29B7XB1L2RVCO,2,6
A176HPVTIMJNNT,834,2607
A3E56NM7DHG9NI,3,9
AR658ZXR8YBIK,2,6
A4M7GUJ0MKZD4,216,675
A3HADW4ZPDL6Z2,2,6
A1CSECPEG635TF,1786,7231
A2HY255U3XOEL6,25,76
A3HN5DKJQDB0VV,9,28
AXLEKGETB3WWR,1,3
A1QUILLLNTPNBD,1,3
A4L1CRUWMQLI9,16,48
A89BYFSZV8OXR,1,3
A18XPD5BM4U6B1,12,37
A1RRWIF5UUCPXP,1,3
AY6YEF99L32R3,39,119
A1NMVZHH05AO9,813,2464
A1A19ADQLPUR8R,64,196
A2EGZ32CVP95ZT,6,18
AELDVZ79KM1ZR,797,2396
A2PQZ9VFNDZ07Z,3,9
A3MVGLTBW758F1,127,391
A271BA31XUP8JZ,12,47
AW6A4PPENVZY3,14,42
A2H1N9HLCMQN73,1,3
A2HNLFZBRG20S5,1,3
A2IDFBG8KAT97R,3,10
AGKI9ATIPS1W8,1755,7023
A1GADF7SUG05OJ,2,6
A3ST9CW3YQIIK0,45,136
A3QD31VGMKQ8GI,2,6
A3BMYEA3J6RBVV,4,12
A13XZDRIJMV7R4,12,37
AQU2Q1O3E6QK9,2,6
A3SKRY7ZMQ0C61,24,73
A39M78SBYB1WA8,1,3
A3QJXF38TLJ55V,3,9
A1D8LAU8G8I1GC,2,6
A374IHCJWRLKL8,1755,7032
A3M7GVD5651EF4,1,3
A1JAWQHWLLYK56,16,51
A2P924QJ8N0QO0,98,307
A38Y4NA50TKEXC,1,3
A3CCXNQ3B8HDPO,1756,7141
A1WQNVR4H66YX9,8,27
A73CB1NVPYDZ5,1,3
A27KQGXAU8Z7OT,6,18
A2QAHAM8CX2CM3,11,34
A7EKZ69N2TTSP,4,12
A37IVIAKXV6L4C,496,1618
A16DV81QFKHAAC,1755,7020
A1TTKKN4AY63QK,1,3
AZ0FOYXBLLIIC,2,6
A2DALOJXHQFK6V,14,43
AKL0K1P8FKB7G,1,3
A30IX3XTNX1DIJ,1,3
A2MPO5U2OUT68G,801,2410
A2NMHA32WZSS4J,1,3
A2GLTUZ50XWIUO,6,18
A1MU6PI3YDK8H0,16,50
A1IP606IXK4V2O,1,3
A22PMTNSL1AOBE,802,2419
A1KC7WQZU23NRQ,1,3
A423A5GBHTQQS,10,31
A44ATYYUSCFTI,27,81
A3CRNB557EW50L,1,3
A30O5SASNDV86R,1,4
A2PLAO9UA4GUV0,807,2437
A1IPQ0XHJE45OL,2,6
A17HHCSYPOITTW,1755,7022
A3PFD1Y7K7B01B,1755,7032
A1GM8TOTBWLCTB,57,180
A1EMTRDX5PBNCP,28,87
A34W59GPOUKU8L,1,3
A2CZBG401T0MBA,84,260
A380K179VD49MB,2,6
A1JTTI1KH3DOCY,1757,7052
A339KIYGCWP45P,15,47
A24FA4AIL8DDXB,7,21
A1L21I46SNL5R3,12,36
A3A42X3LEZGN9P,4,12
A2CN9G73EE403R,26,81
A3TBTRRK100RIZ,25,75
A2Q6KC2KU2T0OL,1,3
A1Z3SRK0CFE2L2,30,94
AY4RXTRKW03CL,4,12
A7811YY5N12UM,6,19
A3M1AQJZ1SRY77,1,3
A2G621IN4AA6D0,28,84
A17HAV31FA8926,1,3
A3FT7UC56OK7CR,1,3
A2BKSB3HWXPAWB,18,59
A3OZKG3PMNM4TK,1755,7028
A13HLORCSR19S0,3,9
A1VOSS9YFTEFEF,36,108
A1ESMNX72JNE58,1755,7054
A1BW3IFF57O5VV,9,29
A1L9HCF991W6W9,12,36
A1SZUPMDG6BFXX,4,12
A3KX6DF77XRGK2,1,3
A2BBBID6B14U9H,1,3
A1H52FTHV3HV78,1,3
AAFT3QS9N2N36,1,3
A3QL7FO4UPTB7J,792,2376
AFLRU6952DEFX,1765,7210
A114CUZ6MWKDVC,1,3
A2MGKMSMF8VB2L,1,3
A3I9IGMS9GHW8J,6,19
A26J9KGAK10OBF,19,57
AA4BAIDEDJI3,1,3
A3USZ816ZIXPWY,1,3
A11FWGZDJHCKAY,42,132
A3ASDV9FC1SRIZ,1755,7024
A1NI979C7FMF56,45,135
AJQKRIAJV3WI8,76,235
A2WR5U7RS4IIBY,1,3
A38L0IME16IBKV,2,7
A3KHFCNLLGJW9D,927,2941
A29V8ZU84VXDSZ,20,61
A299FA6D9V4T3F,70,213
A26FXXX4XWX3MC,14,44
A1RRSWSB56M7HL,1,3
A2FK3TUIZ9Y8FC,4,12
A2Y2U697SS98E1,3,9
AK4CZLRAYVZH6,6,18
A19QSOO2P9V8R7,1755,7023
A31K5W6NWK68OA,9,27
A21UM71P1XP1TJ,9,27
A31B0LYT2C92SN,70,240
A1OFA7B2CSBWHS,1755,7030
A31D2HS3U106UJ,1,3
A24V69CMHJFL00,1755,7031
A3D69BZK1JQOEO,1755,7027
A2JRL57G6KIXF2,1,3
ASRYKITNO7OSR,48,149
A9WP0ASJS7EC6,2,6
A26CV0I59DLX3E,15,47
AYSM5LHP9S65Q,5,15
A3S2TJ6GARMVVD,792,2378
A2TD4GI3HOBXQD,52,157
A1FBWW96CO1UP8,1,3
A9OQFOCCCXZR7,5,17
A3600EP59PMKNK,105,389
A2RKWNUZUEASGA,23,69
A2QQANBDA5F3CT,1774,7432
A2E2YZ1QDKE3L8,6,18
A1T0PBDYITNVC3,1755,7023
A2JC1SAKQBNLOR,1,3
A1B7E7KVYWCEQS,1755,7028
A2MEIQH7DUM1RP,43,131
A38VM4QD2EIL4S,1,3
A1E41T52UGG7WT,1,3
A12D70SLA3QQD0,1,3
A2L8K5XTN5CNI7,7,22
A1ZCLMKHQJEMNT,2,6
ARN83RB1PDT7P,4,12
A13BYQVDST47TX,1,3
A1844UKMFHE7DK,1,3
A1U6BF42WR7HIT,5,15
A178EQZOHY40L5,260,871
A4ITM784EVJ,2,6
A3347V0SDFHQBA,2,6
A1QB9DS6I46JWS,2,6
A18C03TA8N26L4,4,12
A1JMKFY8Y84SRU,1,3
AZQQVI9RHJYH6,2,6
A3QZQ6W5NS4E7V,136,443
A1976ULLCEK6XP,2,6
A154G5G8GJ09OR,1,3
A2GI4TXAUU1VF3,1755,7040
A2RGDB9UPOFRH3,1,3
A1BNV7GZCYO7NG,7,22
A2BX0XN6XFF35Y,164,495
A1L45HKT7H5SPJ,174,541
A2XWG3JM9VWK61,1,3
A1IW0W5HA5T36P,77,239
A27Z3C1717H0OH,1,3
A2VOYPL6X6TTGR,1,3
A2QLCZ9VE30AU,1,3
A287W28B6VVJ4G,27,82
A3SDJ70H00OQCJ,405,1366
ALUYQGSSIZGO0,1758,7121
ATKS3W2X4TB10,3,9
AO21QAFMIK124,1808,7466
A1DJPDCQ8NH3PQ,9,27
A2GV4JBHRU0SS4,2,6
A2U7GXX7NPNTLH,48,169
A15KK8LDSPHKPQ,8,26
A39GYDIYGO8CP0,95,299
AGCJJHQ573WJH,34,106
A2LKI7OBBZ5EFU,1755,7054
A186UEP24IE316,1,3
A1Z1KXC9OLVSZ5,7,21
A1XFJTXA00NYX1,1,3
A2QUJS5F0JTGKY,1,3
A1II2F1Q7S29HF,62,196
A38PTDTDK8BLEI,2,6
A2UA7Z06B9Q2PL,71,222
AQ2YGOIO9MC9T,1755,7024
A12R3C5AC1MLVQ,834,2615
A3S3IAZ643A27H,44,134
A2IAB564RLG7C7,2,6
A3DZJUMDK2XKFQ,1755,7022
A14PY68SX7D5DV,154,479
ATAM3ITGLI6Y9,1755,7069
AYHRSR8X0WS3S,26,78
A2M7D5WUKDDDCC,1,3
A2WLHU0LM9JKSS,1,3
A3NLO391F56I2N,9,27
A1HZOF4XJ5N4C0,11,33
A2NRX980SWCB1Q,3,9
A3OTZDO9VJJJT1,3,9
ASVUKDKDYH448,5,15
A9SINTLKCQK90,8,31
A1O7YCYEMGPLSC,6,18
AJC0NNG9WEP5G,8,24
A3KZEGBTPH6MMF,1,3
AEKAV34YFHCIT,833,2602
A387DRP38QW1SJ,56,181
A38Z6OM3A6NZCD,1,3
A34WF5F741X1ED,7,21
A263ERHGGHDHR,1,3
A3HW2IGPIF4XJ6,19,57
A2RQBPLBKADVB3,2,6
A2G4EXGCH5PQN3,1,3
A1EU5R38T0GRUY,17,51
A3W5BERPNVRXR6,4,13
AZUG0FQFV2JN6,1,3
AQA0C0KXJS6NJ,1,3
A1MNCU4G0FKD46,385,1284
A1DTUA0LGP53OW,854,2630
A2JMVJ2JMESCPN,1755,7025
A2FC323S7RPXZD,808,2442
A257REAK0Z8II5,1786,7434
A22DS0006G07WV,2,6
A1Y7OU6WSCWXBN,2,6
A2LBWWN5BF33K8,22,70
A3JW9TZGO5MMIU,1,4
A1OL6KWH80X6GT,3,10
A1SXAY1X1PT5AS,7,21
A2IWXSGRWWRDE6,10,31
A34G20PPMWI8W4,8,24
A2CO23395HC3U8,2,6
A1LVZPBOYOOP76,203,646
AHWVFKO48ZOU6,1755,7082
A2IGEN8FD7TFLE,1,3
A1DP2GVGDKUVW0,4,12
A3IFIBWOEM3TOF,2,6
A2L7BWV8RUUF24,3,9
A2IDO8XMP9YQQW,1,4
ASO5HPA8DD2J0,1,3
A1RD7KXUUOYFXE,1,3
A2L9T0D3QLJ1KZ,4,12
A1D2KN3408TJ3D,89,273
A2350R6H5A2Z3K,798,2402
A7ZP18XOIJADI,3,9
A3ALK0MLGBQLXT,124,378
A181NT35TOYVU4,1755,7024
A3M24ZEBYQEUM3,13,39
A2NXQKTVY0M0SW,1,3
A2VCMJ76LJBELZ,2,6
A2AWA8ZB5L7BL,28,84
A3AKCJJIDRNWMA,32,96
A1YR0WVN35OUA,8,26
A2997U9H353WN6,3,10
AFISX2XG0LU4D,855,2634
A3MTB20O42NN3H,32,102
AGF5QRAEM4QWM,1,3
A3B4PJB2G3QVDD,1823,7614
A2EDK4YFG1YOYW,1,3
A781ITP3HE2N5,1798,7425
AKF52ZFYSP7XI,1755,7041
A1MI9M4ZLA9OG0,4,12
A10E34TH1MUPJV,1755,7020
A2Y4PRG2HHOL3G,125,382
A37MESVEB36MTH,1,3
A2S1E6FV6TDQXR,1,3
A9L4N8C4UQRKP,2,7
ADKEVF68S8LDS,6,18
A2F7H5LVH4POBK,7,21
A2A9HBPP3QO3TW,3,9
A3NQ1SEFN27X00,1755,7031
A2MGMS8U9XTV2E,1,3
A1D4O46ZDMW2CM,1,3
A206WXFN7LESE8,1,3
ATP7VE4V0RQE2,8,24
A2P0GUXPHEEYD8,2,6
A3HQOBSAME2J0J,23,71
A22JEAPXDG0ZUW,1830,7483
A3HKWOC783B7PL,7,21
AEI40WKIKGHAZ,4,12
A16ALXKQ02SKYG,25,79
A23MZM4TK3GF8E,28,87
A3ARSPDQYDZVNS,1,3
A3RBW3ZTMGYSKF,14,42
A2HN4O2F2SFWFB,4,12
A2E1GOHOTJTLKP,5,15
A1UIEYONBSZLPK,21,64
A1FOWUQ5CT7QBK,1,3
A173TWADX9EQNM,34,102
A1J70DNIJGSCFS,6,22
A2VQU4NM3IB3GT,2,6
A2E9IR4TGNXY6L,1,3
A2OA7L9C94J61F,834,2616
A3TEJ35VVB1LCE,16,49
A3TKY8YHZ8G1UP,1755,7058
A3J2WI466DGDV,6,22
A13EAXYDYG84GF,3,9
A1POAWMHA0DFWE,62,189
A1X7DLLZBOR342,821,2494
AE20R8D2K5R4S,5,15
A3KN11N395GN88,1755,7030
A2UCOLFD8IGNRU,181,570
A44GWLT15UJPH,8,26
A4KXSROXDAYZ7,1,3
A1GJUOQ53XIN2W,1,3
A2RO0703TF5B7W,10,30
A21U7Y5MD46OBO,1755,7022
A3FI8DRXBRHHRR,1,3
A20VT9IE0K1548,42,127
AJ3M99YY3F35X,1,3
A2F9NRMPE5CRGS,15,46
A694G7VPS0HMZ,2,6
A30VA0A506JEGG,1,3
A49HILABYD2IT,2520,9455
AH4HBHRM707WA,2548,9659
A3IQJCFBZEMY4J,3,9
AHE482V1A5QDU,1755,7141
AHCJAJO18KRP1,25,77
A1YLUL6Y0D0NZK,1,3
A2QQPR2IXINEPV,5,16
A1F7JCOYHNQNAP,6,18
A3OWTZ2VW63AWK,1,3
A6C5UCPSG53PT,163,496
A2A95D7E00BVWV,4,12
AR162WQFSA9B9,1755,7022
A1JHQ855KTXFA2,1,3
A1BSHER7DCC9IZ,11,34
A2OWCFBSUJF273,6,18
ABKOXPF0GQI2H,255,789
A3L2N5QFAV5ZNN,5,15
A3EYX9S1U2PTAK,1,3
A3RV52NCOKRTN9,1755,7023
A3S3MCLBPYZ9WC,1755,7141
A142R4L00IJDLE,1,3
AEYKPDYE0CCG7,27,87
A18VM3LYCTBV3E,9,27
A1N4PAHRYIDXTK,1,3
A2CDL57QE49I3H,4,12
AMBZLWLLPQ7ZG,9,27
A395SNUYAXN6QM,11,34
A1FLX7SRSHGVU4,4,12
A3KMLE2PFVE5KN,187,569
A31NZ2NIBLBZQH,2,6
A313RCTYM2E9D3,10,32
A3FTZHYUQ0SY90,1,3
A1UB6Z3RO4TQYW,5,17
A1AC7MAMD9WDEU,1,3
A2Z8H0AN3D0Y45,1,3
A1TLMSOE1VRDZI,8,24
A30615V1Y8GS1F,10,30
AGY4FYFIF9MV8,3,10
A2DY8KVAEJHIOI,66,198
A35A1KHOHENTPV,125,399
A3141KWQVP5TL3,1,3
A3PQULECO9OAV6,824,2536
A20BHA430QDYV2,17,52
A37ZBRHMOMA024,4,13
A2FXUX9JVY9TAF,1755,7030
AH8B8VEE07Q48,3,9
A35OIBCHMZ60SL,45,135
A2A1JDY20RBPXN,27,82
A1JWR23K92576C,2,6
A18GC62KF6FD4W,1,3
A2NC1PHH90861X,1,3
ATABZBCU1ZB9,1,3
A1ETPKYV5DX9ZO,6,19
A38HJ3C81YJD47,31,95
A1093WOXZTE5F2,1,3
A1OGPBDMQF6ATS,1755,7041
A3VQH9XAAEEV58,5,15
A20LTTMSU75FG,1757,7380
A2HH8P4Y3W1CH0,3,9
A38CJK26H9ZV5S,3,9
A3L59H0CYLJUYG,1,3
A2U2U69S0ITFJ4,33,110
A3G3WOU0A5ANX9,856,2642
A3I6QW0MWOAMTO,160,480
A11YOLHMKWYUL0,54,162
A13YQSG5KMD7XF,57,172
A3VDSGNIS92OVZ,807,2435
A2PO7NJIZN5HJL,889,2791
A34Y4HCC8GB1E8,1,3
A2XIOXRRYX0KZY,19,60
A1RGTM0UFXRKIR,1755,7048
A4931K2KQMG0Y,1755,7031
A1FVLFHC6WMLD6,816,2471
AHVM1K3YGXMAE,10,31
A19SEZVIVAMGVZ,38,115
A1QN075G0OKBWJ,4,12
A1VAY42AJYS5K8,15,45
A21380H5OP6I5U,4,12
AE5CAGRT96P85,22,66
A1AEX0FTA4PF8G,5,15
A19YOYSF70W5NO,791,2373
A311OER77GJBNE,3,9
A1ES5IKVNQMSLR,6,19
A4IP710IA4AC1,1,3
A2DRKJ4KRXRM5S,1,3
A3P7ZVUJRE3O5P,1756,7108
A2QYJGQSNSYGK6,1759,7116
A32AE44EJBCS3S,2,6
A15X4QRWSL4RZK,7,21
A2IMZNPSJGB2HQ,19,59
A3FA2TIVDPO26O,1,3
A3VJ2N985YRPUS,1757,7127
A3FOQYCTQK0ZPF,1,3
AVW6NNV42JF20,16,48
AF7RHMAHCTEJS,1,3
A21HAO8VVE7QA1,7,22
A1DETXO0UFU76R,19,59
A1YW4QZ41I8461,3,10
A3PJTNFMKC508C,3,9
A10O1UE6DMMBA1,4,12
AC70QFSIBHOMO,923,2947
A257LBQ16KQ2QX,2,6
A2J3LQCK6NT1H2,1,3
AF9ZGUAZS7DVL,10,30
A26OAIZLCP47TT,56,168
A1IQBSNYEFO9LZ,12,36
ABW12AZLJ1M5I,14,43
A1ZYHQOXJ0J06N,4,12
A1IH0HLW74TTLF,1,3
A3KFZP45ZQT5ZD,1526,5253
A32QYNGHZZHC3T,2,6
A2GVCOYEIGUEQY,1859,7846
A39WK6DH0C8LIM,3,9
A29JBGVFRUAO9E,3,9
A2QJZGNMJED0K2,8,24
A4KTQWVQLPPWA,4,12
A2U53XJZLPQWX2,205,675
A1NN5S1D0ZTK6W,117,359
A3237FOR4LVBZO,1,3
A2AM4SM8ZA1D9W,9,27
A31XTSEZQ2XQTK,62,188
A2CFGW0KU66FP1,5,15
A37E0KYNJQNP1E,2,6
A1KMFGTGT4URKU,2,6
ART43EESRGMNC,6,18
A2WFVESM0SI5P7,1824,7768
A3FCTSQ4BZKERG,24,73
A1N46MR82AUE4T,844,2580
A3VJE1ERI2TOV8,1,3
AFAK8WG4O8INK,4,12
A1LQVPPWSBWIJH,2,6
A3MNHGI16H85B8,4,12
A2B3CO57EJDI98,5,15
A3UQS40N3PW18L,93,283
A23B6SW6OBSVDG,1755,7095
A3700800BSDZYZ,792,2376
A20Z64C7YJCTME,14,42
AQJODNJ6W6EI9,7,21
A12YF2O3G0HP5O,16,49
A1P66WXU4TKRUS,8,24
A3DNZH1BLTMD2C,519,1726
A1RYZ1W42VTI7D,1755,7039
A1ZLBBJ7Y2JMKM,1,3
A1GBFYK08SWOPM,3,10
A1O1JZX89KFS6L,1,3
A3SM33K83I1CGA,1,3
A15B2BCR7A3P7J,14,42
A18R5B79VEFRIT,8,24
A2WUFIE9IOXUBP,319,1065
AX3XJUUZ6O5W2,2,6
A3FA334BIFOMRD,2,6
A2VWRTY8BJE94,1755,7027
A5TNJX6QY709G,7,21
A1PWL9ASS39QMD,2,6
A1G1A5Q6I4MN5H,1755,7026
A10L3SULVWV3LP,16,51
A2KKZHISX9YKMI,56,168
A2BYQENV1JHRVB,2,6
A1ANC5NLVQWUQM,6,18
A7W6K7O7COLLT,1755,7096
A3NPOZN6WALIW9,354,1166
A3BCTCVYMDWPYP,1,3
ALB6T2FIL7XFF,13,39
A2ZDONE1B9X98W,111,340
A3C48BAZBJG95Y,1,3
A1SCM17CDYDNAT,1755,7097
A33OYQAIEGW30W,6,19
AHT2Y07PAMZVW,2,6
A3V3ER2TAX1YFU,19,57
A2FLMOJSEQYADV,1755,7048
A3IRXJOT9PY6SE,3,10
A2ESNX0B1ZY28U,1,3
A3JXIZR05ZOJ3K,460,1464
A14HVB7CVCYTIY,1755,7135
A1B5MNC77WH9FN,3,9
A23L991X1FCCSU,1,3
ATJN91PH28F6T,49,168
A3DZY9IL8IPGDX,160,488
AR0Z2AVWQ8F1Q,195,608
A21Z89PVJDSD0Z,8,25
A3G21YYF2EXCS8,5,15
A27S95F48XENRW,5,15
A1R6CDPDZVFQGR,4,13
A1G9422OCGQ8JJ,1757,7119
A3J6QCWLBVP3HX,148,468
A2YLRHGXDBSBQ9,17,51
A3N27L13CWJ9HY,810,2476
AIT6B4F0QJ706,63,192
A19BR6M0VG7AHZ,6,19
A2FCQAXDUJ1NE9,2,6
A21ECD5GCR6F32,1755,7030
A2LAMQ9TIMI2FQ,1755,7027
A3V5LZJGW2NT8B,1,3
A2KY3EMHQSVFGH,2,6
A3APXUV51S5C71,2,6
A1GXJW4152V4LJ,6,18
A6LFRQ7HMWS1G,4,12
A11XITSILD35JW,1937,8142
A1JU6NX89DVY1S,22,66
A14X2QSOJUUMNW,2,6
A7491OAWX3LPQ,5,15
A2F2TZ5UQ4XQQY,1,3
A3IXI019LWISXI,1,3
A3T875BPU94JY0,173,520
A5DY3I4STWA6N,12,37
A1BLYAKM9FF83J,3,9
A1UYTWKE2I6ZBV,4,12
AR713YXY8SML3,1755,7368
A2JDPF17IADCOC,1809,7368
A3CCXFCHQT73MP,1,3
A18SVWODD6Q2R0,16,48
AV3OFYPY5K1VI,23,72
A18RX3EZXY1HXW,80,258
A1Q1G3T473T32E,1,3
A2Z7KQUGJRKZL9,3,10
A3EY6TT7M2B4MQ,1755,7033
A2HMKU5RGJAV0A,1,3
A2FMLADWEZN5GZ,1,3
A30GCMEEI5CVD1,1,3
A1DDNUNC9JNZEV,4,12
A3HP3GQP8RFHYT,1,3
A2LDWPUOMSPVUV,3,10
A3S0Y5GVW1CYRW,1755,7022
A2J6XZPU9DRGJB,1,3
A1H9P64T5RR3H7,2,6
A2MY6QW068L6TP,1,3
A2N3NRKVIV9W8Z,1,3
A2M22PIBHMY8HR,2,6
A1XCCTKNN1RZMZ,2,6
A32K56V9PMTB1G,1757,7130
AL4CVRKHS3KIC,11,33
A2SMWZJ9005PGQ,34,104
A2BVLPGZNI29JN,806,2427
A2CUD715M8QA47,2,6
A27TQA0XCZUXZY,4,12
A2YYQGRUI9X1H7,73,232
A2UVPIZY6K8H9E,1,3
A2QQJXNX4IIDU,4,13
AZ7QOE8B76KW2,14,44
AHQUJV9CQJZ99,1,3
A14M3S8GUYQNHU,1771,7287
A37BMBA23EXZF8,4,12
A1ONR3B1PSZS50,1,3
A38K04MT5LR0JC,1755,7020
A2IIIAR5BGJF4I,1,3
A1VO85MW0FGUOO,42,133
A3HBLZ7B0SE345,81,260
AZNJ6GICJMJGZ,9,27
A2KB3GXY2S6YDF,1,3
A2C68E4E6N7E43,11,35
A3TBMAWIIHKHFN,46,146
A3091ZCWRGEGQX,7,21
A25HSVO8N44PYE,1780,7472
A1EWCCX0LSRO7J,1,3
A3VDHY55FJIIJK,1,3
A1AGSWYLP41VA6,1,3
A3V4DQ1L3W6P8Q,6,18
A1WV0XTJROAYGK,11,33
A1U1271AC2CF5P,45,136
APW1ZCGR6LQJL,329,1033
A1YB5Z82OA800S,16,48
A1RNL38FZSTVWK,1,3
A3MTR7P9PYAALX,853,2643
AK58ARNUOZ8NT,6,19
A2HQRZXV4CWQ2B,4,12
AA0S6R735HK6O,8,24
A2358IDFO098FO,1,3
ALWM9YOFOQYC4,13,39
AD3EX5UG7UZPB,1,3
A166J18IANJFLF,833,2558
A3KCNMHRCN3BA2,5,15
A2N1CTG0CXGXB5,1,3
A2JHFB1IHU6ZA6,95,287
AM51IXUZQCUAB,1,3
A1B8FBUQW1HHP0,1,3
A2EEN18EKVIN9Q,3,9
A6QVXLPOOZI88,1,3
A3TA1UJWRJF9NC,16,51
AGEG8LEO4USE3,1,3
A1CKZGG8OQ2DTS,1846,7762
A3H2P5JRVI35PV,1,3
A25DWJU7PCPGEI,14,49
A3KX02LDCO061X,113,351
A1LI9W7A0CYOHV,2,6
A9TWFRIV6Z7CH,1755,7026
A1L37CHEKRFNI3,1,3
A2LIK6UQ1N01G2,6,18
A2L8IVWR97HWFP,9,27
A19Y58XTSTHETH,7,21
A1C9U1MFDER0DY,80,244
AOBKCRZC9EP9B,2,6
A1GUWQJHQ52HI9,2,6
A1C9T7N94AG5NR,1755,7039
A3DTY14PFWW83G,3,9
A172MUDZ48YXL0,149,447
A1QI12NNP61EC8,1,3
A2DSE2YA22VGC5,796,2391
ACRXN3PQ6I9PD,12,36
A31GQ2U36G30IG,1840,7825
A173H8QZD5DY1,1,4
A2Z1BOQPVQK2M4,2,6
A18WDOD4HM69IR,4,14
A18H68R7F4GGHL,806,2440
A15N4O8CQUI8JY,1755,7033
A3B9P95Z0WXD4Z,5,15
A2QMKE4TKPOZQ0,1,3
A3DFNQNHE63KT0,1,3
A3DK975J926WVS,18,55
A3TBMGNSEQBWIL,8,25
A3KBZN48M14L2K,52,160
A3SGMT25QFYRBV,1755,7066
A305RDMXSWO0MY,13,42
AA8SWH4Y5SN8H,1755,7061
A1IB5DQUVZRO1N,1,3
A3KHAY86FVSZ05,1756,7060
A6E9LZSP4GXC9,92,278
A3O2Q8SBT7YQ91,32,96
A3B8TCJW2JUUYX,4,12
A1J14LNFQ7O80T,217,675
A2WJXDDRO93B4W,2,6
A27IGHL656YSMV,1,3
A1ZW6QYBRMFYLF,40,126
A2EI0FBBKRRFPO,1,3
A14Z9LAETO21KL,17,53
A3IGI5YMTF874Z,52,156
A3Q1NWOX1JI2LI,840,2571
A3169X9SSE6LIT,11,33
ANUCWASXUYKZM,2,6
A20EUD8JG8EO45,15,50
A1FX2N48VIXVR4,310,1031
A140RKTHG3EAZO,2,6
A3CSC13HG2JXB6,1,3
ATLMPAJLE5Z85,4,12
A1NAW5GIND3EYQ,1,3
A2ELAPWJ8ULLIF,1,3
A2YP5S144H0C2I,2,7
A3BND0YKX14OM1,10,30
A159XNPP9L8BZY,6,18
A2447AQE5R97QP,1,3
A27DFF6X1RCGDH,810,2444
A3FH9U1JKYQUJX,3,9
A2HGHK3V9JPU1P,1755,7035
A239IYFSGKMAY8,14,42
A1X0EUIXXR98SL,1755,7020
AQGSJDY7J5ORF,8,24
A30W7EH3AMRXMZ,53,160
A1V4MDM8W9R1SP,15,46
A3SEHTRGUT8A6O,1,3
A2K9VJ17K8LSQV,5,15
A1BA7B9FHO75WK,2,7
A2IFQPE0FB8RTB,1,3
A2AQ7CV3LY7DJM,14,42
A1MTN9XWJSA5PI,1,3
A3KXDGVZ2YIT0M,3,9
A35M5X7LV6QLFT,6,18
A2V0R7MYTTYGDZ,1,3
A34GBLKP9WZ3Y2,22,74
A22L6HJ5E9GJ9H,4,12
A3FSU3QBNGBSOH,1,3
AB89MMEGEUGJK,2,6
A3E7O9NSS47TE8,27,83
A11PGGO2R140OV,2,6
A2PNDF69YW8F8C,13,40
A3K3AMEVUJFX0S,1,3
A3CUQ8L2S9ZW0H,3,9
A2BMYUOI08ULC7,9,27
A3ESS0YI479ZDW,4,12
A3VUN8629269BQ,2,6
A3VSGKK7257S5G,1755,7057
A2VQ9THDNOBCDR,1,3
A8UMQN0PVQ0PU,3,10
AYGEHLFDO59WT,1,3
A1RC7GZ7228ZR2,1755,7030
A1U77CWWRRP93,4,12
A2JC3Y04IS96HW,32,97
A24JTQM6ZJIMDM,13,42
A5SGIQ4NCLNUZ,1,3
A1M29I9BQ6OD1V,7,21
A8R2GPFJN58D2,76,231
A36RFYJP0ZR93V,6,20
A3FLTD1SUY4JFG,4,13
A1EB3IFZTPXBDI,6,18
A1DUDUP5U6B283,1,3
A346HRRKVGLRSI,61,194
A33YZNZIRA3H97,22,70
A366QXOONHV87I,1,3
A45UFZ69K68AY,27,82
AY5MS1RSKALEB,1,3
A2MJESG1MSIJS,1914,8048
A16ZS3AK509CVQ,102,320
A2VCXIAWCPQ13P,1,4
A8H7AVFR0UN8J,25,75
A3C5YKVOH1MK3O,798,2408
A2DG65AWX5RJ4J,12,36
A1ZKRRDKNV9L7,1,3
A27HHD4BEK4LGV,1755,7062
A28XKQJVWGX88K,3,9
A33YPBLQW8AQOQ,11,33
A17R4Z8LHGXWGO,1,3
A3M6OMAW6WGJ1J,1755,7034
AYCHL0PKSVDZY,2,6
A3E0CF25A7LD2,6,20
AJ1M8UT0R8HDQ,14,42
ARZ4ECUE2DSQF,204,618
A1PD13V6B0HLZQ,1,3
A1M52F99INMH55,5,15
A1UI4WTBYHYUGD,1755,7121
A55YZTYSWPH96,4,13
A19VQ2A39B9JR2,795,2387
ABB3AJ29L3P9N,825,2511
ARVTR8O2EF6DX,12,36
AIQL2OO9AJO9N,1,3
A3KLSTTAKIV74H,2,6
A1D5LBBY5COAOZ,4,12
A6ZH65YCZPP31,1,3
A37F53Z1U21E6J,2,6
A2NB2M67WN08C,1755,7023
AIODN9S2U4N6R,14,42
APVKFX074WCHO,1757,7218
A3DPQRHBKJB2K4,1755,7087
AK41DB0FB70QE,1,3
A1EH1NRO3V62WM,52,157
A26II09REHGOLG,1,3
AR47GRSHBNQ86,9,27
AKETQOK3MY35,114,346
A337JUBN2PORO1,1755,7025
A1GLP8R9LW71W,8,25
A1S1RDJLPM1Z8X,7,21
A2PIJ5DYDK8TXV,1756,7090
A1ZC2UQCZGCHPG,107,326
A2KE22FBTFGU33,25,75
A3SPFSA9LLJE55,3,9
A2NUGDR0Y9CHTK,2,6
A2MZ8IKTPCMKPT,110,358
AG3PVU7DCXZTK,30,101
A3ISKYEJS8SE0I,9,27
AQ4JIM6YRM4SI,2,6
A2RTDC2YMT602P,795,2389
A2JBJS5GG1JOB2,8,24
A29DX6G7W3PH43,3,9
ASEBPAY8IBNI2,4,12
A13KBLFF4IZF7H,16,49
A1P6Z5GN2Q5X2A,1755,7040
A3GEZZIGWJNO5J,3,10
A3H1A7WLFLNJJG,1755,7022
A2TTK4PABVJH9V,1,3
A12DBY0RDJMO1J,1772,7215
A2S696CI415O20,2,6
A34MAFY25VGCHA,2,6
A1LSABT4HF9IYH,2,6
A24FOFINEEW4V7,122,378
A35TS2GQK4ETOQ,2,6
AULLO1UL67BJ7,7,21
A1D2KC1LAN0RQ6,1,3
A3CDSUYJZ682D6,2,6
AMX0MIZ9FXVMO,1,3
A3HIGT302BV22Y,9,28
A2GCYZSAKWC6BC,1,3
A34ONGIKPCHIS5,5,15
A1SZX08CC95ADG,2,6
A2ZWREPJCZZPXD,1,3
A14WY0DAZ62U3A,183,552
A1VL5AX3PGZIVL,1,3
A16ODGFCC12IHL,2,6
AFUZ8YRZEXQ07,6,18
A30K4LP3HBX2ET,1,3
A217QN6PDMKS1A,1755,7107
A3HL9SOU4EZODZ,9,27
A1XGG4UWCJOLXU,3,10
A1BD73IAW04XMZ,10,31
A1A15ECLHM9BQY,11,35
A3BF0UU7JMP3PR,36,108
A1RB2GPSVEM2L7,1,3
A28S0SO87K0QS4,1755,7025
AHWZVTAZKZTZD,2,6
A4FFQUG7PYHJY,1755,7031
A16FNRY0AK3MUL,1777,7345
A36ROBOBCFURJF,3,9
A3R8XCQYDNQIAA,2533,9562
AOUB4R0PG91JF,1,3
A3UZITVEOSRRHD,798,2413
AACYD5IVGSK4L,1755,7089
A19Z7GB74W3K0F,18,57
AKWDG90LQ6YHI,3,9
A1AU5K3JMPS3UQ,17,57
ADSPI7GNMMVMC,1,3
A3KKHE0I11SCV2,1755,7036
A2WRLBJV15ZJ5F,2,6
A3R6V43G6HAJ0Y,10,30
A1K740OFBV5MYS,2,6
A272U1LZNSV45S,1755,7021
A1P00XS758WUWK,7,21
AFKFKZDZM4M3C,2,6
A2CXNTDI36AVYP,3,9
A1AJMRKDHFP006,3,9
A2SRXD6QQ55674,133,409
A2U4WU9WE9STMF,1,3
A3W4POCF7C77G,7,22
A29ZFMCYAGA3V5,1,3
AHT3F2K6830QF,1755,7023
A2B20VXXWWFGZZ,104,319
AS0QA5FERKCW6,6,18
A19AXCVXAM7NM2,86,277
AR5WKK3079LM8,1,3
A3HXI1VWIV3QXW,21,64
A2OR5LZ15VF0T6,1755,7104
A4IRZL5U2Z327,1,3
AQM16QMPWDHJ3,9,27
A34ZHL2DL5YLB7,1,3
A2Q3RG0OVD6YJ4,3,9
A2DNYSS0OX4BBZ,1755,7038
AUXRE4YJYUERC,1,3
ABXPARMCPVD2M,11,33
A21F7FK2JRPYA6,23,69
A3O31LVGZ0KKF,1,3
A3G6BN9QPMVF66,1,3
A1JCH6LYAN1AW2,1,3
A1BUS5XH0Y2VTQ,11,34
A1Y3MFG7Z468VC,1,3
A33XNWAO8H42DN,2,6
A65SEP8X3Y599,11,34
A2HPN0TWUS07KB,4,12
A47DFTEV8J7V8,1,3
AS5ZO0S9LLP9T,1,3
A2XFVX2LVA47WF,240,744
A2V4A3QW67JPQW,2,6
A1H538ZQCF4HFL,1,3
A3Q0XO3GPQDIB1,14,44
A2A025RLCAQ9HW,930,2897
A2HBRS0RTQ33JL,2,6
AJFQYHQVBJN5M,372,1244
A1BZHWOFQ9W3BP,2,6
A632WIHAJ9QGP,1755,7368
A2Q9SHC56QHFEN,2,6
A1VG6TG6LKBPKP,190,581
AFFEAIWOKS338,5,15
A3S8OMYTK534I3,1,3
A1V46NSVCOUOUT,53,159
A1MY8258SXRZ8M,857,2659
A3QVA0HAJUXIPM,427,1387
A28Q68YMRLL4SO,1,3
A2LSF7PUA6015B,2,6
A3G6KCEQ44CFFB,1755,7049
A1Z9NB2ZQJ4PJ,36,110
A25C6APKMYUBFA,1,3
A3HBN85ZZGE9GY,23,70
A23QF2JXXQU2QR,3,9
ARAK8OPNIFLHR,7,23
A14WR9OUWI2XRK,58,174
A2CYGDCDI9AYJQ,1,3
A1PL10Z1WQNCQE,1755,7076
AH9IOH347K5A2,4,12
A4YP45QKJPXXX,9,27
AOT4SUUEA7ANK,4,14
A1QE8P9SFH8YE6,1759,7227
AZMIKIG4BB6BZ,1793,7520
A1V4BP003KDLBK,24,75
A187DJZKT1W2HA,1,3
A1TV3X1PCZDIKK,1755,7026
A84J1Y9K5FEO7,1769,7175
A3AJENOPSH608,1,3
ABL5GIHGBAPV2,1,3
A3IGQ7TY3NHKFG,38,131
AMD06M4IWJLMO,14,43
AXLTNWKQ0EJR9,1,3
A3VEVAP1OH9QAM,1767,7200
A3T4FXFZK5IUI3,5,15
A3MZ2PFULXZP1O,4,12
A2GCJMPR4E9X04,18,56
A204ETWOV23HO4,3,9
A3DCDVRH3HZWW9,2,6
A2DEJB533FWMFE,1,3
A3NOV7ESDS0KAJ,1,3
A2H0T0E5960LRD,1755,7104
A220AWJBXH4MC0,19,57
A3OY1UHF7KGK0J,8,25
A3MRLU279TS5TD,11,34
A1CLFSYVFWWXRY,50,150
A2C87Z1MFT2DL3,1,3
A31WE2V3SK3N5B,11,36
A30NKV5H3TPHIT,1,3
ATZAG6VL7DKDS,1755,7125
A1G640BTII9H21,6,18
AZ596WN55G8BI,823,2505
A15OWMSSPZSJYC,852,2638
A46D3MTB5LIUY,212,665
A126XEMCLHPBNZ,2,6
A1EFMEZJESPF76,3,9
A19ZQDF6AVO37Q,798,2400
A3BWO8DLHGU436,1,3
A1QOJKK789LUH8,1,3
A8VMBVW9PS1OT,1,3
A33A3R12RY9UOU,29,87
A2E5N9RUBRG81I,1755,7064
A2GNXNT8OJQQDR,5,15
A3O4LHCPFW3QXJ,4,13
A3EOLC00V2VKTE,2,6
A2TOA0QSFR8MTB,1755,7067
A1AXL9EKJA7YOT,1,3
A1PAJXTRB2G0Z8,15,45
A2YK8IW6PBF1SS,32,107
A305VKRHQV5IG4,12,37
A3KQNB59H38CA,1,3
A14UXBBB68V9R0,10,30
A3D8V78J6S4J6X,39,117
A2JFOHC9W629IE,2,6
A17PBDEL3VUOEI,845,2615
A1IF7KYSNZ09ZO,3,9
A2WFE8JY44Q0RS,9,29
A3IWUSQZHK7TL5,3,9
A14K6Q0URXUFN6,7,21
A30PYCE9NFX7CZ,3,9
A680RUE1FDO8B,28,94
A2FRF1SHFWFP3I,33,105
A3D17CFCQPG8J8,1,3
A1B478411R4Q3U,243,762
A3UG5SOVI7F1ZC,2,6
A1BBZ6XG1E3YR5,2,6
A20UN9T96FA9WE,3,10
A1TUTA0UOBZQKH,13,39
A366PX323C3T18,1755,7051
A33YQCW9N19XJM,795,2388
A2WMF54AXU3F2M,6,18
ASV6R9I3P07RA,1,3
A2NA7RRPY0482T,4,12
A36YLC611BT0FG,12,36
ACWH4WJMC5UFN,1760,7127
AU2QC1ERMDL7Q,232,723
A24SPCLS9J63IW,999,3125
A19CGMZSGZSSIN,791,2376
A3958DPX2A34IO,1755,7044
A2FD0FNAKPYWLQ,29,91
A2M8BPK8L2D8D0,8,24
A1OOQAHC8BWWNO,2,6
A3LUF3W4PG771E,1,3
A3H2Z9324FAD4P,1,3
A14FMSW73W220M,27,85
A1UOUND0WQ2JB4,17,51
A3VODQSXVMIAUV,2552,9664
A1KPKM8QAYWGPY,16,52
A2U9L0BR66IX9Y,1755,7115
A3G1J89PF3WKH0,1755,7029
A2QJEI9O48Y9OR,38,115
ATQJ5FU2PR4TZ,4,13
A1DV44S6QH7WNR,7,22
AKNKX6T9CEAD5,2,6
A3AOK55UH7QHC1,34,104
A2X4EAXFOVNVCM,2,6
ARYOGB86WYILU,285,884
ANSGMMPZQ4DWK,3,9
A2MSKTVXMIEIDW,791,2373
A1TO7PNJ6W7OB4,14,42
A30BPK7YX6IZE8,1755,7024
AT2S0XN6A3JG9,97,295
A26DERB77D2BWN,4,12
A3S5LNCLGWL65Z,1,3
ANLKDKRDS0IQA,1,3
A2T6O9LRFP2POU,6,18
AYJBQXK46DIFA,1,3
A3V5Z99GXDYSU1,1,3
AEQSN83QZ114E,1755,7022
A2CMXK85AK8OIX,1,3
A3OTNQKNLQDRNY,35,112
A1L6FQFY4GJZU4,1755,7066
A2AYJJAFNSGSU1,1,3
AV2DN3MW41FDS,19,61
A1S3KHENQOCCVE,792,2376
A30HIALNJ5HMY0,48,144
A91AD0OTG0FQS,6,20
AN7C1J63T6SZH,23,70
A3CLK4G3GQHPTV,2,6
AEGW5F8A3RFXQ,1,3
A4922TG7G7ODF,11,34
A1GOT0ED3X9IV,129,393
A3IAYH82WUA5WI,3,9
AHQZ05ZDQA3HU,1,3
ADAQ0Q86MF251,12,36
A3F4CZ3XLTYMJM,1755,7135
A2UQRS31PRFUW1,1755,7025
A2WCJW5MISAWI4,2,6
A2WB7LZ595CR50,4,12
A14JBDSWKPKTZA,34,124
A1CD7IUM2JRPY1,27,85
A2N8OAIF4WS4U8,32,96
AJ03X8Z6RZZ27,3,9
ATC9Z75YMLX11,1,3
A7BLY53YGAHCU,1755,7063
AG0LPI8LN5U9K,11,33
A2HZQ1KQ1KXE3R,28,84
A2O0UGY0HRA5NM,1,3
A2L9U7LSH7H93I,2,6
A2TXUENHNPBFID,2,6
A1UEZLZD318JQI,77,231
A3MLG7EO2DTWOS,9,31
A2MIXJT004JXSE,15,47
AA5TINW2RJ195,10,31
A1S4RAIQ3FD38G,11,33
AGL3EMFDGQMTU,13,39
A13L45CSY7TEQZ,61,188
A18P5I03P4U8AI,3,10
A1M705TWBXSQ9O,3,10
A2XZIA7EUAAUUH,804,2433
A21PMEBIEUUNZV,6,18
A3DGMJN91IUKGU,1,3
A2E71UQ5DHQXOX,17,51
AK0JWTM8UX40A,19,58
A1N0OEG2XK0BGN,7,23
A3IM4NQ4UJPQSK,2,6
AMU90XFI6JQFF,1,3
A2GXOSQWNG7MTZ,7,21
A1FHJDZ4OLYJYZ,1755,7067
ASXW25YPOM5OV,1,3
A3SAHLAK3YBTFX,1,3
A2C3DHEXRE1ZFJ,9,27
A1L3PYFPNPLJM2,25,77
A1XWVVHOZ7UJ3A,1,3
A3GOS8Y7DV0E4X,4,12
A1M5X1ILU4ZOWT,10,30
AA6EKQ69YXCN,10,30
A2Y9ZKFVWSZ1DQ,2,6
A3M9X1CDIAJWPK,3,9
A3F9ZR46O8LCDI,41,127
A2YDP755IPPSNJ,13,39
A21AKDRGCBNN5P,1,3
AU9RL6MBM25YY,30,92
ACWBZOGALP7AM,1755,7020
A3CFG53XVY1WEW,4,12
A32SHV461SUWNQ,1,3
APYF6F702T7AT,1,3
AUP9AEXCQY47,4,12
A9GBCU4R2EE7F,74,291
A19UHG130K6CKC,1,3
A2A8OZSQZLDFKR,2,6
A2TTV5SIPU1X3N,4,12
A1L6LRVK79TZ0K,1,3
A2MFJ6C67AL015,16,50
ARZ276OZV1ABZ,1755,7066
A122O1M7E4HI5K,2,6
A3H7IN7FW22Q7Z,6,19
AVG6HIWCX1OIK,1755,7024
A449XTCX71KJ1,1,3
AYI6R91U3LK32,6,18
A1G2L3OA19IUIB,1,3
ANVQ2KPZUNR4R,13,41
AWBZIK5JYWB5J,1,3
A2P4UEWRSUUC0H,4,13
AKDQX1L3KL30H,1,3
A3VWSGNO1TFYKL,31,94
A15ZJGW5FCF7S4,3,9
A1HLNX2WFBU5O6,26,83
AUE40X812HFX9,799,2412
A2VOZZKN9KE3X5,1755,7032
A3NKYJCQBSA4LU,5,15
A3UDUIIBHCF2L5,1,3
A1K1LQ2CDQLR3T,81,255
A17XA3PSFXU769,1781,7468
A216AOR7XNOYAZ,1,3
A2RXEUA7HNA5ZH,2,6
AATLM4CJQED48,68,209
A3IQ0PKPVP94Y0,1,3
A2SHO0VJ6UYTEI,1,3
A12C0LYHA667CA,1755,7096
A1SMCTGDM2LK7X,8,25
A10MYW5Y7E30GO,44,137
A3M70JV9V16KWL,1755,7033
AW6JOVXBEK89U,1,3
A0096681Y127OL1H8W3U,37,122
A34K9LLT79PNG1,1755,7085
APLO8YHUBO0RH,1,3
A1JLXTTT8YMFQS,4,12
A22MPDCHJTH1DK,1761,7401
A1M23590C0V803,3,9
A1N7OGQSX4L49P,2,6
A1KSNQNYDTQEL3,44,132
A1LUOVPWUQJXMG,2,6
AANRZM66K9CMY,2,7
A29W2GQZ5IDH3K,1,3
A2Y8WSLL3KXW51,3,9
A3CJJTJ9U94Y4I,3,9
A1X0GBETZ00HNB,1755,7020
AC36XNDDITOIO,1755,7036
A325Q8LI2V97XV,43,141
A1B3EWFAMW0SOG,1,3
A1DM34L2CW44ZM,1917,7879
A21IHJXK29A8AD,1755,7027
A30YNUCNJKLMGO,1758,7201
A3S4HPLJZFUNEV,71,213
A28NAK2GT0YR9I,10,30
A1CUY6J6145C93,2610,10065
A1803TC7DCT5ZA,2,6
A35LFJ4WHGHWL7,2,6
ADGVTMYDZMJ9B,3,9
A3FUKVX3B48315,1837,7633
AOXN080V9NAL4,1,3
A87NFCCTUG4PO,102,310
A1ZT2U26MXVJ2G,12,36
A1XV5RC8UNQ6KX,882,2802
A3NR2Q0E92S9DN,2,7
A3968V5F8JKMA3,1,3
AJQX7674E9YRH,1,3
A2T4ET67G37VE6,83,262
A1M51MQ01N5N6G,1,3
A2Z89YMZZJWBHS,823,2503
A31N3YNBXL7DZJ,7,21
AYBV30CWAWKYU,3,9
A17INQNCZ1HMHL,2,6
A2NJIJTO9WIUSK,1951,8324
A146JQWTS3IBBT,1,3
A18DRCI6HX5I3E,1,3
A2LVXHWAGQXVVI,1,3
A2YB6VKC6D7IEU,2,6
A3LXG9ZE9GNDAQ,924,2787
A35VXBK55PRE9H,1,3
A1YRCG44URSYZ8,1,3
A2RDE7DOUIS9KI,844,2584
A31KX4FK5ZBHJY,2,6
A1KGXXW07NPPD3,1,4
A28ITOM9XCK901,1,3
A319Y83RT0MRVR,927,2799
A14XRJDLOHN8FI,1,3
A18X6ZT4AEYVKB,25,75
A1LV2Y9U5XWHI7,139,497
AM38FQNSPW439,3,9
AVM326A10GG38,791,2375
AHFM7WCKEAJ8L,1756,7052
A3DWQ913TAYWPQ,1755,7096
A3IICSS30MRX9M,54,172
ATL0URQ0KUKGZ,1755,7158
A32TI28F5ZCTT4,1,3
A3P9ZBBL9A4C7I,10,32
A172GACGIPAO8L,1755,7056
A203OCQQ12MAVT,14,42
A8DCZN408QYKC,19,57
A24A8PYQ18SNIX,1,4
A3KOWHTH4J4ZIK,4,12
A3BK8RM9RCWSYB,62,197
A3OANQ82GOBFOD,1,3
A14ORXG4K5HLQJ,886,2770
A1RES7H92HDPNS,7,21
A3J029KBNG5MNP,1755,7050
A1EW1P6BB16GP6,15,45
A1F8FH6TUKUWGD,14,47
A10DYFG47MWJ3C,4,12
A28ZI2NUL1VINZ,4,12
A3SGI8EUPTWNJH,800,2403
A1T66YX04OW2TI,1,4
A2669DXP8NUZNG,5,15
A1NNVJEY5HNR9T,3,9
A2T5WXHN71OGR6,2,6
A3NHDFCEYABUDM,1,3
A2Q1CH6AP7KGPI,4,13
A1NOELD0FUS78X,74,229
A1UBU6EFUACQJX,3,9
A29A4ZAX7XDLCJ,163,489
A2KW9CJ500WP2B,11,36
A2ISZAYDM4Y791,3,9
A2DHK0KXU3ADSD,1755,7056
A17O585IB3NID4,1,3
A2J1UNXP39408I,2,7
A38NMVJZL2I7UA,4,12
A3KOUZTQ5QLIPK,1,3
AQG0WIUK717T5,1755,7149
A27VTMX3HI6EFE,1776,7447
A2VYXCFEGQJC53,26,79
A1G3RAEOVR2NFM,800,2415
A2IRI1NFJJJ6MZ,841,2632
AVGP8BPAPFJ53,798,2401
A12H3LENON8SZ9,1755,7030
A2WCRGBC5B325T,1755,7024
A3KLNIO5LSJUFX,1755,7053
A20GBVCS8IW72S,1,3
AYTSQHF8MK44T,110,334
A14IZYHJNVG4EN,4,12
A27DITPCCZIVAH,15,57
A2O9K988FVC1B2,5,16
A2BIEZKUO3VW98,1,3
A2MXFVMBW80FSU,1,3
A1MH0P8PE6AT4P,101,376
A281PPSMOTWXZ0,2,6
A28EQ5ZAFTOJSV,1,3
A3SHZ1O8KH761M,1,3
A1QJACU7IS0NWZ,15,45
A1U1EVJAMYPF15,1755,7026
ATTTU88X78GX7,3,9
A29NI7YDJLJ8YC,57,171
A2TVCS666C2CDI,1,3
AE6UPBQJ0HZFL,5,17
A1C4ZSZFY5620F,2,6
A3HNWKJPMJ6O8X,2,6
A3F2GZ4U83250S,1755,7368
A1TZUGZN7779GC,182,554
A10ZSXTQA264C7,1,3
ATT1I2LYW5TNH,1,3
A2T89P456PJ46Z,1755,7026
A23X44NW7B5C84,1,3
AL0CZL97JEWUJ,1,3
A1YXCQPCPI8RGX,204,619
AYPPNHQ52359J,3,10
A5YB62N5KFZT2,4,12
A2DKLZOG6EOQSM,4,12
A3MBSF01C0LT92,5,20
AOINAOO0NQRGN,63,197
A2GZPXKEN8H005,115,362
A2XDYUCICKEG1V,1,3
A35OM76XTT5FA4,349,1101
A28L530VL9GK5K,5,15
A35MZ9463EUZYE,1755,7059
A2O2D82JDON4FN,7,22
APJ1KO1V3PUVH,1,3
A1YH37LQXIIJD1,13,40
A3IDC5FP52KJWJ,50,156
AA941866HZ6JF,1,3
A2MMNXUPR8D14W,1,3
A1MHDGUVGS42X6,3,9
AGABNKLWD71H5,1,3
AOESLS7H10LZF,2,6
A13MKSASQ6YWL7,1755,7022
A2NQ2YNZO4C3XW,9,29
A2UBSEVC71JWC6,2,6
AZBUUKQLYKUCL,2782,11106
ATSVUBE2115N1,9,27
A1XZ6R5XDSDLZM,99,305
A2W15PMEZIOASM,1755,7022
ANP1JBU27AZ5C,1,3
A35W7Y508XUJAA,1,3
AD87EJX90R1OB,2,6
A2EKIQY4I6BYQ2,2,6
A1ZZQVGKV6IOJ9,2,6
A12H1YVMP5RL5W,18,55
AH6PSN3Y2KZWW,8,25
AHUIPZZH2UKJG,7,22
A1US5L1H4BMFN5,1,3
A1K2IKRVLS2223,8,25
AFAFD8L0SENRB,33,106
A1GYEGLX3P2Y7P,4,12
A3M1RRYJ6J483O,1,3
A232SXVEL7PDOT,1,3
A3CM56CEXMCPFU,3,9
A2I5H6Z7OX2JNJ,5,15
A3IHYYA3RTUNRD,3,9
A2EB37R01FEQP3,1,3
A2TRY2MP4U9GFY,1755,7028
A20DMCKOHR5F4R,6,18
A1VZ28LN1N29MG,1,4
A1TOB9A9JWG79B,3,9
AIWPNETC4HLTR,52,158
AMU8Q3W99JOI9,7,21
A351AA8KGO46JJ,2,7
A3A6K3TKYBUS8P,1,3
AXA3JLNYTW4PR,46,138
A3IS1K9LICAXNJ,1755,7039
ANQ4OCX36QPYE,2,6
AR64CEBJWBICU,4,12
A1RBLFE6YMY0WR,1755,7022
A2O4Y3QOPHS6H5,1,3
AVT45NUBSHSYT,1,3
A18EI9Y4XV3Q52,17,52
AGFJ1Z6493PZT,2,6
A1BJFU2I8FRPUK,3,9
A1FNXZJVMQ8J5Q,1755,7037
A2V2WSB5AVI4N7,5,15
A3434Q8CCUFS1U,3,9
A1UXP8Z82VEPV9,799,2403
A3466CWJFJROYU,2,6
A5Q8HPPRY3ZLT,1773,7275
AUH2DKYUU7KC9,5,15
ADM80OGKYLB56,2,6
ALSAA77FLM5YT,2,6
A3HE2WXNC8CDI3,10,30
A2O51AXE440O5G,81,248
A163GZFH3J6T5A,36,109
A2QGR7WK5EULUC,22,68
A2STD1LXSLGCDR,4,12
A3DRB21VC1ZZ8K,1,3
AM4LDEY4G1BF7,1,3
A3QODVT3LMEV0C,2,6
A1EAK9W2Z6KIKW,163,512
A39TYRIZLTCK9P,1,3
A2A1AMQJYK6Y5Z,5,15
A3HMJBZ2JY7I92,6,18
ALGB3BLT0DEC9,796,2390
A1RYQ0TCODZNVG,1755,7031
A31UDPB269N78K,3,10
A2S3AFW7JZDQEQ,2,6
A3DMJLKEUNQDOX,184,609
A196SD4YH9273,70,279
A205424L7NEOLG,4,12
A1QU6XI4ANDHNF,29,87
A1PV0E5KVCEZW7,1,3
A2H5DCUXLBI2TG,1,3
A1R6R9VFLSJBNW,4,12
A9O8J35HHNLYB,1,4
A1LSETSW17C7IM,1,3
A29JJALF6S7U2R,6,18
ABCNO99OFECJ0,3,11
ADVA88NC8HPEI,85,256
A2N24ZJSON493U,180,549
A132FOGSE0HDBL,29,89
A90CJHEDYOPIW,1755,7021
AU9ZICVS5D8UG,3,9
A3H48AH54MAC59,1776,7240
A39WLUJLWC69EM,3,9
A2659CBCEO9PUW,1755,7038
A2CKGVZ02C82B5,9,27
A37ZFLSZCB8GSY,1,3
A1BPEPM5V5LZNC,3,11
A3ORB613Q1ZL7B,1,3
AV6EUCXXEVMGJ,1,3
A2IMGHMF0LO151,2,6
A16HPZDXJPO2ZA,43,135
A29PHO2BNW93LM,13,39
A13A81NN0NRD1S,10,31
A1BUBHWBWIO39D,2,6
AMZSZGH52D2KY,6,20
A16G1LPPIVYTI5,1,3
A17XA8RPJRIQAA,1,3
AT1FOVSWLW7DN,3,9
AGINDMOM8VAQV,13,45
A2BAPVP7R2UPJA,1,3
A2OCWU5Q4ACV5Q,1755,7025
A2IN89070EBKUC,1,3
A6U75KGQPG7BW,163,493
AQR6FI9TD1221,19,58
ATILN34LPCU5S,793,2386
A2XW98425E0GS1,89,339
A2Y1R8CZMTALJP,23,69
A16PSWI1YB2OX6,1,3
A2PM4XHNH76G73,1,4
A18W0VKTFN2B0H,13,40
A2WWG82L6EDRR2,1,3
A3ZYCS2GZ3H40,1,3
A2A77YRLZ9C70H,20,61
APVR0A271WQ2T,2,6
A2UWAFHU567PMP,1,3
A2SGHYMOK0DEEP,1755,7091
A3W21BVIRA1NO7,18,54
A19DYE5Y97YAO4,1755,7024
A16ICOBVPNIGGL,17,51
A1YDQEVBW8WLS9,83,269
AVPJ3C965NLRC,4,13
A3DM4B7A2E5QMJ,1,3
A20ZI45A8A0RMX,60,181
A6M441DQ7HL09,142,433
A2G12DY50U700V,67,216
A3EVIPRR01R3KB,1755,7026
A7QDF1ZO72T1I,1,3
AAKW9QLTQ2G34,7,21
AHKRAYTCA1MUN,826,2506
AMGCCJDPW61KW,1760,7141
A300X057GNZWT7,793,2382
AWQQ1QHCECDJ3,1758,7197
A2BT968XSRPP0K,9,29
A22LURZH5DZLML,1,4
AHTTK135ZT3AP,4,12
AEJ4R3CCA7OQ9,2,6
A1LFAB2PM43WXS,1766,7264
A3SIB2W2VHSQG4,1,3
A1LLZM2OG92XL5,793,2380
A1YEE541N7TL2A,1,3
A4A8FUC6CQF9U,1,3
AONGA3BHTK0EG,15,53
A3G9K2HGFO2L76,807,2456
A35PDY8S4HZ8C7,178,538
AWZU13QQ4GS5H,2,6
A1P6NQT3V6KD3K,1,3
A2ODZN7J9OLGMW,14,44
A2W9I628I6SE1U,3,9
A1M1X1KDRLQCVA,1761,7136
A2JPWM4HRN3KFE,4,12
A3I60BMR0LN9FC,48,147
A36WOIKI0PDCQW,1,3
A3MRUUVU9V6H5A,12,37
A3VIS4P126GF0F,1,3
A3JRW716H3AX14,1755,7023
ALRXM29R46P1N,1,3
AEJK7N5HLOI5O,12,42
A3M4ZECGQWMMGD,6,18
A3VIIH9ZNJ823H,20,62
A2CD8XBJ8FCYCT,1756,7059
A2LSK2LQW5E8HE,2,6
A2VWPOCSVRPX2L,1769,7295
A16CV2MKACQDUZ,159,492
A3LX3PL8UOHFRV,1,3
A3S57HFC4KR9KY,30,93
A27L5L6I7OSV5B,3,9
A3ODKC9K9BJ8TR,1,3
A17Y6FE1XWX9MG,61,187
A2Q8CVLCHMYDG9,487,1614
AM6KWUMXOVTEF,1828,7659
A2PMKLRMG3HAQ,2,6
A1AUR00XXN76XX,3,9
A1Q8JF7CJ1IFOF,124,375
A3OS5W1YXIL1XH,1,3
A3V16XRJHGI14Z,1,3
A1FGKLI6R6U4YJ,1755,7020
A1GK90G914XV9J,1,3
ABI8DN64JVZ0T,5,15
A205CVP06GX7Y0,67,212
A5EAQL8WHUBP7,40,123
A38FVHZTNQ271F,1,3
ATY6HODKD5DYU,5,16
A33TFMNZET1XWH,9,27
AK2S5MDHUOFYW,1,4
A3L51MT8QKSULJ,1758,7196
A3E8NZ059YY2M3,5,16
AU7EW9TD82T6B,7,21
AVEF9R5F90QMQ,3,9
A1CTFSI5FXMGGU,854,2631
AZUHESRTMF0ON,2,6
A2XZDOWDWSZCXP,1755,7051
A3BXS6I7MXYGIX,2,6
A2Y4H4OORN4PL9,2,6
A3CMR3EQ6NSYEE,1,3
A3KY26GDOQSD8D,1,3
A6NMFKE1I1Z6U,19,58
A365UFD8T6Y3JF,21,63
A2UHECXDMOPM0Y,11,36
AI3GNJ9P18ICM,4,12
A29CXOCJ1KFHH,248,775
A2XPVY532WF5C6,6,18
AMC91DV72CJ13,1,3
AXMYGK3WC8BPP,1,3
AMW6YKSRVIZON,20,60
A3AJEBW4AK4TWB,3,9
A357S42G356TCZ,2,6
A1CKASO7UETHK8,1,3
A2WWN3XBROXYIN,2,6
A8ERBN2RC03D,308,997
A2MUSJFB1T4T5U,1757,7098
A356OIOUQ3L1OB,1757,7134
A25ZMINFQ61NGN,1,3
A2PM3U3S2G9IBW,1,3
A3TGIN181QNTVO,2,7
ANDTEELZMNGYV,2,6
A2G9000ITL19D2,1,3
A1C4KMSWN6GL5G,6,19
ANWL7S70FIA6F,1755,7047
A1BW6F3GAM38XV,5,15
A2JOMFVLL0E1RD,1756,7104
A1RQ4H169DUNM9,3,9
A27ARVJ6VMQ84O,13,39
A3RSUMWT0DQX82,152,456
A3PZ7YO41LH347,64,195
A13OG5LI3FZQDD,2,6
A22CRDULN7GXH9,800,2411
A2U65NLR1UNFHF,7,21
A13C20PV12XLKR,1,3
A1GZ9RDFRNUA0W,6,19
A3UQTNF0CZWF87,876,2720
A34DCXZNVGRGD7,26,78
A6KFBA0SOBYIR,30,92
A1ZBEIL78MLR9Z,5,15
AEBSF73RP20ZE,1,3
A1AFN4T80DZ3RR,2,6
A2AEHNEQA764VB,1756,7070
A2WJTXZO3MW1W8,1,3
A2Y8JW5NSY95OL,35,108
A2C6KU5R8I53BO,2,6
AQ504L4S7L08,12,36
A3FW20WE3W7X13,1755,7020
AJCAVTHZFM0J3,2,6
A3RKTFGPFQ69KK,4,12
ABWX4CEXJ45PC,3,9
A3F16W2LEFWN85,2,6
ABQGCOF08IRE9,1,3
A1M8JN1SKFNIE1,3,9
A2FWZ58M6IQMD7,1,3
A37BTMUV2KNVR0,9,27
A39FQH7X03TLBC,1,3
A38ZXXUMZP6F8E,19,57
A34F6ZXJEW99SR,7,21
A3MLJDODCN65AG,8,24
AOGJD9K1UN63X,4,12
AX6UYZPT61WP2,33,100
A3A8V2LZ1NREE4,1761,7180
A2O9XVFN0HRPBK,1,3
A15IT8B69C19RA,8,24
A2066LTSQ41SJ3,1755,7021
A3SU1JZBMQ5ABZ,1,3
A37YMITEYB3K3Y,1,3
A2S3ALXAUNH9FJ,1,3
A3EEQO8MUXFINX,2,6
A120TWL6P7XFYC,8,24
A1BVB8KUQWKR8R,1,3
A2RIQIP2BEUEIR,1,3
A10E3QH2FQUBLF,1831,7562
A1G5WZLLVEYMAK,1,3
A3MI52IXOKD1XE,21,63
A2D84H1OZ6KZC8,9,27
A2XP1F29W6TIZO,869,2679
A3ST5XH4A32Z8Z,14,42
A306NASGVUDFKF,1755,7026
A118PM0B1PGWDA,5,15
AEN6KDJ3AJDK6,53,166
A3T999OCUQMTDC,1,3
A303039F43KD4E,1,3
ANTHA1CPJZRLO,1,3
A2YLGHDLM93JGW,3,9
AEFGLUXP3Q9IG,13,40
A3QBYM820VKKVK,1755,7026
ALABNEK8ZRNGL,1,3
A37QXF05UN1643,8,24
ACW7BEAOS7FUJ,98,307
A37T74W067OYPB,20,60
A1WTC7BHC0X7NB,16,49
A37CHPKGZXHRNY,5,15
A39FYNPLGRP0CL,13,45
A3UC3YT2E65LZO,1,3
A3Q473P3VQV2IZ,299,943
A19ZWDMHBW3WUU,1,3
A1DXR6XO735K6I,1,3
A20NBZHEXULFLB,2,6
A1Z8KRSWZOZVA2,4,12
A1QJ10LEINDRWW,1,3
AMUM7T5Q8MKCJ,1,3
A29WN426RZ9DA4,1,3
AZ0YD9IDSG1IL,797,2395
ANXXXBS16AK9G,1755,7030
A13I89Z1DZ8M0I,176,532
AUR1P0RJIH3M1,1767,7283
AZ9ILRTC4EXGF,1,3
ARX2O64V4T94O,1,3
AUKVM8TXMBUR5,1,3
AVIMJF71D5YJ1,9,27
A17XBST6O9HW9T,835,2544
AIZTYSA55CQCH,7,21
A21TZDR9GSLATO,1,3
A31QKIF9FM5PM8,14,42
A2FFGSNHYMUNKW,1755,7028
A304HTNLMMXB93,1,3
A1JLOY9EN2FXIK,1755,7025
A21N17GYLQCQ4B,1,3
A1JY2UHLXV0P0,1755,7053
A3DFS9WTSE0FL2,1,3
A1XXMNLOLKNO0I,2,6
A1TARZIZD0DZ4M,1755,7024
AVAMZOUHCX9OX,8,24
A2Q22T3E6MYK39,1,3
A2SO9M9KOOKZEE,5,15
A2AHD6WEBBT0Q6,1774,7291
A1NI3DK4MC52CP,138,417
A2B6VCBFWOFJG1,1,3
A2ICKZFBMHCMUK,4,12
A1RNBK5UQVD47A,1,3
A1W37O9BHHSKZ5,4,12
A2B1NNCR6MW7JA,8,24
A2KNVRALV6T01F,1,3
A3ECCP0PDT0SNI,1783,7332
A16I1LOD6ZB3TM,823,2526
A27P11VFKMMEY0,1755,7074
A3T21RSH74ML76,6,18
A3H20ASUC0SVCP,15,45
A32X93ANWDOJ4S,187,574
A2ZOWM17APIDPV,1755,7091
A2GEFUPULUHLU1,1,3
A1XAA3QDSXK7AD,1,3
A1Z7N2DXQF07XG,2002,8506
A3MSLJPGF9NYTK,1,3
A1QHHS25GI7QAY,7,21
A1FVW47U1G96QV,21,64
A38HY9YF5PI15G,47,150
AQEQTMV5NBBP1,1,3
A1WJVU9KICHFI,82,254
A1OM7A8AGUJ8PB,797,2395
A3MXD6Y9LTZQ4V,1,3
A3VTJMLUSM9EQE,1755,7020
A3KTX46DA8ZDXC,1,3
AHTDK34FT3L1H,3,9
A164BJ2NU1NSJZ,28,88
AUK79PXTAOJP9,8,27
A10XX4NXPLPOEO,106,320
A26SN2CVQM4FKM,474,1563
A28P5LSEY75CYE,2,6
AAJ1MZDR8TEQ7,1,3
A27RG8VZK73ONW,11,34
A2ZL1DKL2JVD9O,10,31
A22VQJ4FJ8ETA,1755,7037
A1IERSJZZ3BGYT,1755,7023
A25CWM6GML9TPL,1,3
ASTJSX5KJCFUG,1,3
A3JEN603VE9FLH,1,3
A2Q7V5CKQFWNGH,1,3
A3DGR5GEWYRJKE,2,6
A1HX1MAMK0P2J8,1,3
A2AD67Z2PNAZ45,13,40
A3345D7L77K15U,6,19
A1OOYK17XC8MV9,13,39
A8M7KY4163LZK,200,621
AR9ZP7XUTPIQ,1755,7066
A15BANH40XH2DL,3,9
A142TP4QF5P2I1,3,9
A3NTAQ473SV08U,1777,7394
AONAP6X51EKR4,21,68
A4QQLOW3LQC6Y,1,3
A2OB3N9ZFBSHHK,1755,7038
A16YEYIEXRMQRN,1755,7173
A1ATOF1F5RI237,1,4
A2HDJN3N0Y1AUT,1,3
A20T3L9VLKGCAL,4,12
AXP872IK97ADV,2,6
AB1F7ZYYZGATA,1755,7022
A2FD5LWT2BXO94,9,27
A1QJPXDGJI5IQC,28,85
A1JIETF7LPFCBJ,21,64
A1V8DR2MR1PFI0,3,9
ACX56BUIRXVTI,978,3039
AXPAIEE0732A9,10,31
A1YYPCOTIB7APA,4,12
A31MC488XRFVVJ,11,33
A79DY7RXJYJ85,1755,7050
A2VE1DXE8IJFQX,18,60
A1VPJT3BHZ9UAS,1898,8037
A30GZDBGNP2366,22,67
A1R2BQ806PSES0,3,10
A2HMZU2K3SAO8T,1,3
A1Z9EMZHIH849F,18,54
AV5OA1XGL6AAU,32,97
A245M6JE6I5B6O,1756,7372
A1G3OIZCMVB0FL,6,18
AS1ZVSX5FA84W,45,142
A3TIS263EUW4V7,6,18
ABFAO09KLTIFL,1,3
A33E9AH1EQT5IG,2,6
A39PJ20IDNCH27,12,37
A6D91KPQGIDKZ,6,18
A2YH2EP523FLEI,1755,7052
A1AP9XV3I1TOBK,1,3
A32U18ZA7LEMKC,21,65
A314B80EKSM07Y,21,66
A36LGWHFP3RUVL,211,658
AUN6OJ31CQ0JV,8,26
A24NIJEOS6IBTA,1,3
AW6FTQQRQ79MA,1,3
A2W4755CAXJ8HX,5,15
A3KUAVMOCGC3IY,2,7
A2VS9AKSIA487A,16,50
A1296A35BGHKR9,1777,7480
A1SCWHXAB2ZK7N,325,1087
A1JEGODK7XLWHP,3,9
AMGLOV6KTU8K5,1,3
AXVZC00WXZP0U,72,218
A1F1C6B24D97CW,57,210
A377CYJXIKBOYE,1,3
AC4S5YV0ZJC72,14,42
A1OE3I02C1X23Q,9,27
A19K7BHJDI8TBE,167,501
AUQ1AP8YX56YR,1,3
APNVTLCFS9GZ3,137,423
A2RPTVPBKW4VPK,4,12
A2EOHFX3N0D3PN,9,28
A1K45HFFFDNP1A,2,6
A3KR9XO6MX9GZJ,2,6
A2EZ80LJMEMJM9,172,533
A2SA3RK7AF1R8G,794,2385
A3CR62QONYZ4R9,1,3
A2YYBUMUWP299G,792,2377
AEUG4DYQZJ64Z,3,9
AAZG92CT7GT63,22,67
AR4QBG907EGYR,58,198
A3UBR469X3HQF9,3,9
A3C8C1YKDMJYMM,1755,7061
A1HCD3D9PQUVUP,1,3
A3C39HNXEDZV0I,5,15
A2JPECIQW26LCX,124,382
A1KS2XOAG1LD24,1755,7066
A1QCKX3XFHS87D,5,15
A1IEUWQJOFCHNH,1863,7795
A1OO81VBUXB4L7,1,3
A2SKKCL34WFDQ5,12,36
AZA7FRF23GZ59,2,6
A2STXHBNXM1B0Z,6,19
A3SUOBECWB7TRQ,1,3
A3TQQGNKKLXBQC,1,3
A11KPE3KW3YPLF,1,3
A2GEK8R4FEXDZU,4,12
A2KA2IISKOI8IJ,1,3
AJ0WSX44T7W72,1,3
A16KT26X2H11DJ,1,3
A9GX14IM1OK6S,2,6
A2LTG1W1QIXE2F,3,9
ACTXPO26424HB,1755,7041
A17N541D142P74,5,15
A1YXMTTSZFR1QG,22,73
ACJUDS23G6XFL,28,91
A152L16G9BSI5I,794,2383
A1FHOW9NVOH8XR,809,2447
A1N9P342OF5MOY,2,6
A1CF9IF5FWYNU0,232,725
A1NGXTQQDL81UN,1823,7614
A2UA5Z9FJTCX8,3,9
A2PVGWKS12SBYL,1,3
A14J18Z9INPLTA,1,3
A2QVQ9KU24107G,1801,7628
A34KTT8CB8PY7V,1756,7150
AR6CJK5HAY3VO,792,2376
A1EBXCRSXE9H8P,1,3
A3HDG7EW6R0HYN,828,2519
AZEQQY4DTI07E,3,9
A29HQFVJA740QI,1755,7031
A2KRDGHZQ55NYE,1755,7110
A1S7B5FHHMF4NP,1764,7166
ADP33IFGFSL6,35,116
A3R0F7O1NAF2P3,804,2424
A2AB9U2VZP8NLP,80,240
A3Q73ASZLHEYV7,794,2388
A1KQD6S7LNZT18,1,3
A2QEMIF62HQLMP,1,3
A3RAOVTJW2UCKS,3,9
A2DRZ7B2G4VDSU,2,6
A1KVZAWIQ714CZ,1,3
A3QQBA37HHOO18,30,90
A2MK5QBEWG4Z0B,866,2678
AGJQULFSOFOJU,39,118
A28DIGD2YJCWXZ,10,33
A1D7UD94HZFFWB,3,9
AJ9XI67LQVPMY,15,46
A2A5X3E2184P3V,82,253
A29QSKNQ7X808J,2,6
ABR4EXO44Y338,175,527
AFGGKP5G6LEHN,1,3
A2T305UHZJ21L1,2,6
AQEI3ZB3MFCGF,1755,7071
A3OK031UXKWRC8,32,97
A15Z0O72SSOAX1,40,128
A3ICTYEEW3YCMG,3,9
A2UJXO65GGFKEV,32,97
A1OWS2HV7M9QFR,1,3
A1JH86HX6K2CVN,1,3
A30L5FEKPFYEB0,1,3
A12H5NU4NG1GNW,5,15
A1SFGL8Y5PBUQK,5,15
A153M27UQ5YCYI,2,6
A1L3E5VFGKE9NI,2,6
A2HWUC980HM1NP,845,2597
A11X3Z80Z57FM1,2,6
A20N363LNX2CWJ,165,499
A34KC9EY3ZQ5T8,1760,7144
A1VL5WBUVC8GB6,12,36
A10XHRYW43GDZ,2,6
ACP8IZY0RS49F,4,13
A30QUD27XQL4W,1755,7027
A9YJ29OOLWQ59,1,3
AQZRBU1UWMYED,6,18
A1V9XND3MMO677,854,2631
A37A8FHCCXC1JI,36,109
A1BMZQAFGGDUBI,834,2615
A3K7KPOHESYRSD,1755,7036
A27EYU73ZZGCJ1,6,18
A29H86KCH7048E,12,36
A3S1WRN0YAAA9S,1767,7289
A21BEV3A7G5XI7,3,9
A35SUR4ZZ5JW14,1755,7033
AVCRHENDM23EN,10,31
A1WVH3A174ZW3Y,67,202
A3O9G8QBSPYPRR,4,12
A337Q3MSK8R040,3,9
ABAVS401ADLUC,27,85
A2QIMFHOJEEYYT,2,6
A3SERMYP1FB0F3,1,3
AJ9NG7BUAJJAL,1,3
A1NJNR8PQP8ON3,9,27
A3BPAHB650JW8H,2,6
A107MZDLLUULAS,4,12
AWCPM6H11G087,1,3
AJM1PHPJ4UWRE,27,85
A15YE9AKU4EDYH,27,81
A38RE7UP8VSDHN,833,2536
A2JTO9GUIJFWC6,5,15
AXJEIGMPDXRU4,1755,7030
A1I4SO3URQ6O5O,1,3
A3MW5YXP5RSEHU,21,66
A2PYYIF3HHAFM1,16,49
A10IKLDA8TQ66D,27,81
AWDA5KS43MKEQ,61,189
A3NMQFWLXPP8EV,4,12
A3I8THNAIDAPFI,20,60
A2AZE7FBHNSXGK,2,6
A2GQMRR2CCD78W,1757,7212
AXIJQPZCJN6XY,975,3141
AYBNCODAFI2WQ,1,3
A24OFZF6POQRDK,4,12
A2T2KNML9YNFHM,2,6
A13NWJUMVNS6YZ,1,3
A284WNP6L4M0BP,1929,8142
A195I2STIU910H,2,6
A3CQK4646TYBR4,117,354
A3D17O7P21T45T,2,6
A3M4NX61D386S1,10,30
ANN82XQAPE4ID,1,3
A3FM8JYFXH4JIB,13,39
A1GFMVRIV80HKJ,1755,7067
A2SUH910SGH2R4,1755,7026
A1DY5GMRHJKHGW,1755,7025
A3PLVOOFXPLC3V,15,45
A300OTG2EKT4L5,30,92
AG0FJQQSJJ8F,2,6
A2VA5FH7MDEHVA,185,563
ASKJZADZ0XB1F,1760,7089
A1IE4SLQ0VM53U,17,51
ATGX4CBM8YP5R,1,3
A19EHPFIMN4L4H,88,266
AAZTZKXGOFTIJ,1,3
A8AB1T6Y5JWB0,1,3
A24BIN8W2RM9Y3,1,3
A102MK78XH84JN,14,42
A39W0UH2F3QK3I,4,13
A3FZVDVUWZFX4R,3,9
A15Z0OF1PUK405,152,481
ANHHRSSK62JEG,927,2929
A2AJKYCZ1WC4UP,882,2750
A2OHUJZU3ZU6KU,10,32
A2PUKNWZ7SOU65,72,216
A3D3H9HM3BRE03,30,90
AAM3AFNKKXUDP,3,10
A2TB3K1Z2YG1O4,1755,7023
A2Q6PJXZVSJL58,79,241
A28KSL2KUN7XAX,2,6
A2VIAHUOFK4FVM,7,21
A28MHD2DDY6DXB,1755,7031
AN7RT2R1O0W7V,1,3
A2D9K8GXNX33PP,1,3
A2VPN54YKRUGYW,3,12
A23ENRGQGU5NII,1,3
ANR8UPZNQ7KLA,1,3
A20E8FIY25OATV,17,51
A12SSZIN555FTL,152,469
A3NK6WKA7GKRZS,8,25
A1N2XBDY54S1ZO,4,12
AAIM101HMMKQA,1756,7084
A1FKZMR9GIMLQN,3,9
ASIQY7LZAND2S,1,3
A2I3IQBMSV72ET,7,21
A2PM2MFILSNPMX,156,470
A1YM0QC1E54FBG,2,6
A25QPZOMZTFFV8,12,40
A31NXU9XLMGF0Q,39,119
AU053TUU6FQO7,5,16
AMP0Z3DR4RCH7,1197,3875
A1GQCRYN47L2DA,2,6
A2IUL3RT7H3ELE,1,3
A27VG7NXSXPL14,1,3
A2EYUV8KF9K748,59,188
A3PZ6ERLB3YCO8,1,3
AXH93RN8GZ48D,55,167
A21BUZUEH88ZTY,1,3
A2MSJDY62OBBVU,2,6
A1VEGHXI0Q61XA,32,97
A9NJJN9LYNOUK,1,3
A13PQV4SQW1IW2,19,57
A1936JW1WD82XB,45,137
A3E3WF07MCHKEC,4,12
A12J7KCEVA2KND,186,578
A15PLC5JK1010C,143,509
A2KXRY4FCYR6OU,804,2428
A3JQQXDTVXT5O0,9,29
A1VMDYBJRZ0M12,1,3
A2WMQZNDAUTD4U,1755,7100
A2Y94UIVDDZNP0,14,42
A31950YH6PNDI6,3,9
A17RJOIEGF8S1I,1,3
A2CNTQ1DS7D8NM,100,301
A321IAU0EFMEKJ,3,9
AQO1PT97KTVB0,2,6
A2K0W3VF6J6CN,1,3
ACOLU7UC7HLHW,7,26
A2MPWRITZXNCC4,1,3
A2ER327BNABIWC,9,29
A2UI8SDC8S4W9H,17,53
A1CVZLT21VW9M,1,3
A320YH0JJX0GL7,1755,7020
A2P69PK4952482,13,41
A1PYNG14WH8QXJ,842,2603
A2OBDNQ5ZYU1L8,13,43
A1SX6LK1AAK8GP,1,3
ACJ4DQK1YWBHH,1,3
AKEY11DVHHONQ,9,27
A2M5HEWAE2YU4J,55,167
A394EV5IJ4C5VK,1755,7024
A1GASKVCIXJPOS,203,632
AROT4CZU04VXV,125,381
A1GCEPLE484864,1755,7021
A2HYU71TCIDXBR,99,305
AKPYS9VSM3LNX,1,3
ALA9EIJ7G1SCF,5,15
A22YR7Z0WMRN5H,6,18
A1G2DLOL72UU93,21,63
A1DIQJ3P9WLHFS,26,83
A3FNO1X4ES592U,2,6
